tenure_months,monthly_usage,support_tickets,plan,churn
28,54.949049040565505,1,basic,0
31,64.20587954416199,2,pro,0
45,36.98573949503439,3,basic,0
57,45.41800663538175,1,basic,0
3,34.364560215484644,0,pro,0
9,67.89501905597582,0,basic,0
49,0.0,0,enterprise,0
56,30.575881276940336,1,enterprise,0
15,11.260147469938097,3,basic,0
19,53.76793211268537,0,enterprise,0
52,75.98437110766135,0,basic,0
25,73.83154542781648,0,basic,0
17,63.36302055176949,1,basic,0
49,54.96452768388717,0,pro,0
16,34.67876600446427,0,enterprise,0
25,74.36825836607997,1,enterprise,0
38,62.46628257234328,0,enterprise,0
33,33.113884866587085,4,pro,1
6,24.408706505923,0,pro,0
2,37.42648171759818,2,basic,1
52,71.63626011625145,2,enterprise,0
45,75.01720663654129,2,basic,0
50,82.31591027306484,0,basic,0
32,34.491549765341865,2,basic,0
49,42.802870022401926,0,basic,0
20,77.6540825305309,1,enterprise,0
27,54.40110309883919,1,enterprise,0
47,65.28442392997661,0,enterprise,0
8,23.581054084974067,1,basic,0
18,42.612159850486044,2,basic,0
8,49.684220351833304,3,pro,0
27,42.921676587920146,0,basic,0
58,41.72538660709941,0,basic,0
8,17.35319917315993,1,pro,0
23,82.6220834009824,0,basic,0
24,52.97970596552844,2,basic,0
54,20.9338841777016,2,basic,0
13,71.61507204463214,2,pro,0
30,51.44867986293882,0,basic,0
16,64.476441160534,1,pro,0
2,46.31675709063942,0,pro,0
45,34.54069308835183,1,enterprise,0
4,35.052998541794835,1,basic,0
17,57.120625815313126,1,enterprise,0
30,65.76383237029235,2,basic,0
29,60.08246967204754,1,pro,0
7,63.21613416833783,2,basic,0
58,74.39831716483367,1,pro,0
45,56.11256697762459,0,basic,0
57,70.48226864310186,0,enterprise,0
6,72.5895223770604,1,pro,0
43,56.33247072455816,2,enterprise,0
18,48.99990979811003,0,enterprise,0
32,41.86216938502533,0,basic,0
55,26.529351134126724,1,basic,0
17,19.476551837210792,0,basic,0
43,76.91195881663884,0,basic,0
10,50.41922860598665,0,enterprise,0
20,39.7364393743433,3,pro,0
58,82.28602472509954,1,pro,0
25,70.18703743479145,0,basic,0
31,51.98104381321859,2,basic,0
18,70.92927696399252,3,basic,0
7,47.043163629274524,3,enterprise,0
26,58.07243833300735,0,basic,0
37,87.34272605652896,0,basic,0
27,72.13093957996998,2,pro,0
46,45.513253254661265,0,enterprise,0
22,64.89071074427719,0,basic,0
37,74.68486735789818,0,basic,0
46,48.73525522645375,1,enterprise,0
55,42.77401848160498,1,basic,0
26,88.68863180300539,1,pro,0
3,45.31407214898484,2,pro,0
43,24.905345085454293,0,basic,0
32,54.24252671132572,4,pro,0
52,97.25349580658391,2,pro,0
28,64.2008092011083,0,basic,0
22,70.88034673757059,0,basic,0
4,8.48964406659367,1,pro,0
27,40.926470232105885,0,pro,0
38,76.23683223745066,2,pro,0
46,44.145748397843434,0,pro,0
51,78.63629402558158,1,pro,0
13,61.91252605648027,0,basic,0
35,60.37832743901015,1,enterprise,0
48,86.11201188326274,0,enterprise,0
16,42.471170656350196,3,basic,0
21,43.21534276519269,0,pro,0
50,54.7477129829105,2,basic,0
35,57.024589019684626,0,pro,0
31,18.712112930400654,0,pro,0
40,77.2651157564799,2,pro,0
31,57.256611905885094,1,basic,0
58,49.37450509026708,1,enterprise,0
45,65.12695838153564,0,basic,0
4,44.788511993482665,0,pro,0
9,76.87173318906784,1,basic,1
33,54.028366251311404,2,enterprise,0
49,67.15904901772427,1,pro,0
5,35.008980227744324,1,enterprise,0
41,47.16887166023574,1,pro,0
45,60.150943365831836,0,pro,0
47,33.78561995163177,2,pro,0
52,39.4771267041679,0,basic,0
12,51.604163597923296,0,basic,0
33,74.88166150450738,2,enterprise,0
48,67.83706268859943,0,pro,0
22,70.68350019616432,2,basic,0
12,58.65703291728408,1,basic,0
29,70.61174212747956,3,basic,0
5,83.37403377852085,0,pro,0
13,55.912817878035035,0,enterprise,0
51,61.24434356308472,0,basic,0
40,64.20152077632243,1,pro,0
51,12.479520741714921,2,basic,0
50,50.503342901028866,0,enterprise,0
52,60.833300742837615,1,basic,0
19,67.53571860020037,0,basic,0
28,46.01933594127295,2,enterprise,0
37,71.92520458517134,2,basic,0
17,39.60201777087352,0,enterprise,0
55,48.85510154937394,3,basic,1
1,86.0140081750634,0,basic,0
50,25.32403162035498,1,enterprise,0
39,50.71119113517926,0,enterprise,0
15,49.29354625701597,2,basic,0
43,50.39620033098942,1,basic,0
25,41.49274601282731,1,basic,0
50,65.10883996886807,0,basic,0
59,30.683892917044727,4,basic,1
17,25.625324421579165,1,basic,0
28,61.593847449293435,0,pro,0
13,28.116588074374192,0,enterprise,0
41,59.395897126003455,2,basic,0
38,52.295078303552096,0,pro,0
50,38.121493101999945,1,pro,0
48,44.89714448992646,1,pro,0
58,49.772287658995545,0,basic,0
57,60.6806435098651,0,enterprise,0
53,39.02853405143921,0,basic,0
9,47.41960646643606,2,pro,0
3,22.943139880320103,3,enterprise,0
29,46.03790441803977,1,pro,0
21,13.133639508905958,1,basic,0
53,50.50272617215529,0,basic,0
48,42.2660113380135,3,pro,0
25,93.14384645908112,1,pro,0
34,76.94455615785765,1,pro,0
35,48.22130792463172,0,pro,0
53,70.12522056637947,0,basic,0
2,56.79940227711236,0,basic,0
29,28.149252127172062,0,basic,0
40,2.5864700542662575,0,basic,0
27,73.14959954167425,0,pro,0
55,58.73467855323161,3,pro,0
57,11.833039794481074,2,basic,0
49,63.60480367428124,1,pro,0
28,69.0994483055379,0,pro,0
53,37.1534591158402,2,basic,0
5,66.57422649224645,0,enterprise,0
39,16.379580781904693,0,basic,0
16,46.36021752700323,1,pro,0
15,51.4195433453463,0,basic,0
41,66.3312960583892,1,basic,0
46,58.64333634847434,2,pro,0
53,55.1081450915832,0,basic,0
13,61.75638287076647,0,pro,0
52,37.56004994136628,3,pro,0
50,80.17659536010585,0,enterprise,0
19,43.80123429578394,3,enterprise,1
4,66.46736742080532,1,basic,0
46,50.50700061243997,0,pro,0
49,45.65118533769135,0,basic,0
28,62.27020640858639,2,basic,0
10,59.477298449942815,1,pro,0
9,77.40286379091214,0,pro,0
23,72.01828697528558,0,pro,0
45,39.19509308003969,2,enterprise,0
19,60.560171437835464,0,basic,0
2,52.58469038169477,0,basic,0
41,34.63368593415109,2,enterprise,0
44,28.536954586258048,1,pro,0
11,55.62515144835303,1,pro,0
34,39.83208737548032,2,basic,0
24,22.795899072763216,1,pro,0
30,48.62208721540551,1,pro,0
1,54.92813256253399,1,basic,0
38,52.48925671691583,0,pro,0
16,26.405380014583656,1,pro,0
33,38.89187011982903,0,basic,0
25,77.83976428415897,1,pro,0
36,35.07192484906393,3,pro,0
7,43.918579958732195,2,pro,0
22,96.52554936247425,2,basic,0
38,57.39268809063966,0,enterprise,0
46,40.3743647301544,0,pro,0
23,11.518645208703212,2,basic,0
2,56.54818757633225,1,pro,0
43,22.581485127595116,1,basic,0
30,49.83153326097059,2,enterprise,0
39,32.98868673456491,1,basic,0
10,16.835183528918904,1,pro,0
26,83.32575851617773,0,basic,0
53,48.132680683724764,2,basic,0
52,68.6175576289761,0,basic,0
19,64.99752299273925,0,pro,0
38,35.597718044736645,1,basic,0
5,51.96668862844202,0,basic,1
48,43.03673286372174,0,pro,0
16,69.44422360856763,1,enterprise,0
21,58.75923643150945,1,enterprise,0
57,43.049883340781115,0,enterprise,0
33,,0,enterprise,0
52,60.49328430987187,3,basic,0
12,59.3474523266576,0,pro,0
45,34.4490697540108,2,pro,0
59,58.24503538168438,1,basic,0
5,20.801027293622706,1,basic,0
15,59.32858647311617,0,basic,0
9,31.378444986984494,2,basic,0
16,53.7454372260937,1,basic,0
19,44.52510698470608,2,basic,0
5,54.636217235359396,1,basic,0
53,57.21003239252465,4,basic,0
16,48.89509818396515,1,enterprise,0
55,48.91475626471241,4,pro,0
46,20.2639623404526,1,enterprise,0
11,12.041661685140227,0,basic,0
42,75.23178127408947,0,pro,0
46,61.47967387227797,0,basic,0
8,20.417011798442687,0,pro,0
8,88.18407759089439,1,basic,0
23,35.712085085365715,0,pro,0
5,60.21925129093722,1,basic,0
25,58.50461819975962,1,basic,0
29,52.171120344886184,0,basic,0
40,,0,basic,0
34,22.521587930266598,2,basic,0
27,49.27718752980013,3,pro,0
13,44.918905953665,1,pro,0
35,51.75126444764314,1,basic,0
27,44.51645935916626,0,enterprise,0
50,37.158734691536495,1,pro,0
42,35.376696732672514,2,enterprise,0
43,67.69351187739184,0,enterprise,0
34,,1,pro,0
22,57.24920608514585,2,enterprise,0
17,56.99763144286474,1,pro,0
27,48.04201021287859,1,enterprise,0
34,58.467405115881164,1,pro,0
22,60.84175140383341,0,basic,0
9,39.35689294027301,1,enterprise,0
7,56.72330730927559,1,basic,0
3,88.11106384778175,0,basic,0
12,28.581814867148616,0,enterprise,0
25,43.95182128790748,1,basic,0
17,34.66140742526812,1,basic,0
11,89.7002264116962,1,basic,0
19,21.9442504446695,1,enterprise,1
43,50.14167283756722,1,enterprise,0
19,68.5827860185946,0,basic,0
55,32.63600959963134,1,basic,0
35,47.279754468317236,0,basic,0
9,35.76062280402042,0,pro,0
58,23.19141070273322,0,basic,0
53,48.579170513980216,1,basic,0
46,59.863901403802174,1,enterprise,0
10,42.03167332248451,2,basic,0
47,53.26237075278632,0,pro,0
42,63.645953640218714,1,basic,0
45,73.84775086588105,2,pro,0
43,25.308782675647254,3,enterprise,0
36,62.225083580758394,1,pro,0
21,37.57493839622502,0,basic,0
55,12.318209564868603,0,basic,0
58,34.44036739822825,1,basic,0
41,62.79841270157855,2,basic,0
22,56.12518555923876,1,basic,0
30,28.068332727121327,0,basic,0
34,82.0840479657492,0,pro,0
5,58.03905472080624,1,pro,0
6,,0,basic,0
29,39.16081453941636,3,pro,0
34,58.329765510021275,1,basic,0
13,42.24485228266014,0,basic,0
16,72.64741675998337,2,enterprise,0
8,56.25215496511457,4,basic,0
55,62.27272890850371,3,enterprise,0
30,43.88416873772401,1,pro,0
17,20.500314586053978,1,enterprise,0
47,60.51977323982979,0,pro,0
57,29.85634050416315,0,pro,0
18,47.87607798950337,2,basic,0
53,49.71661984540512,0,enterprise,0
46,34.41850105588067,2,enterprise,0
47,67.73256411829323,3,pro,0
32,21.510292081423827,2,pro,0
54,79.73118985670865,1,basic,0
9,38.2201667683744,2,pro,0
6,69.20610624747388,1,enterprise,0
57,75.7684317546281,1,basic,0
29,32.812876407117685,1,basic,0
24,35.33584840429509,3,pro,0
44,68.72574674531073,2,basic,0
18,53.7172433092021,0,basic,0
38,51.64068840314674,2,basic,0
50,13.561377368401708,1,pro,0
48,17.289176833604195,4,enterprise,1
8,60.695529479300205,0,pro,0
58,78.56469184607903,2,pro,0
44,35.88464792795017,1,basic,0
42,32.780421430355254,0,basic,0
12,54.16408809021386,1,pro,0
55,59.23764834418989,2,enterprise,0
24,61.19273903253104,2,basic,0
56,41.240396044545115,3,basic,0
14,11.301490054237334,1,basic,0
6,79.0056089797884,3,enterprise,0
50,40.12387904265006,0,pro,1
35,74.98932756873428,0,basic,0
24,10.423281347644611,2,pro,0
58,57.381559823096296,0,pro,0
58,40.06192845615806,3,enterprise,0
1,28.42703485619118,3,pro,0
37,69.29596561947615,1,enterprise,0
48,75.6663467766208,1,basic,0
41,38.35239976551948,0,enterprise,0
36,62.85573483849522,1,basic,0
31,28.649488227548737,1,pro,0
32,37.715942413266156,1,basic,0
19,45.127676684813316,0,pro,0
9,43.0998128408946,0,basic,0
24,62.68550671414117,0,pro,0
42,26.033451127391448,0,pro,0
56,69.23156269709588,0,pro,0
57,69.19677112529818,1,pro,0
12,45.67746437694627,1,basic,0
2,26.487769794204862,0,basic,0
59,,1,basic,0
40,48.74870375895442,1,basic,1
45,35.78376959714626,1,pro,0
49,52.03327322048675,1,basic,0
22,29.05409612025874,2,basic,0
52,50.05290862370952,2,pro,0
38,48.778821760686924,2,enterprise,0
38,50.22318709503316,2,pro,0
23,55.66555184450582,4,basic,0
21,55.78888232847038,1,enterprise,0
23,69.23825523490186,1,basic,0
43,34.475079242424,0,basic,0
30,64.28060655213761,1,pro,0
2,53.189885796010145,0,basic,0
1,41.73312199177402,2,pro,0
12,30.28325219937125,0,basic,0
30,78.91114382090853,1,pro,0
36,54.76576131166401,0,basic,0
58,39.802439185555,3,pro,1
46,51.47589791744391,1,pro,0
17,50.13511566213008,1,pro,0
31,39.69095390931651,3,basic,0
45,22.74607922471369,0,enterprise,0
53,53.07854106391926,0,basic,0
27,46.82697591556549,2,pro,0
43,44.47335649430076,0,pro,0
13,69.54256307050326,0,basic,0
28,24.091943326717768,0,pro,0
54,31.184282389578847,1,basic,0
23,53.24269936394697,1,basic,0
1,66.55346646881263,0,pro,0
47,62.162780031523454,1,basic,0
18,64.45721385627303,1,pro,0
26,6.574513954041905,0,basic,0
59,59.89096809837905,0,basic,0
23,58.32509038986323,2,basic,0
16,63.590477703099076,3,enterprise,0
14,36.490026348315745,2,basic,0
51,60.17047053834191,3,enterprise,0
13,69.91682679695732,1,basic,0
36,81.84330960400428,1,basic,0
14,55.12274073533507,1,enterprise,0
48,23.837921977656325,2,basic,0
43,51.21377137180216,1,basic,0
38,62.87572509841215,0,basic,0
26,60.286719461259835,1,basic,0
22,87.98428958253913,1,pro,0
57,46.185631005330656,1,basic,0
45,30.036538241053176,0,pro,0
24,37.58780575943073,0,pro,0
2,63.145216287803976,1,basic,0
8,34.329591869087636,1,basic,0
27,29.57958879529963,1,pro,0
28,33.64731998398639,2,enterprise,0
22,74.06670991452508,1,pro,0
59,54.881721080104114,3,basic,0
29,43.538023708715436,1,enterprise,0
47,66.97423483648913,1,basic,0
8,63.773126855990945,3,basic,0
23,30.936955378759347,0,pro,0
14,66.62450046590003,1,basic,0
9,55.020279479156024,1,enterprise,0
34,9.466121084594626,1,enterprise,0
9,26.774475786321474,1,basic,0
23,55.378596342509155,1,pro,0
41,59.83531132941418,1,basic,0
47,44.561926506836926,2,basic,0
34,30.51525846102856,0,pro,0
36,55.15383538961449,3,enterprise,0
18,14.096246722539561,2,pro,0
51,61.263932967504815,1,basic,0
11,47.29140788141846,2,basic,1
44,49.74410413128503,2,basic,0
6,37.417953707332245,1,pro,0
36,66.6934978650992,0,basic,0
15,4.263736895459601,1,basic,0
17,33.17569142390751,1,pro,0
21,61.76992252619925,0,basic,0
47,36.44254211583247,1,enterprise,0
47,79.25168442764364,1,enterprise,0
15,58.775380602691996,0,basic,0
32,35.30358167920111,1,pro,0
5,72.338670979673,0,pro,0
53,48.65867757725798,2,basic,0
57,62.01774012087422,1,pro,0
22,38.37104736592569,0,pro,0
32,38.71615631476632,1,enterprise,0
32,64.64413631537164,0,enterprise,0
46,52.63270974017958,2,basic,0
5,35.727152852154155,0,pro,0
32,33.32282755433832,1,pro,0
50,63.55706302794208,1,pro,0
37,85.53125329735673,2,basic,0
33,34.21316352712071,1,basic,0
2,64.23189151739783,0,basic,0
55,0.0,1,basic,0
12,23.4494392153182,2,pro,0
21,64.22112834072294,0,pro,0
40,82.26756003479821,1,enterprise,0
28,52.135040645626994,2,pro,0
34,61.69018398032701,0,basic,0
35,56.0503208641924,0,basic,0
10,70.86217949574909,1,basic,0
1,29.54098665201759,0,basic,0
57,63.52156102487588,1,enterprise,0
48,42.39149805942037,0,basic,0
10,,0,enterprise,0
40,50.88380450572388,0,pro,0
31,46.924275690297264,1,pro,0
44,35.81426188351589,0,pro,0
9,45.94312561441851,2,pro,0
42,32.30574748134659,0,basic,0
43,80.25563730804723,0,basic,0
59,64.8259691290711,0,basic,0
17,42.84045337257192,0,basic,0
26,82.42977855444258,1,basic,0
8,76.42051796804172,2,basic,0
1,60.66001200956973,0,enterprise,0
3,40.46717792915112,2,basic,0
27,56.12713742710502,2,pro,0
11,62.33996727433634,1,basic,0
44,78.4960407520561,2,enterprise,0
12,47.482339249722614,0,basic,0
37,39.85352223060305,1,pro,0
32,96.34358954355292,0,pro,0
20,78.46514455213722,0,pro,0
27,,2,pro,0
59,32.86976215062358,4,pro,0
57,60.68023960609882,0,basic,0
17,73.1483044640666,0,basic,0
57,65.97167569559423,0,enterprise,0
13,67.33973728593638,1,basic,0
47,51.90893721084597,2,pro,0
21,73.5357006049779,1,basic,0
40,39.120603515861674,2,pro,0
39,,4,basic,1
50,41.150112530353425,0,basic,0
23,38.273187949568744,0,basic,0
56,89.57105968815611,3,enterprise,0
52,17.514292053936316,1,pro,0
2,55.6791689371961,1,pro,0
6,31.49963635686354,1,pro,1
7,26.37500251954101,3,pro,0
39,52.950186557020004,0,basic,0
22,19.953799275789397,1,basic,0
10,49.13016201836795,1,pro,0
6,96.31971318016261,1,basic,0
55,48.69220708118108,2,pro,0
36,59.942905589401875,1,basic,0
2,34.04679465100269,1,basic,0
16,60.406140735215686,0,pro,0
39,21.301282426053806,1,basic,0
16,54.5934857625766,2,enterprise,0
46,48.256388226024654,0,pro,0
18,93.7313225897209,0,basic,0
38,48.94063405620001,0,basic,0
6,43.413866008703394,1,pro,0
48,39.45781648228261,2,pro,0
44,26.735286138354756,2,basic,0
32,65.75082494808238,3,basic,0
39,79.23264177549885,0,enterprise,0
4,43.05496846828419,0,basic,0
36,64.52079022906105,3,basic,0
27,43.35965382480432,1,pro,0
3,58.37094706600502,2,basic,0
2,59.487018191344674,0,pro,0
26,21.899524356361198,1,pro,0
43,34.99123868622229,0,pro,0
41,68.92830587787087,2,enterprise,1
11,12.413221948014964,1,basic,0
10,50.43586567785868,2,pro,1
15,43.442059417651826,0,basic,0
23,31.799882784704288,1,basic,0
9,51.252350267787854,1,basic,0
2,56.37823783739195,1,pro,0
22,60.97373052985638,1,basic,0
5,0.0,0,pro,0
12,83.67411268713713,0,pro,0
13,40.714861697105576,0,pro,0
23,70.98151672094473,0,pro,0
25,47.78305326972046,1,enterprise,0
4,38.60993644802024,1,basic,0
28,48.906220269849314,1,pro,0
54,113.42093184691862,4,enterprise,0
53,81.40367360258028,1,basic,0
9,43.246771572043684,1,basic,0
19,54.69147647191927,1,pro,0
39,72.55194819371475,0,basic,0
2,61.73920263123682,0,pro,1
34,51.82285095646468,1,pro,0
49,46.38136655839562,0,basic,0
47,28.63665479159328,0,basic,0
4,65.11984783041133,0,basic,0
17,72.13123167932736,1,pro,0
6,94.67519026279625,1,pro,0
30,39.1968772905406,0,pro,0
57,63.100664358422776,0,enterprise,0
48,49.450298910501346,1,basic,0
45,75.19933098557051,1,basic,0
45,48.11798008800232,1,enterprise,0
20,37.14089585129575,2,basic,0
58,16.30959452505835,1,basic,0
8,64.36999467230746,2,basic,0
9,53.29071524579722,3,basic,0
23,72.54386784787421,0,basic,0
28,39.073400216526835,1,basic,0
21,101.92438236614721,1,enterprise,0
28,35.92366043073037,0,basic,0
52,60.337732048700644,1,pro,0
28,58.375418566017224,2,basic,0
25,72.14745365145612,2,basic,0
38,46.77256214540072,0,basic,0
5,31.741149250133603,1,basic,0
53,30.31395708456575,1,pro,0
55,66.34284656908338,3,enterprise,0
2,52.14919728335674,0,enterprise,0
37,56.92377880595581,0,pro,0
59,33.745699085167836,0,basic,0
7,52.8239490737967,0,basic,0
9,54.38178080257333,1,basic,0
7,62.33331032967634,2,pro,0
55,20.767720014079757,0,pro,0
28,34.65605200891562,0,basic,0
57,84.58406217850005,0,enterprise,0
6,42.14097356704073,0,basic,0
41,48.32148081888277,0,basic,0
38,42.03231258425818,0,basic,0
32,20.065586874079475,0,enterprise,0
37,28.485596979051586,1,pro,0
8,57.41407012399645,2,basic,0
2,36.55833475528704,0,basic,0
37,90.54270025810722,2,basic,0
48,20.03634446597843,2,basic,0
54,11.152941204292198,2,basic,0
47,42.16065205955353,1,pro,0
28,25.808993829552556,1,enterprise,0
55,77.61326004736563,1,pro,0
2,41.475534081488604,1,basic,0
40,60.32709943942692,2,basic,0
31,21.62898728167583,0,basic,0
41,63.214016723620745,0,basic,0
52,62.67166085233696,1,basic,1
10,74.66751044621961,2,basic,0
46,54.2618362944079,3,basic,0
2,60.19076639490575,0,pro,0
28,53.18956346209855,2,basic,0
4,68.33238753044805,2,basic,0
15,41.58476066116111,1,basic,0
57,60.724171266499454,1,pro,0
25,38.44251837078313,1,basic,0
39,63.951162065632204,0,basic,0
57,44.274283455785714,0,pro,0
56,36.8168132706779,3,basic,0
6,36.23649892389796,0,enterprise,0
21,79.22519527263222,2,enterprise,0
59,18.64103468505232,0,basic,0
45,20.144009764244704,1,basic,0
25,62.538080015888696,0,basic,0
4,29.87578917145601,0,basic,0
39,,3,basic,0
10,39.923667680083184,0,basic,0
54,95.3864100131639,1,pro,0
17,36.333940998543795,1,basic,0
27,35.35302780871592,0,enterprise,0
33,42.013538499589274,0,basic,0
29,54.43839246494805,3,basic,0
33,59.82726317010045,1,basic,0
48,20.39957503509847,0,basic,0
30,58.77059241386708,1,basic,0
20,88.92391724906338,3,enterprise,0
26,14.119710009254653,2,enterprise,0
47,61.39334559755122,1,pro,0
34,65.26783654774613,2,basic,0
28,52.97626922726331,0,basic,0
58,45.9690219108725,0,basic,0
15,2.783025148911058,2,basic,1
28,73.88609254122966,2,basic,0
57,43.399995196823085,2,pro,0
50,45.764228322812315,1,basic,0
34,74.43723359422081,1,pro,0
4,3.0790928242108606,0,basic,0
33,48.52375109932519,2,basic,0
23,61.8088835335429,0,pro,0
58,64.28891640248852,3,basic,0
34,62.07402706583686,1,pro,0
34,90.68596501694148,0,basic,0
37,55.575161053388015,2,pro,0
25,70.27908968591146,0,pro,0
15,65.36350142778844,0,basic,0
31,20.307050375913846,0,pro,0
24,34.57530313452878,1,basic,0
49,91.61126037205996,1,pro,0
56,44.52019404105334,1,pro,0
28,48.636209254829026,1,pro,0
39,23.630533125323552,1,enterprise,0
12,43.11467047030942,2,basic,0
35,23.713455695744926,1,pro,0
10,37.800490919237205,1,basic,0
4,61.05397285153113,4,basic,0
13,33.36032536456743,0,basic,0
4,37.68857351079534,1,enterprise,0
51,76.74331632235621,0,basic,0
13,59.392079458020206,2,enterprise,0
54,60.30599126042703,1,pro,0
9,69.87538970743803,1,basic,0
40,38.96187620019067,2,enterprise,1
59,42.176285207914006,2,basic,0
7,8.813355879853376,1,pro,1
1,64.65416074299071,1,basic,0
17,45.84187688558323,1,basic,0
22,49.89862463842128,1,basic,0
29,28.184467547932947,1,pro,0
4,62.38195660784154,0,basic,0
5,62.51588744675941,1,basic,0
38,53.616744280631316,0,pro,0
6,18.204536443031103,0,basic,0
3,33.13684965091676,0,basic,1
23,49.297610045029984,1,basic,0
5,33.24551127194548,1,basic,0
9,,2,basic,1
5,70.10901021065101,0,pro,0
29,34.88213332476728,0,enterprise,0
17,46.36554974485042,0,pro,0
50,36.28719040534055,1,basic,0
35,70.61748637827735,1,basic,0
20,67.93105845669379,3,pro,0
48,103.23210043416128,5,pro,0
12,50.14234487347046,0,basic,0
16,31.319664068203576,0,pro,0
9,58.19244579401108,3,pro,0
17,45.35216279662543,4,pro,0
25,53.824625798135216,1,basic,0
49,74.88080259272648,1,basic,0
22,44.30856651440174,0,basic,1
45,64.46586131531907,1,enterprise,0
50,7.680054728389926,1,pro,0
8,71.18409918781363,3,basic,0
43,52.71518846515729,1,pro,0
48,45.24972521562996,2,basic,0
21,40.04093665745947,1,pro,0
50,78.38673233371823,0,pro,0
48,39.9356918179603,1,basic,0
11,75.43639148957428,0,pro,0
10,39.94704071523978,2,basic,0
37,51.02289593157727,1,basic,0
25,57.22041175356414,1,basic,0
12,90.62185044989138,2,enterprise,0
58,55.13154440744911,2,basic,0
15,54.894029658934066,2,basic,0
11,48.8368451326753,0,enterprise,1
30,44.16076385128026,4,pro,0
22,38.0738995196637,0,basic,0
31,86.38048027811952,0,pro,0
20,79.62054757546078,1,pro,0
29,36.484323559322426,1,enterprise,1
28,53.46020662852919,3,enterprise,0
32,26.71683162256187,1,pro,0
54,69.08657843790358,1,basic,0
13,64.01276360167256,1,pro,0
25,52.53197731134034,0,enterprise,0
46,34.14288009282197,1,pro,0
54,,1,basic,0
17,62.63758500029462,1,basic,0
57,46.71574481076117,2,pro,0
54,65.04981091300186,3,pro,0
17,23.422803628881628,0,enterprise,0
31,38.329087995844446,2,basic,0
43,31.274477542073466,0,basic,0
18,52.57498161405034,2,pro,0
14,83.6505123027406,0,pro,0
11,51.259134540693616,0,pro,0
28,73.02685415768742,0,basic,0
29,49.64924102961273,1,pro,0
43,42.14716938779312,0,basic,0
23,70.5247363332112,2,pro,0
29,61.10654071772816,0,basic,0
37,78.6258192531976,1,basic,0
44,69.71862154790819,2,basic,0
30,33.97647481620413,0,basic,0
11,0.0,0,basic,0
3,52.95364063521601,0,basic,0
30,26.66905129626035,0,basic,0
50,22.003873710323198,2,basic,0
34,20.56424055401291,0,enterprise,0
4,37.3501633576612,1,basic,0
7,46.16898909747892,0,basic,0
49,50.26744437184857,1,enterprise,0
19,91.04723936657535,0,enterprise,0
48,25.90342901999226,0,basic,0
10,49.93392151117126,0,enterprise,0
55,25.257116343799346,1,enterprise,0
11,30.228503849945184,1,basic,0
40,51.462004145581105,0,basic,0
27,58.49421661951135,1,basic,0
10,24.40957308749683,0,enterprise,0
20,72.99374568919579,0,basic,0
27,31.50748071626333,0,pro,0
14,69.27217055136555,0,basic,0
26,49.05861217606275,1,pro,0
8,68.220126730029,1,basic,0
38,61.42818111161418,1,basic,0
57,44.36149947104629,2,pro,0
23,59.65016820351053,0,basic,0
27,23.232572761872948,4,basic,0
40,24.07707557116668,1,basic,0
56,42.95510461475401,0,basic,0
13,77.52411057819123,0,pro,0
10,35.13129830738467,1,enterprise,0
21,38.09501649631942,0,pro,0
57,83.36301259436087,1,basic,0
33,50.928296449668196,1,basic,0
4,50.07480443880901,1,basic,0
26,29.05786083248479,3,pro,0
58,51.269415285011256,1,basic,0
8,61.9221466743873,0,pro,1
14,48.93508846168593,0,pro,0
57,65.34115638978085,1,pro,0
4,56.62707456216527,2,basic,0
41,71.05476007596293,0,pro,0
32,66.58147801599289,0,basic,0
50,47.38061467064643,1,enterprise,0
55,67.43898675031048,0,basic,0
22,86.1480199628169,0,enterprise,0
18,56.12336661142529,1,enterprise,0
56,25.63426148667758,2,pro,0
36,53.865322364019,1,basic,0
48,46.05570927225992,2,basic,0
2,101.86258924315763,1,pro,0
58,65.11990564562613,0,basic,0
26,27.874367511933407,2,enterprise,0
12,46.2277166975071,1,basic,0
39,79.21293422540595,0,basic,0
29,26.728232235901853,0,pro,0
44,40.10716845295045,0,pro,0
23,49.95043003867724,0,pro,0
18,46.940753217428735,0,basic,0
37,38.02767526794101,1,basic,0
55,52.492363918722006,2,enterprise,0
15,21.63269281806209,1,enterprise,0
38,38.25636933634324,2,basic,0
6,37.83917723254331,0,pro,0
10,43.76878947202566,2,pro,0
29,43.79163610708307,1,basic,0
4,49.69217535385925,0,enterprise,1
38,42.7653308503963,1,enterprise,0
35,41.349887069506195,0,enterprise,0
23,56.904582089760694,1,basic,0
45,67.66311754102125,1,basic,0
59,68.88958732914546,0,basic,0
55,26.59579673050501,0,pro,0
24,54.5716911517253,2,basic,0
36,64.55629206693304,2,pro,0
18,44.276445678052795,3,enterprise,0
6,58.94745650269658,0,basic,0
49,45.19957198466457,1,basic,0
24,,2,pro,0
28,19.12785301409453,1,enterprise,0
25,58.800111938798196,1,basic,0
17,39.92794702546068,1,pro,0
42,34.858158269319134,1,pro,0
17,43.56965907330325,0,pro,0
2,69.27246101293323,2,pro,1
56,68.40583900279138,0,basic,0
42,54.508999916854464,1,basic,0
57,66.81419113302039,0,basic,0
50,41.38853430520667,1,pro,0
39,24.628348460969086,1,basic,0
59,12.207326780166767,2,basic,1
17,48.882281802504224,1,basic,0
10,46.56984865140206,1,basic,0
42,50.215930482330464,0,basic,0
41,50.83920953846832,1,pro,0
13,73.84812006176628,0,basic,0
59,31.07769245546354,1,pro,1
20,33.99761597910009,0,pro,0
58,,0,basic,0
32,64.84301726766975,1,basic,0
11,43.42957933543775,0,basic,0
24,8.695833778050172,2,pro,0
8,32.436069077482635,1,enterprise,0
21,42.23302828390902,1,pro,0
33,47.7393715018742,0,pro,0
58,53.2030725731612,0,basic,0
58,44.84944431999941,0,pro,0
11,72.31666877929598,1,basic,0
40,,3,basic,0
37,43.68771265615214,1,enterprise,0
23,35.76878914364121,1,basic,1
3,64.8147073810476,1,enterprise,0
33,52.86595161193424,5,basic,0
6,65.0946112101131,0,pro,0
49,50.8626143718042,0,pro,0
13,124.35280914429896,1,pro,0
46,63.72947921545158,1,enterprise,0
59,34.263798967737046,1,pro,0
30,49.20635538279635,1,basic,0
43,41.29417320957535,0,enterprise,0
25,64.48130146912978,0,pro,0
52,68.75076890926105,1,pro,0
42,57.01730216804815,0,pro,0
3,45.79207772970476,0,pro,0
23,36.058164794819575,0,pro,0
41,81.52478450964702,2,pro,0
30,71.81411242370189,0,basic,0
26,0.0,1,pro,0
27,50.87371664613357,0,enterprise,0
25,32.75868182621525,1,pro,0
32,42.04939618500788,0,basic,0
42,83.44929778549479,0,enterprise,0
17,26.9406770104762,0,pro,0
19,28.81248741633472,0,pro,0
30,98.73394388946247,0,enterprise,0
31,40.175409663267104,0,basic,0
30,45.00243477250744,0,pro,0
16,72.622818140232,4,pro,0
43,39.59282056894554,1,enterprise,0
24,50.53783876763005,0,basic,0
36,54.76177981622986,0,pro,0
32,78.04517033973974,0,enterprise,0
48,17.577298384616846,1,basic,0
10,33.23812140257505,2,enterprise,0
10,47.363610045536674,2,enterprise,0
17,68.15987784501513,2,enterprise,0
58,37.11828319604164,1,pro,0
25,59.227297001669854,2,basic,0
2,39.71624362864267,1,enterprise,0
28,42.10021711738711,0,basic,0
17,75.48140630429927,1,pro,0
48,45.28227829381392,0,basic,0
2,109.23202198452947,1,enterprise,0
38,57.185492784748796,1,enterprise,0
3,72.51699658621045,3,basic,1
34,64.84080300491114,1,basic,0
48,18.880108071064452,1,pro,0
52,19.195601853202938,0,basic,0
8,59.743513778360345,0,basic,0
12,27.884084778409854,1,basic,0
10,39.046251242131504,5,pro,0
7,43.269617575480396,0,pro,0
2,31.66102417498664,2,enterprise,0
24,,0,basic,0
28,65.58101784946308,1,enterprise,0
9,53.49556903334686,0,basic,0
50,61.2243552005188,0,basic,0
33,31.863481819063068,3,basic,0
47,67.48845637258589,0,pro,0
34,32.98729748777214,0,basic,0
32,,1,pro,0
8,36.64244282873164,2,basic,0
24,38.903784925469154,0,enterprise,0
43,73.29426150832127,2,basic,0
15,62.98510980538565,0,basic,0
33,30.902947608258664,0,basic,0
39,62.07593552076975,0,enterprise,0
25,49.987564024219004,1,basic,0
59,50.36727355272234,1,basic,0
55,,1,pro,0
37,62.35657033183287,0,basic,0
51,70.41143963088632,0,basic,0
47,59.69058521585126,1,basic,0
14,56.582721089215205,0,basic,0
15,48.02814229896735,1,basic,0
10,79.98842407602595,1,pro,0
7,34.47035770820711,0,basic,0
55,88.30174584012516,0,pro,0
24,93.72589676996368,0,pro,0
10,93.45840683302296,2,enterprise,0
18,47.331798860972405,1,pro,0
45,92.20125698624804,1,pro,0
22,73.08700098172974,1,basic,0
19,71.57440471463768,4,basic,0
35,116.01435064249242,0,pro,0
22,54.110971680529985,2,pro,1
25,61.62298190620824,0,basic,0
33,25.022377581499256,1,pro,0
21,5.736761724178095,0,pro,0
55,55.970946740427294,1,basic,0
42,58.79694477816001,1,basic,0
1,64.3270756484533,1,pro,0
48,56.29990742506367,0,basic,0
10,10.37200872960588,1,enterprise,0
32,57.71454776635123,1,basic,0
43,72.67432249564266,3,basic,0
15,81.67014558840864,0,enterprise,0
24,,1,pro,0
54,32.34896681931312,1,pro,0
17,36.28162741892379,1,pro,0
7,37.36664118103739,2,pro,0
57,17.712876850850243,1,basic,0
24,36.424845644598,2,basic,0
16,81.79892274311932,2,basic,0
55,28.88124222306056,0,enterprise,0
43,12.6423902784816,0,pro,0
43,44.5082697768812,2,pro,0
57,39.897372526821,0,pro,0
5,63.615938185426224,2,pro,0
46,35.12948073536199,2,basic,0
36,46.36381787019045,1,basic,0
42,33.16491536464814,0,pro,0
35,30.485788557142936,0,basic,0
43,57.36821640635433,2,pro,0
43,52.404600125481025,2,enterprise,0
48,48.8688695035585,1,basic,0
21,60.31293495424332,4,basic,0
17,33.396159653916555,2,basic,0
29,50.32382557841128,4,basic,0
37,,3,pro,0
20,73.60442563099335,0,basic,0
48,12.012863142214066,2,basic,0
42,42.8589029790038,0,pro,0
53,58.89498617187585,1,basic,0
38,38.32675515419197,0,pro,0
54,51.72227183031622,0,basic,0
26,63.63751618911593,0,pro,0
54,59.497824041631475,2,pro,0
41,15.327602256283143,2,basic,0
6,25.715913437612027,1,basic,0
18,0.0,1,basic,1
23,62.96555619168784,1,basic,0
44,54.1088820494814,1,basic,1
27,76.8596328362699,0,basic,0
22,,1,pro,0
53,26.951803236951314,1,pro,0
58,71.37321672851283,1,basic,0
25,23.415730746649764,0,enterprise,0
15,,2,pro,0
16,45.716784057956886,1,basic,0
16,65.44717054655244,1,basic,0
2,68.12865471884118,0,pro,0
34,41.37442725955444,0,pro,0
18,35.1758097219308,1,basic,0
37,48.87649126452621,0,pro,0
47,38.277839717157775,0,basic,0
18,68.95138362754194,1,enterprise,0
2,57.46245298915186,1,pro,0
35,77.86784439916104,0,basic,0
10,102.26634443569502,1,pro,0
37,32.51349758545137,1,pro,0
19,37.811782407626055,3,basic,0
51,59.50189426783775,2,basic,0
32,57.964821873632424,2,enterprise,0
41,42.94899349517287,2,enterprise,0
22,15.437737773616362,2,pro,0
25,100.96814392375872,1,pro,0
53,51.58925656438878,1,pro,0
34,26.416429306055043,1,basic,0
13,1.6593946015407255,0,basic,0
7,78.05945222204221,1,basic,0
34,56.52528425304443,1,pro,0
49,49.96959298343823,1,pro,0
46,29.008287877889497,3,pro,0
4,47.80502866545007,1,basic,1
55,42.054528382085564,1,basic,0
42,0.0,1,pro,0
52,103.71124558863313,0,pro,0
59,58.72210991063053,0,basic,0
8,42.97129287994437,3,enterprise,0
3,30.409378126589257,0,enterprise,0
47,37.682176837344635,1,basic,0
58,98.66663757321341,1,pro,0
40,57.80651871605989,0,basic,0
51,22.971198643203433,2,basic,0
25,67.78403489158427,0,basic,0
53,59.87328304000766,0,pro,0
2,60.45286511047693,1,pro,0
6,47.179664742275754,1,basic,0
10,46.41831593941963,0,pro,0
18,54.14878279311876,4,pro,0
45,45.58836292552333,1,basic,0
19,21.372047793476213,0,basic,1
5,29.622026052746033,0,basic,0
55,49.98180042541509,0,pro,0
19,17.535788864622724,3,pro,1
55,47.08105183768017,4,basic,0
16,43.378665938486904,3,pro,1
42,64.57973695867206,3,basic,0
45,53.05060910299489,0,basic,0
37,43.775837859566614,1,basic,0
22,43.814111733463854,1,basic,0
38,58.49532423461808,0,pro,1
6,68.7141381939343,0,enterprise,0
22,28.13333793242316,2,basic,0
22,18.85654545461056,0,pro,0
51,34.73542147137683,1,pro,0
20,3.170429846549858,2,pro,0
11,33.92519288573283,2,basic,0
43,,1,pro,0
29,69.57228799018877,0,basic,0
19,80.78546170868947,1,basic,0
50,51.12326640962614,0,pro,0
41,52.927928287564455,1,basic,0
18,37.847760048928535,2,pro,1
32,39.23358129422182,0,pro,0
57,55.59088159349763,1,pro,0
53,68.16353756321271,1,basic,0
49,58.428349675433495,1,basic,0
44,8.830125038773566,2,basic,0
37,59.75172755112669,0,pro,0
25,49.81103655371466,2,basic,0
11,,1,enterprise,0
29,52.57493945537656,0,pro,0
25,67.85136427452058,2,enterprise,0
28,52.555031222449294,1,pro,1
12,35.075718523557285,1,basic,0
52,117.34351351837353,0,pro,0
11,36.91971551308424,0,basic,0
9,59.034343963673926,0,basic,0
22,75.0890784741194,2,pro,0
26,32.26049642465672,1,pro,0
7,60.744355828391775,1,basic,0
32,32.5079078207941,0,enterprise,0
14,44.273816149806116,1,pro,0
26,34.314465754842175,2,pro,0
8,85.15815773667127,2,basic,0
36,21.85065607181189,5,basic,0
40,60.033989466969416,1,enterprise,0
30,50.34536175253471,3,enterprise,0
14,9.61358671323736,1,pro,1
25,84.59929078890057,1,pro,0
51,38.12872283484839,0,basic,0
41,44.328258144288505,1,basic,0
4,53.982217379183005,2,pro,0
20,31.30362585625335,0,pro,0
37,33.95755078025635,0,pro,0
36,48.84863647239186,0,pro,0
2,31.84823416090668,0,basic,0
43,51.574093040594434,1,pro,0
4,75.15116912740778,0,pro,0
8,29.12374349342872,1,pro,0
40,17.640108163475333,2,enterprise,0
20,46.91347219208856,1,enterprise,0
41,57.67633684352626,1,pro,0
56,63.09226147515182,1,basic,1
19,27.46965858929659,1,basic,0
57,2.0748862486619757,3,basic,0
35,67.29151201280129,0,basic,0
59,63.931625950739075,0,basic,0
47,80.04748211230856,3,enterprise,0
3,30.11821310452976,2,basic,0
20,60.9135192082875,2,basic,0
49,69.86250768577641,3,pro,0
47,12.532487227835425,0,pro,0
56,70.83488992977685,2,pro,0
50,78.36554228847538,1,pro,0
54,61.24834717468158,4,basic,0
1,60.41529841079233,1,basic,0
43,64.4916500415367,3,basic,0
15,44.31687419219755,0,enterprise,0
40,20.609378171491763,0,pro,0
48,30.94610142530138,2,pro,0
43,45.969227815536186,4,basic,0
52,32.475082095003394,1,pro,0
34,70.17252434478985,0,pro,0
26,41.32678314705788,0,enterprise,0
47,47.275060200945894,0,pro,0
13,13.946084761210969,0,basic,1
30,57.5061943305558,3,basic,0
58,35.37886308351803,0,pro,0
14,79.87666480318163,2,pro,0
41,14.92277304000639,2,enterprise,0
6,56.05260398165444,1,basic,0
59,41.38861969733995,0,pro,0
54,42.25169324798188,1,basic,0
34,83.72888113860182,1,basic,0
45,68.79311507264573,3,enterprise,0
34,32.43534445185797,0,pro,0
11,77.54795479256055,0,enterprise,0
26,36.445644950589966,1,basic,0
49,65.52175970384997,0,enterprise,0
16,14.67985064982593,2,basic,0
18,43.06322271675783,2,basic,1
45,43.719351345369006,1,basic,0
38,42.934000558361674,1,basic,0
25,17.63206580612475,1,enterprise,1
22,11.494891784320586,1,pro,0
48,49.20568270649288,0,enterprise,0
13,61.722204605456895,1,pro,0
20,50.23340030560349,0,enterprise,0
11,42.715220774722525,1,basic,0
18,19.339015844865173,0,basic,0
5,44.15721922054335,2,basic,0
17,38.39367498863037,0,basic,0
5,35.14302700995604,1,pro,0
34,53.12768747619301,2,basic,0
5,53.03699045297891,0,basic,0
1,57.620018024842246,0,basic,0
6,44.436160571509916,3,enterprise,0
10,32.87695919573861,0,basic,0
50,45.61506571758493,0,basic,0
41,43.339247727711765,2,basic,0
31,16.671711501293913,0,pro,0
21,42.56838516775374,1,basic,0
8,16.26844935725469,1,pro,0
32,10.015402904628218,1,enterprise,0
31,33.03683942337085,1,enterprise,0
31,36.63848262599832,0,basic,0
33,63.45579991382877,0,basic,0
32,43.31474455503923,1,basic,0
30,60.10974962986067,1,basic,0
6,78.39799131815147,1,basic,1
13,51.9108849090234,0,pro,0
5,57.10882882098072,2,basic,0
26,35.66497277875866,1,basic,0
35,65.9397729345219,0,pro,0
52,50.66942060678535,0,pro,0
24,50.806849191609714,0,pro,0
23,26.926330657023996,1,pro,0
58,30.764414648683424,0,pro,0
30,36.020661148341915,2,pro,0
23,51.57027252864717,0,pro,0
55,71.31357237883651,0,pro,0
38,19.179274581779975,2,enterprise,0
14,42.162498969337385,0,basic,0
49,43.27865580455399,1,enterprise,0
43,95.03714214604679,1,pro,0
9,45.459856954515196,0,enterprise,0
29,38.708825876291094,1,basic,0
32,64.35975441877372,1,enterprise,0
47,27.245101725682083,0,basic,0
25,60.26707877349973,0,basic,0
22,15.91858348102135,0,pro,0
35,89.907278257321,1,basic,0
32,48.5137413978033,0,pro,0
34,40.857214247464846,1,basic,0
22,23.119199730687928,1,basic,0
12,46.385840380157546,1,basic,0
52,51.07358903139542,0,enterprise,0
52,34.79635651711284,1,basic,0
54,73.26836749637593,0,basic,0
5,42.84476562537566,0,pro,0
38,51.30028588372826,0,pro,0
19,,1,pro,0
58,76.65661399544638,2,basic,0
39,41.806403361137654,0,enterprise,0
44,50.86611121840653,0,enterprise,0
37,55.352641705551044,0,basic,0
49,61.7589174117452,1,pro,0
13,12.78773798978029,0,pro,0
53,72.52459449393545,2,basic,1
23,47.0872649895039,1,basic,0
17,35.0941852229138,0,basic,0
24,,1,basic,0
59,11.113944547603062,1,basic,0
10,34.21792672919142,1,basic,0
24,53.34380849169257,0,pro,0
51,76.78716877498125,0,basic,0
30,47.96250260365384,0,enterprise,0
11,57.54511034038072,1,basic,0
11,43.74799757978158,1,pro,0
56,66.88234777251172,0,basic,0
49,41.66079552872578,0,pro,0
44,58.87449560970048,1,enterprise,0
20,42.966173738528354,0,pro,0
3,30.31044294662107,2,pro,0
41,29.80606484804342,0,basic,0
51,36.77830612779552,0,basic,0
13,72.901732246373,0,basic,0
7,113.56984536422192,2,basic,0
21,45.68826879004225,2,basic,0
15,34.96208512801625,1,pro,0
23,60.38315002972561,1,pro,0
24,59.529908457370674,2,pro,0
14,39.15019281983988,1,pro,0
58,88.21354493680212,1,pro,0
3,67.32573235365268,0,pro,0
43,68.70920550510598,0,pro,0
46,51.14727182565078,1,pro,0
26,52.48672393402278,0,enterprise,0
57,69.38178774655361,0,pro,0
59,22.034368382582578,1,pro,0
14,33.79401877347013,1,basic,0
12,51.70935968105686,0,basic,0
10,20.636858682260723,0,basic,0
7,82.85412864248717,0,basic,0
21,37.49773311139604,1,pro,0
13,41.3830250458617,1,pro,0
5,,2,enterprise,0
32,80.17497686675378,1,basic,0
39,49.136495301706894,0,enterprise,0
49,34.63084867438559,1,basic,0
22,31.316977361122625,3,basic,0
17,54.6521323624909,1,basic,0
34,38.39859145287511,2,pro,1
31,97.49578702292015,0,enterprise,0
54,75.18326012455398,1,basic,0
31,0.0,1,basic,0
51,31.40454502482253,3,pro,0
6,57.064915190790956,2,pro,0
55,96.29643744148791,1,basic,0
24,9.611953456268665,1,basic,0
56,41.14078805747674,1,basic,0
8,74.10362028097455,0,basic,0
35,36.129832950986675,0,pro,0
33,51.42798325795024,4,basic,0
30,39.99022871166472,1,basic,0
15,63.43119312763041,2,pro,0
3,28.015527285108494,1,basic,0
9,50.45950847717675,1,basic,0
7,20.897501522979773,1,basic,0
36,69.54198179734084,4,basic,0
31,62.10559221598334,3,enterprise,0
25,49.27141214287031,3,pro,0
51,50.73970141160402,0,enterprise,0
23,50.54745311769179,1,pro,0
26,42.61329354480306,1,pro,0
4,53.14019718611498,1,pro,0
1,57.33744889610902,3,pro,1
56,48.623962936131086,0,basic,0
13,38.109024189760554,0,enterprise,0
11,41.86884378111565,3,pro,0
45,40.82958230979874,2,pro,0
50,59.083459616861944,2,enterprise,0
10,53.08992055306818,1,pro,0
33,89.4596465715235,3,pro,0
12,46.53524556210524,2,basic,0
35,51.50881122079755,1,basic,0
17,37.41533068429848,3,pro,1
20,52.023966787088,1,pro,0
36,41.10654717829479,0,basic,0
56,32.81711580899517,1,basic,0
50,53.231132319167735,0,basic,0
1,81.82570274845511,0,pro,0
13,32.69237199110606,0,basic,0
53,36.97276238171607,0,enterprise,0
36,49.206838550165834,1,enterprise,0
17,55.067533058828836,0,basic,0
32,76.00049140940345,0,basic,0
58,37.03071454110275,1,pro,0
27,47.18395159684045,2,basic,0
2,34.02968606354618,1,basic,0
35,32.396552240726464,2,basic,0
48,40.41006718275557,0,enterprise,0
49,27.521174768908242,0,basic,0
42,58.73530583299544,1,pro,0
13,70.80357739870803,3,basic,0
29,39.39277053979379,1,basic,0
30,35.63283714337518,2,pro,0
43,76.1201140498206,2,pro,0
6,45.32826356077328,2,basic,0
6,79.30820679096925,0,basic,0
31,0.0,0,basic,0
5,46.24291573414997,0,basic,0
47,29.184034473965887,0,basic,0
29,38.85110293893723,1,basic,0
59,65.6429848917924,1,basic,0
14,71.13450290106672,2,enterprise,0
29,46.02202343013301,1,pro,0
53,68.21821017332428,2,basic,0
18,27.077348332398834,3,pro,0
15,,1,pro,0
35,46.38107330863995,0,pro,0
38,15.453585252339387,0,pro,0
22,67.5131421777029,1,basic,0
49,36.02825527630168,0,pro,0
7,,2,basic,0
40,34.17312755419565,5,pro,0
31,52.99211812799565,3,basic,0
56,61.76458330667229,2,enterprise,0
48,49.448609677193616,1,basic,0
50,39.96632708762397,0,pro,0
53,61.626658346940495,1,basic,0
2,53.768586040529875,1,basic,0
58,41.14532806489368,0,pro,0
7,50.43687391560146,1,pro,0
22,47.94227448822275,2,enterprise,0
16,42.77657613581923,3,pro,0
15,67.63371546755481,1,basic,0
6,84.37788780236635,1,basic,0
7,39.40907396714095,0,basic,0
17,47.27137791118112,0,pro,0
26,30.852314921007295,2,pro,0
15,23.03655703975238,0,pro,0
48,72.34214257902823,0,basic,0
2,36.25074647248147,0,basic,0
14,56.46437894089809,1,basic,0
58,22.584178630752522,2,basic,0
51,36.9072421646844,1,basic,0
53,59.14165655520313,1,basic,0
42,59.17063061328336,2,basic,0
31,54.36189638143108,2,enterprise,0
12,57.84277284092649,1,basic,0
48,54.021669624148096,1,basic,0
38,,0,basic,0
53,83.64231357699904,1,basic,0
49,60.94946398181256,1,basic,0
53,47.44271138730187,2,basic,0
56,29.12815895257097,2,basic,0
1,39.95201980781513,3,basic,0
10,43.19573796698603,1,pro,0
34,78.46011702096008,0,enterprise,0
49,18.719306279150594,1,basic,0
52,33.73379135663687,1,basic,0
46,29.046721923358326,1,enterprise,0
53,66.96071458475038,2,basic,0
15,35.724222779404826,1,basic,0
49,12.909756881219913,1,enterprise,0
18,8.51154448538832,1,basic,0
3,55.7171201439743,2,enterprise,0
57,16.87393485921652,1,pro,1
34,71.48375794783902,0,pro,0
22,,0,pro,0
23,26.757449423568392,3,basic,0
18,42.61182736215143,1,pro,0
44,,1,pro,0
43,19.467544585377993,0,basic,0
22,24.614950092938873,0,basic,0
8,36.589446983036,2,pro,0
19,48.48495937888953,0,basic,0
29,54.681166402744836,0,basic,0
48,11.622156083037929,1,enterprise,0
22,53.94645199799931,1,basic,0
30,46.830731598922426,2,basic,0
33,43.81874200004506,0,pro,0
9,39.889953888391815,1,pro,0
36,69.64850438326884,1,basic,0
26,80.32812820377262,1,enterprise,0
38,39.92778148037827,1,pro,0
44,45.66472147621028,1,basic,0
26,17.322645511777722,1,pro,0
22,41.006219082869926,2,pro,0
53,62.81104687029969,0,pro,0
45,47.04873614138919,1,pro,0
50,56.220325463821375,0,basic,0
43,46.91826492969235,0,enterprise,0
56,51.12522147438242,0,basic,0
52,62.52804961978963,0,pro,0
27,64.55717115997126,1,basic,0
56,10.377201921178504,0,pro,0
44,45.05919743340404,0,basic,0
46,0.0,2,basic,0
26,49.784699702831425,2,pro,0
24,38.64418877009962,0,pro,0
17,37.74059419498058,3,basic,1
5,80.81459930046222,0,pro,0
39,56.8299308088628,0,basic,0
56,72.32796084762592,3,basic,0
56,62.28133661928766,0,basic,0
24,83.48958385547745,1,basic,0
48,44.91800779032079,1,basic,0
41,44.77807841453081,0,pro,0
17,48.03562272993611,1,enterprise,0
36,98.84604596231961,3,enterprise,0
14,41.187058582361814,1,basic,0
54,50.45324152650369,0,enterprise,0
46,77.42012834874156,1,basic,0
39,68.40701386576086,1,pro,0
42,40.04209418419856,2,enterprise,0
56,84.84815201561186,0,pro,0
51,59.5895334763184,4,pro,0
28,78.92545088042631,0,pro,0
9,62.10426258436988,0,basic,0
55,65.55285566904868,0,basic,0
51,35.14972352881562,2,pro,0
35,,0,pro,0
26,35.98062783367282,0,basic,0
13,51.53752840744142,1,basic,0
17,71.74479093974988,5,enterprise,0
56,43.211949369867256,1,enterprise,0
21,52.387969072836555,0,basic,0
11,50.16582916515276,1,basic,0
59,53.1347602994314,2,pro,0
53,61.80642293271649,0,basic,0
57,20.03778060967782,0,enterprise,0
33,39.51692716878775,0,pro,0
5,91.30903103079123,1,basic,0
55,10.926560141588858,3,basic,0
19,37.261638483649335,1,pro,0
47,65.96920287206414,0,pro,0
43,13.179528819024426,1,basic,0
59,32.7645411047542,0,basic,0
3,33.92882381970733,3,enterprise,0
57,81.3457580696161,2,pro,0
3,32.62598512499552,1,pro,0
10,62.64108839208793,0,basic,0
3,37.402537555416785,3,basic,0
14,50.209026289400015,0,basic,0
52,27.342174198819478,0,basic,0
57,20.575861261479847,0,basic,0
20,40.63064697606961,2,pro,0
41,22.47648246481009,0,enterprise,0
19,46.471038689767106,2,pro,1
53,52.36555040168233,0,pro,0
47,58.17558897988278,2,basic,0
30,80.5423346034236,1,enterprise,0
19,78.36612088499763,0,pro,0
9,27.91631302077927,1,pro,0
44,35.00066364671364,0,basic,0
34,83.78392918503475,0,basic,0
22,48.89390989030048,0,pro,0
53,42.26951232596833,2,basic,0
18,71.40476649659857,3,enterprise,0
3,37.48935786223121,2,pro,0
23,68.65432090510316,1,basic,1
30,43.94355991967925,2,basic,0
10,75.87641931300902,1,basic,0
14,47.07404714508047,2,pro,0
5,66.37754486070901,1,pro,0
57,71.16054263853181,0,basic,0
52,,2,pro,1
29,34.05174614176644,1,basic,0
52,42.30965232530575,1,basic,0
53,21.64256962153989,1,basic,0
28,15.523834660447172,0,pro,0
50,40.04029408524177,1,pro,0
41,53.17440587442298,1,pro,0
45,75.0463507634179,1,basic,0
51,41.66147803409679,2,pro,0
16,88.1998144261091,2,basic,0
24,53.621848447375555,2,basic,1
33,67.59882551633643,1,enterprise,0
42,44.85270101183208,1,basic,0
40,24.814784158443622,2,pro,0
45,81.64538464149337,1,enterprise,0
44,44.15419489508584,4,basic,0
5,72.19841685657536,2,basic,0
21,42.556319898711166,3,enterprise,1
9,61.680815930930905,0,basic,0
59,46.75071572987424,2,enterprise,0
45,42.999389303471844,1,basic,0
31,46.942120500681376,3,basic,0
42,63.561603400630815,4,basic,0
7,25.745024846405986,0,pro,0
11,30.423013121996078,5,pro,0
39,69.5644668584575,2,pro,0
49,35.18836834672362,1,basic,0
42,53.541577192194175,2,basic,0
48,22.88201884381772,1,basic,0
24,45.52007681736252,1,pro,0
20,71.80674713137014,1,pro,0
31,51.500926794064966,1,basic,0
21,53.96916700722632,4,enterprise,0
14,41.919727673220045,2,basic,0
7,51.74966526754577,0,pro,0
49,14.098736924380944,0,enterprise,0
27,17.033450014976168,1,pro,0
24,57.90451625476274,1,pro,0
7,14.34797051334899,0,pro,0
58,75.81173271759559,0,basic,0
33,66.6277732105808,0,basic,0
35,25.568005717647367,0,basic,0
37,5.953513192326206,0,pro,0
8,1.1459682351545908,0,enterprise,0
35,55.77345496552972,1,basic,0
39,47.68500842956952,0,basic,0
5,76.52911308437275,1,enterprise,0
45,58.99465734107693,1,basic,0
37,80.73829315703551,3,basic,0
52,,0,basic,0
45,30.615754645701692,2,pro,0
21,45.821629837056996,0,basic,0
9,32.60972814874715,0,pro,0
51,43.18752350695685,1,basic,0
36,39.16121305164466,0,pro,0
45,44.820170135850645,0,enterprise,0
49,76.63363387041812,0,basic,0
36,38.395540634711885,1,pro,0
12,25.52788654875242,1,pro,0
30,36.79285028658587,0,basic,0
54,39.878228443219456,0,basic,0
12,37.7819681474029,0,pro,0
58,46.06047610216154,1,basic,0
9,40.84542377430414,0,basic,0
42,71.75418888162959,0,basic,0
36,67.75858597166689,2,basic,0
52,34.25876263562483,1,enterprise,0
16,69.2429393223049,5,pro,0
17,77.58702146277989,1,pro,0
12,49.687902533512585,0,pro,0
40,32.73781937491587,0,enterprise,0
17,58.36427860266654,1,pro,0
55,48.07452549063862,4,basic,0
17,56.426315736825806,1,basic,0
3,28.469501072271527,2,enterprise,0
16,91.67371418840862,2,basic,0
49,45.80515453023121,2,basic,0
11,60.37487903778371,2,pro,0
14,37.881902917384195,3,basic,0
8,52.93705811877576,1,enterprise,0
48,3.9760758743821256,1,enterprise,0
40,23.83608115242341,0,pro,0
38,0.4426237038106251,2,basic,0
21,69.70372340850817,1,basic,0
48,22.181664547704077,1,basic,0
12,18.81104865660209,1,basic,0
24,72.58212154694306,2,pro,0
12,40.22712992475324,1,pro,0
27,46.747568900151606,1,basic,0
24,71.60118139747789,0,basic,0
55,59.96237799346558,0,basic,0
30,56.43191129847866,0,enterprise,0
5,63.30004808192807,0,basic,0
14,11.23898129405407,0,pro,0
10,76.11260840907494,1,basic,0
38,76.84664019851994,2,pro,0
58,87.2656606448424,2,basic,0
13,8.359075658585091,1,basic,0
54,33.298053681461994,0,pro,0
55,39.07209235871882,2,basic,0
9,84.48912126623428,1,basic,0
4,61.69797697886371,1,basic,0
58,85.89888263925887,1,pro,0
55,59.46084348265333,0,basic,0
16,37.61919331730101,2,basic,0
10,24.465784090054598,0,pro,0
53,39.0534918480931,0,pro,0
41,,2,pro,0
54,33.445045009737406,2,basic,0
8,14.878480610476053,1,basic,0
2,,1,basic,0
35,77.96386762324609,1,basic,0
1,99.26808166384443,1,enterprise,0
16,75.56381727760427,0,pro,0
20,69.94882359696986,3,basic,0
58,14.782987503829375,3,pro,0
55,42.978637710052055,1,basic,0
22,42.96410489191564,1,pro,0
47,53.247473536089075,1,basic,0
54,31.88159434128428,0,basic,0
23,66.37540923040538,0,basic,0
58,75.58389921451126,0,pro,0
51,52.67399130684937,1,basic,0
36,44.64129459032529,0,pro,0
19,54.24939643413175,1,pro,0
15,58.04470662348245,1,pro,0
21,66.30996578473803,1,basic,0
53,33.155764775785386,1,basic,0
12,79.35488269203121,2,basic,0
21,51.07093236009567,0,basic,0
57,46.8700136021957,1,pro,0
40,64.18594250061078,2,basic,0
48,36.3246830797586,3,pro,0
6,67.88219510953093,1,basic,0
28,93.30747585492117,2,basic,0
46,59.0314911906204,1,pro,0
16,54.4045438367031,0,pro,0
52,40.70564476733752,0,basic,0
57,80.19043794376897,1,basic,0
29,,0,basic,0
24,19.889403204610048,1,basic,0
28,69.71425710106357,2,basic,0
13,36.758213785225614,0,enterprise,0
5,26.52254301694719,0,basic,0
26,48.59732838400338,1,enterprise,0
22,36.748954189679935,3,basic,0
43,73.29128384145598,1,enterprise,0
10,24.721719378516,1,pro,0
46,,0,basic,0
10,30.97617668262154,1,pro,0
7,47.13797712330722,0,pro,0
55,61.77628038557878,0,basic,0
56,28.117280978406786,3,pro,0
20,35.4115041549573,0,basic,0
40,18.478773941135678,0,basic,0
13,45.92628905106795,2,basic,0
4,29.391564789449674,2,enterprise,0
14,93.33794854712002,1,pro,0
50,88.43140780432881,0,pro,0
49,31.19275730875518,0,basic,0
58,52.59846952278536,0,enterprise,0
51,58.24139362811248,0,pro,0
50,38.894327862490286,0,pro,0
34,41.98204339923461,2,basic,0
1,62.616942125655655,0,pro,0
44,44.37115140984417,1,basic,0
28,43.76730700501547,1,basic,0
49,49.18157177183859,0,basic,0
35,74.5095458115422,0,pro,0
21,44.564222270996666,1,basic,0
53,57.54176837455575,1,basic,0
35,54.56514840464319,1,pro,0
30,64.09383603656694,1,basic,0
16,45.903607113633655,3,basic,0
5,39.94976310221412,1,basic,0
7,36.02422721558736,1,enterprise,0
56,54.553087170207476,2,basic,0
4,52.591013161098886,0,basic,1
57,44.660907124946014,2,pro,0
3,54.24836383490684,1,enterprise,0
29,97.12466572946147,0,basic,0
24,65.58456700370878,0,basic,0
4,13.106622496401144,1,pro,0
55,75.86977623969076,1,basic,0
50,52.69569035990162,2,pro,0
39,29.49195329416459,1,basic,0
44,76.7132706949916,1,basic,0
30,48.246171404235405,0,pro,0
58,70.18195732966655,0,pro,0
51,37.5633484683536,1,basic,0
1,70.97892391306807,1,enterprise,0
17,44.1967907295848,0,pro,0
26,68.98407501006261,0,basic,0
39,66.22294813753204,1,pro,0
17,26.79684123967718,1,basic,0
34,57.1949251990732,1,basic,0
7,59.2461783540342,4,basic,0
38,48.643020943277634,0,enterprise,0
44,14.203803412885236,0,pro,0
45,55.44960818871237,0,basic,0
21,43.431357468143524,0,pro,0
5,73.7404820074104,1,pro,0
3,28.536868938860106,1,basic,1
28,69.47678703148793,0,pro,0
8,52.55722515846196,2,pro,0
10,100.68061005349514,1,pro,0
48,29.664309943802408,0,enterprise,0
51,68.9380384517355,0,pro,0
36,39.12223648389999,1,pro,0
7,30.838460260452184,1,basic,0
13,71.3359536716792,1,basic,0
54,61.88175919958792,0,enterprise,0
42,,3,basic,0
15,17.62897274740648,2,pro,0
8,25.850162397935147,0,pro,0
32,61.60634225343959,2,pro,0
40,32.894282048334276,0,pro,0
36,76.2618376292353,0,basic,0
39,83.23645150609073,1,pro,0
13,47.34540307653895,4,basic,0
1,50.589897612996566,0,enterprise,0
9,50.509430614121655,0,basic,0
31,44.14067943807535,0,basic,0
44,49.24299538305992,2,basic,0
43,45.33892851250574,0,pro,0
36,58.560130037001954,2,basic,0
45,43.329814379930795,0,basic,0
30,39.57499199368498,1,basic,0
42,43.99913976712197,2,basic,0
3,37.75469273206062,1,basic,0
53,48.387634187720934,0,basic,0
48,60.784268673219046,0,pro,0
45,91.1232899460795,2,enterprise,0
51,17.425050335880584,0,basic,0
55,22.43967901249633,0,pro,0
32,48.632259898821275,0,enterprise,0
25,50.631438146863196,1,basic,0
32,49.10199584334954,1,basic,0
3,87.44460789528736,1,pro,0
55,13.484936993948125,1,basic,0
11,46.89844664446624,1,basic,0
55,24.548665789152246,0,basic,0
17,43.94988461778339,0,enterprise,0
32,60.29464113821484,2,pro,0
3,21.128477047887856,3,pro,0
2,70.47567270243123,0,basic,0
7,33.078373707615256,0,basic,0
7,29.03736264215596,0,pro,0
31,17.083490123638313,0,pro,0
9,36.00515521199431,3,pro,0
15,35.15920927701522,2,enterprise,1
14,,1,pro,0
17,18.76035398203389,2,basic,0
51,54.261417261311685,1,pro,0
44,66.82596988509434,1,pro,0
56,44.96080122344221,0,pro,0
51,65.36867563884792,1,basic,0
13,36.138995495595594,2,pro,0
51,58.2836580432718,0,enterprise,0
3,43.32359588392095,0,enterprise,0
22,93.1778516889629,1,pro,0
7,44.32200525013644,2,pro,0
42,44.01447792435136,0,pro,0
35,58.076757022336885,1,basic,1
51,39.4223189376067,1,basic,0
39,46.07945015454166,1,pro,0
9,56.768354922793556,1,pro,0
53,67.50461154466794,1,enterprise,0
12,,2,basic,1
57,51.21430958017523,0,basic,0
39,46.57985015851328,1,basic,0
18,63.9537185337195,0,enterprise,0
16,66.42971504421979,0,pro,0
17,58.079305037748455,0,basic,0
12,55.32605530360069,0,pro,0
58,85.84266300852707,1,basic,0
22,32.564000805116606,0,enterprise,0
53,82.75270402883535,1,basic,0
1,60.77357799494036,2,pro,1
36,19.34949676427598,0,basic,0
26,52.60219366917204,1,basic,0
52,21.724133072185786,3,pro,0
3,47.54912458154122,0,basic,0
52,9.434594666488543,0,basic,0
15,64.60469956902462,0,pro,0
12,34.233395048637675,0,enterprise,0
13,83.05626389838442,2,pro,1
20,35.545444454669095,0,enterprise,0
20,51.12395361608678,1,pro,0
21,22.883463719788367,2,basic,0
8,47.467816520371876,1,pro,0
32,50.91847394124021,2,basic,0
28,60.1771951718589,1,enterprise,0
25,99.4754498989284,3,basic,0
41,83.02188407785606,1,basic,0
8,65.76077931921459,0,basic,0
20,43.597170917249215,1,pro,0
45,44.46089582312248,1,pro,0
55,44.02219328020024,1,basic,0
1,33.13656963470247,1,basic,0
51,63.67321299851837,0,basic,0
46,49.16671572594404,2,enterprise,0
19,60.88153150084944,0,basic,0
55,45.416360548707296,0,pro,0
3,57.86772411591085,3,basic,1
51,85.6339692530995,0,basic,0
46,57.5436334649606,2,basic,0
34,69.09886244910263,1,pro,0
15,33.66765374579167,1,pro,1
18,47.72256219729217,0,basic,0
20,43.15236566196094,0,basic,0
35,60.835163918799815,0,enterprise,0
35,56.785071572092846,1,basic,0
52,37.45511252852801,0,basic,0
59,58.01275587441789,1,basic,0
56,53.55981128487898,1,enterprise,0
18,19.8344832052247,0,pro,0
58,50.62098584798524,1,basic,0
28,75.04269024846229,0,basic,0
44,33.58427815514544,1,enterprise,0
38,73.26133710819389,0,pro,0
28,65.43231730594852,2,basic,0
41,54.97730796231568,2,basic,0
14,60.50532252908446,0,basic,0
13,35.56705587558744,1,pro,0
8,65.82282782969959,0,basic,0
36,23.306690575062984,1,basic,0
49,29.31312819082357,0,enterprise,0
33,62.579769172319644,2,basic,0
34,29.77287378615881,1,pro,0
39,92.03347950847686,1,pro,0
54,58.653887235113274,0,enterprise,0
7,70.0605190365207,1,pro,0
37,71.36913513255818,2,pro,0
8,44.14725650224786,0,enterprise,0
41,52.5447096508404,0,basic,0
58,61.556174235652016,1,enterprise,0
52,52.21204069515131,1,basic,0
49,83.63665170853946,0,basic,0
54,72.8312810524973,1,basic,0
49,56.56781939229445,0,basic,0
50,77.5493543357772,3,pro,0
56,53.66135080589141,0,pro,0
15,67.79155244456587,0,pro,0
57,55.49078524887496,2,enterprise,0
45,46.87964016412414,0,basic,0
24,33.430775597259895,0,pro,0
55,37.804008359716136,0,pro,0
45,53.14106131209632,1,basic,0
58,60.624200417624216,1,enterprise,0
38,9.352701285403349,1,basic,0
59,43.71331945952891,2,pro,0
34,63.484149760885686,0,basic,0
57,48.6082615272115,2,pro,0
41,29.660504457152097,0,basic,0
49,31.422396081974988,1,enterprise,0
19,85.30488728294885,0,basic,0
50,19.71495463935765,0,basic,0
51,44.890299227894225,2,basic,0
24,68.03510790427116,1,basic,0
25,11.539530727921118,4,enterprise,0
41,64.9097978361665,0,basic,0
9,20.317819643197105,2,pro,0
59,71.56253547462465,1,basic,0
1,104.67245994794801,2,basic,0
11,26.329072876185002,0,enterprise,0
38,49.99294940660199,1,pro,0
49,58.688448436641465,0,basic,0
14,39.933308306871304,0,basic,0
38,62.26249949242123,1,enterprise,0
57,37.078461173233976,0,pro,0
10,40.013371150902756,1,basic,0
12,34.98651678220904,0,basic,0
15,50.2742700580447,1,basic,0
19,60.78327598395498,2,pro,0
35,70.74315505535839,0,enterprise,0
59,49.10759513512823,0,basic,0
49,29.840654404919565,1,enterprise,0
31,41.58241479619254,0,basic,0
37,40.92737625821662,1,basic,0
55,43.39431753443775,2,basic,0
57,62.86845231807347,0,basic,0
47,48.39053443579473,1,basic,0
48,53.02373175694072,1,basic,0
8,52.15154299264519,2,basic,0
19,49.29824251579996,4,pro,0
13,41.62387012329842,0,basic,0
48,65.63919636470271,1,basic,0
23,49.23407259877884,3,pro,0
4,48.74386290224551,3,basic,0
52,28.537918527735172,1,basic,0
55,36.83712498875726,2,pro,0
20,38.89349204279656,1,basic,0
57,62.20078521141284,1,pro,0
28,15.722834170765609,1,enterprise,0
19,65.34517389470336,0,basic,0
29,53.15099009924435,0,pro,0
31,36.42410752850456,0,basic,0
20,33.573956991180296,0,basic,0
38,60.75683482446038,1,pro,0
47,54.86237032443521,1,basic,0
50,10.929112346022308,1,basic,0
4,36.74260033654316,1,enterprise,0
24,32.208671072737246,0,enterprise,0
14,49.09624526514885,0,enterprise,0
52,37.8042875334427,1,enterprise,0
49,59.700302264234196,1,enterprise,0
17,40.08760749856304,0,basic,0
37,45.00027273943212,0,basic,0
12,75.3279746983051,3,basic,0
31,45.70938678820406,2,basic,0
58,40.55118247701649,0,basic,0
22,51.23955637289726,1,basic,0
15,24.525803865129294,0,basic,0
8,18.537503179254152,2,pro,0
21,49.823752075465116,0,pro,0
27,38.592653406657575,0,basic,0
40,21.77077258699937,1,basic,0
59,68.78142317523007,1,enterprise,0
20,63.92599229100803,0,pro,0
36,54.67091590796824,0,basic,0
59,39.503965566418316,1,pro,0
35,46.150972174953736,0,pro,0
33,38.613834717627256,2,basic,0
59,67.26746513999255,1,basic,0
57,21.32737827834244,0,basic,0
53,55.47517040198589,1,pro,0
12,50.38708820567938,3,basic,0
59,27.404398304612553,1,pro,0
47,62.388436999409286,0,basic,0
57,43.21986698151201,0,enterprise,0
24,87.39306017162113,0,pro,0
40,73.48800801380682,0,pro,0
50,48.902414066316304,0,enterprise,0
19,42.490921606796384,1,pro,0
50,36.375181390199465,4,pro,0
38,35.59551460527514,1,basic,0
57,56.31772004496743,2,basic,0
21,21.349492986953006,0,pro,0
21,69.43214773101258,1,basic,0
48,63.97518761878423,1,basic,0
3,47.329334364209856,0,basic,0
9,65.0016563107731,0,pro,0
11,95.95750472070162,1,basic,0
28,55.942281490516386,2,pro,0
23,84.38889785630396,1,enterprise,0
50,44.135696563251955,2,enterprise,0
57,,0,pro,0
27,70.0342488666266,2,basic,0
34,11.690933249627939,1,basic,0
36,69.19223511759053,1,basic,0
24,49.98362157640783,0,pro,0
6,40.394040736958566,2,enterprise,0
52,51.718420708428496,2,enterprise,0
17,52.22688598241554,2,enterprise,0
44,74.95184471399546,1,basic,0
57,66.83606318884908,0,basic,0
39,54.01828237630512,1,basic,0
39,45.58908517393938,1,pro,0
42,31.10904485020422,2,enterprise,0
22,53.982036564997664,1,pro,0
41,0.0,3,pro,0
31,69.31845038091569,0,enterprise,0
47,49.97808120488178,1,basic,0
46,16.762161920504752,2,basic,0
35,61.29790107301943,1,basic,0
47,32.2219826275244,0,basic,0
4,40.679315179017664,1,basic,0
49,14.278017514150541,0,basic,1
57,35.021545405683824,1,pro,0
18,53.18937742801543,0,enterprise,0
35,48.3105896514306,3,basic,0
15,55.778898129534646,1,pro,0
33,35.37309267065281,1,pro,0
38,61.21654170265835,1,basic,0
54,20.32657585822228,0,basic,0
32,38.53448886326744,0,pro,0
38,,1,basic,0
34,43.71864960508152,1,pro,0
55,38.897650516030865,0,pro,0
13,45.93141815108005,0,basic,0
12,61.206115003137455,1,pro,0
19,76.0096439471977,1,enterprise,0
23,26.213635940968487,0,basic,0
45,44.93546981971315,0,pro,0
6,10.564631190407013,2,pro,0
22,86.28417459733095,3,pro,0
6,75.72826253788675,2,basic,0
45,59.04261204734627,1,basic,0
22,73.99398585825647,0,basic,0
3,66.94983933187221,1,basic,0
42,37.10299518567297,0,pro,0
57,64.22003339940855,2,basic,0
21,73.33399469011394,0,pro,0
13,66.00572424032381,1,basic,0
39,48.201870509506826,3,basic,0
29,42.22598388628312,1,basic,1
1,97.44791127445801,1,pro,0
55,55.41512161160268,2,pro,0
8,60.92275900220916,5,pro,0
15,21.950226892604544,2,basic,0
22,63.65636704430898,1,basic,0
14,54.93918738524221,0,basic,0
35,32.764256543573325,0,pro,0
59,,1,pro,0
43,49.94614005521138,0,enterprise,0
54,62.96393298872552,0,basic,0
29,59.211759169236416,0,pro,0
32,36.01604110492819,0,basic,0
22,55.7879195343145,1,basic,0
4,77.68394506417755,0,pro,0
40,27.886269189451255,0,pro,0
36,29.264099277644448,3,enterprise,0
2,31.765977709786593,1,basic,0
15,64.80798690876772,1,basic,0
1,40.75135812343814,3,enterprise,0
13,55.87845169148862,1,pro,0
42,72.8361133267872,0,basic,0
55,27.47841615951883,0,basic,0
42,79.45523650041778,1,pro,0
37,50.564049072898946,2,enterprise,0
54,46.47785911447106,1,enterprise,0
27,80.57297896372197,0,enterprise,0
26,59.12246868422311,1,pro,0
4,23.672246135139208,1,basic,1
30,48.79259959966663,0,pro,0
22,34.54629528091432,0,enterprise,0
31,55.28977262958134,2,pro,0
51,40.56973544584537,1,basic,0
9,43.18921495632381,0,enterprise,0
18,69.14827900280584,2,enterprise,0
10,16.10275902584371,2,pro,0
20,55.59088178842589,2,pro,0
20,45.2954401878282,0,enterprise,0
36,56.43561893600695,0,pro,0
40,2.5415969255862407,1,basic,0
15,30.88103843979233,2,basic,0
17,41.81496047956159,0,basic,0
33,83.01920006374925,4,basic,0
46,24.84812280773263,0,pro,0
46,27.485293593838623,2,basic,0
21,46.13747185977077,3,pro,0
17,56.32135025785328,0,basic,0
13,37.70725373264075,1,enterprise,0
28,51.68639089835297,0,basic,0
36,17.253473668462725,2,pro,0
34,83.7562037028791,2,pro,0
52,43.193661833398025,1,basic,0
22,52.52586400998301,4,basic,0
30,104.01635069990564,1,pro,0
14,38.725918175440434,1,pro,0
27,25.15733382405898,0,basic,0
7,30.190853064015403,5,pro,0
27,83.39686573783914,0,pro,0
34,46.19120106848537,0,pro,0
5,34.32034335606409,1,pro,0
56,49.25852833821166,0,basic,0
3,49.02401863700284,2,pro,0
2,70.12502172415047,1,basic,0
5,64.40542061133301,1,pro,0
52,57.54449028643379,1,enterprise,0
46,59.66075499997538,0,pro,0
57,33.88397947835229,0,enterprise,0
38,24.819906140834217,1,basic,0
32,58.12715117592626,2,enterprise,0
23,60.540357625290056,3,basic,1
58,53.442234450703815,1,basic,0
38,55.77223972606074,2,basic,1
42,,0,basic,0
27,27.218687850674556,1,enterprise,0
33,43.24612388695198,1,basic,0
50,32.70913821184111,0,enterprise,0
28,12.835315808887245,2,basic,0
40,60.68444742819118,2,basic,0
28,45.481882335683046,1,pro,0
45,58.18841936834828,1,basic,0
41,62.666877098375906,0,enterprise,0
38,31.95857754424746,3,basic,0
14,80.18187337130843,2,basic,0
16,56.100321691585336,1,pro,0
43,70.21591589254092,1,basic,0
13,83.91263521440965,0,pro,0
29,40.50353619227203,0,pro,0
28,37.70690878919794,1,basic,0
40,53.61721711292753,0,basic,0
5,72.22845139094348,2,pro,0
56,72.86310503081462,0,basic,0
26,10.624652347557607,0,basic,0
14,78.73951686480657,0,pro,0
42,41.10153369345026,0,basic,0
24,59.82238690215696,1,pro,0
7,23.52580109557719,0,basic,0
17,32.35625363345052,2,basic,0
29,57.326492794019345,0,pro,0
4,14.313523583878549,0,basic,0
32,66.1579904802504,0,enterprise,0
37,,0,enterprise,0
20,55.53686480775481,1,pro,0
38,52.96409712695974,0,pro,0
37,38.917947711442835,1,basic,0
59,76.26839259315308,1,pro,0
34,96.82629481460434,0,basic,0
36,62.615124801037425,2,basic,0
38,15.686758939130911,0,basic,0
24,52.43811314957038,0,basic,0
4,45.48520623735817,1,basic,0
54,68.20843346400942,0,basic,0
24,51.22748510481971,0,pro,0
1,92.86482345332982,2,basic,0
11,63.86354452691015,0,enterprise,0
18,61.96821980217031,1,basic,0
42,43.13993533893855,2,enterprise,0
45,32.211637425599235,2,pro,0
48,48.30286702293126,1,pro,0
10,54.059584056945056,0,enterprise,0
32,59.58445440278497,1,pro,0
22,54.02379152569862,0,basic,0
15,44.401868086472064,1,basic,0
51,50.99023641863922,1,pro,0
42,40.7476185615444,0,basic,1
21,30.207826575874076,0,basic,0
6,32.64995716641343,4,basic,0
15,,1,pro,0
28,64.51189808571752,0,basic,0
53,45.66752353865864,1,basic,0
48,47.267920856719705,1,pro,0
5,60.925452540043956,2,enterprise,0
2,47.272426494119415,1,enterprise,0
51,112.83592962608353,2,basic,0
23,52.57122747906789,1,pro,0
19,39.61164643964861,0,pro,0
47,13.783939844238724,5,pro,0
13,54.20324060372327,1,basic,0
45,70.50022891076071,2,basic,0
29,48.87340549809334,0,pro,0
10,74.8235136747871,0,pro,0
29,38.1392529832909,0,basic,0
49,47.97780936944314,0,enterprise,0
57,46.29256181132951,2,pro,0
37,34.973448293923504,0,basic,0
45,20.34719832507514,0,basic,0
15,30.94416726769649,0,basic,0
28,11.964046394708078,4,enterprise,0
14,65.18180750583993,0,pro,0
34,46.5713043216317,1,pro,0
25,47.92572514190074,1,basic,0
19,38.51386242123576,1,basic,0
9,69.0348605001842,0,pro,0
58,33.074505434076606,0,basic,0
39,83.69436050682882,1,pro,0
23,71.70006477329895,1,basic,0
18,36.01771919234601,3,basic,1
53,45.98888545409563,0,pro,0
11,62.58268030468909,1,pro,0
39,75.02836025957535,1,basic,0
32,34.15471420392258,3,enterprise,0
55,40.02005402269004,0,basic,0
50,100.0993282385215,0,basic,0
21,68.39148904673719,2,enterprise,0
37,67.92997072783729,0,pro,0
25,88.67249967582163,1,pro,0
2,58.91716398044637,0,basic,0
22,40.87504479031492,1,enterprise,1
34,15.421822671902945,0,basic,0
49,67.23609782934065,1,basic,0
59,27.332729336159716,1,enterprise,0
57,63.41520959888439,0,enterprise,0
6,10.503388523503283,1,pro,0
49,40.51295548686263,0,enterprise,0
13,49.640695486693815,2,enterprise,0
27,24.969569101072608,2,pro,0
31,39.06397222855007,2,basic,0
49,33.36414354859446,3,basic,0
43,52.59592761695662,1,pro,0
44,24.81889279150348,0,enterprise,0
58,44.758867104609905,1,pro,0
31,77.48284383734625,0,basic,0
12,78.01659535834213,1,basic,0
11,87.80801515469345,1,enterprise,0
49,58.30399034452108,0,pro,0
15,41.857879240307824,2,basic,1
22,56.573043459508,0,basic,0
42,64.20717973194935,1,basic,0
23,55.59821438408808,2,pro,0
12,79.00508577917685,0,basic,0
23,36.848664164805946,0,basic,0
34,45.8571560227153,1,basic,0
36,19.60449422395864,1,basic,0
48,41.58083605318687,2,basic,0
15,74.79973242760283,0,pro,0
39,51.049233650334685,0,basic,0
51,64.9609796102461,0,basic,0
36,58.55259270905644,3,enterprise,0
46,69.2861718313403,2,pro,0
16,33.29281793890354,1,enterprise,0
48,60.69788909212102,3,enterprise,0
8,63.594076025141234,2,basic,0
40,73.15060126311276,1,basic,0
3,77.88903924278763,0,basic,0
22,40.060195287532935,0,basic,0
3,21.371008750000765,3,pro,0
25,37.1605646640177,1,basic,0
14,76.47160639928913,0,basic,0
18,30.135911859771486,0,pro,0
33,22.47242697506669,0,basic,0
38,23.779966610411883,0,pro,0
25,23.99314084924573,1,basic,1
6,64.41396396285805,0,pro,0
13,34.65067102039717,0,basic,0
32,37.50921185581017,1,basic,0
18,72.8603629715365,1,basic,0
2,68.71817537953311,1,pro,0
28,67.62858467896568,1,pro,0
50,34.69297151735304,1,basic,0
48,15.930197727160348,0,pro,0
1,57.04062958672024,0,pro,0
39,85.10822222201628,4,enterprise,0
12,42.877961061669446,1,basic,0
3,44.56331494686361,1,basic,0
31,0.0,1,basic,0
29,84.64801483393339,1,basic,0
9,46.01574723428943,0,basic,0
11,15.177328734241442,2,pro,0
23,48.81686162663468,2,basic,0
51,38.08924014366289,2,basic,0
8,62.55889853297634,0,pro,0
53,93.06494673995039,2,pro,0
29,33.89642916390621,1,basic,0
33,53.11169550020264,2,pro,1
58,42.30491302800423,1,basic,0
44,36.71240222378964,1,pro,0
19,59.20384608354014,1,basic,0
41,80.94923667201886,0,basic,0
40,58.79970305765589,1,basic,0
49,41.46697197558623,1,basic,0
30,60.36861871017203,1,basic,0
17,54.73321662259349,1,basic,0
34,66.30291075663912,0,basic,0
14,38.968067047437316,0,pro,0
34,52.75638754125547,1,basic,0
45,82.94807567288143,1,pro,0
45,50.38108150411575,1,enterprise,0
57,69.54150268519487,1,pro,0
8,49.79171057133625,1,pro,0
14,51.41369874601459,2,enterprise,1
49,35.14908605673515,3,enterprise,0
34,106.99511129737306,3,basic,0
10,73.96053892397352,2,basic,0
33,,1,basic,0
38,73.15420147784168,2,pro,0
23,29.601890936312593,2,basic,0
15,34.832256065233324,2,enterprise,0
45,46.3735667650251,2,basic,0
58,16.374753730405544,0,basic,0
8,31.92821498932162,0,pro,0
30,66.5979460301735,0,pro,0
22,7.298297642954694,0,basic,0
11,31.992104756329656,3,basic,0
26,47.917584415780944,1,basic,0
15,48.05233574986137,1,pro,0
57,49.27275325780212,0,basic,0
13,34.65459659286035,1,basic,0
41,68.12676449297726,4,basic,0
29,2.6428616628407937,1,basic,0
42,58.256181098709206,0,pro,0
36,,2,pro,0
59,35.39644638039789,1,pro,0
32,48.45216630794566,1,basic,0
14,82.1231799874738,0,basic,0
27,31.68593469292086,1,basic,0
36,20.947904023474308,2,basic,0
20,69.44762439279253,0,basic,0
7,48.26018660184146,0,pro,0
13,50.190375013392654,0,pro,0
10,61.17320465969858,2,basic,0
49,70.02705155642997,3,pro,0
42,53.13787661001675,1,pro,0
54,7.6794987829170225,3,pro,0
49,45.82242244672774,3,enterprise,0
12,50.37097119479079,0,basic,0
38,26.752359833155204,2,pro,0
55,29.439617939063428,1,basic,0
35,62.725169011098174,1,basic,0
39,54.85977654828766,1,pro,0
47,31.81471260368049,0,pro,0
4,61.23268647957066,0,basic,0
57,52.65471512461411,2,pro,0
50,24.066228083477107,2,pro,0
55,44.45990314119792,1,basic,0
6,23.630871125439597,1,basic,0
48,,2,basic,0
50,55.99040088574404,1,basic,0
26,25.416509286706038,0,basic,0
11,24.975670929616214,0,basic,0
46,57.51058427505398,1,pro,0
10,29.750906659494447,1,pro,0
14,44.482504392767105,1,basic,0
40,44.90719400337473,1,pro,0
54,,3,basic,0
56,57.59132452889752,0,basic,0
17,41.284121475338104,1,basic,0
3,34.42617689002833,0,basic,0
58,40.70212668143618,2,enterprise,0
49,73.29835521853421,2,enterprise,0
18,68.64702957858246,0,pro,0
5,48.9016543294118,0,pro,0
16,74.64685237339128,1,enterprise,0
18,64.21469442226064,1,pro,0
20,28.487636152687582,1,basic,0
32,80.30661069716777,1,pro,0
29,106.14460844594842,0,pro,0
21,57.27971432674935,2,basic,0
12,17.52551897407819,0,basic,1
58,80.08342855791122,0,pro,0
16,62.22215740104518,0,basic,0
9,47.854043632156305,2,basic,0
53,9.236695682052769,3,basic,0
37,47.92032696901585,1,basic,0
55,43.9794075360584,0,basic,0
17,43.66491680031676,0,pro,0
10,41.5506933022571,1,basic,0
33,69.27942206096478,0,basic,0
27,41.55907513862969,1,pro,0
2,58.65389139207355,3,pro,0
25,11.78370625379938,0,basic,0
39,30.188108166897287,0,basic,0
49,49.862247915883344,1,basic,0
50,32.13548884990194,0,basic,0
39,50.781626235990444,2,enterprise,0
17,49.02686254271267,0,basic,0
25,53.821500373224424,2,basic,0
18,43.418019820347766,1,pro,0
47,62.83668803838931,0,pro,0
11,22.747376909926338,1,pro,0
36,42.03789189134936,1,enterprise,0
26,80.64212932116101,3,basic,0
13,41.69835595663995,1,pro,1
9,80.81922830664048,0,basic,0
47,57.069232433326405,2,pro,0
5,45.289492586685355,1,pro,0
28,51.87636815524732,1,pro,0
38,82.12177324950926,2,basic,0
53,43.77597709835626,1,basic,0
8,27.786604867958967,3,basic,0
40,60.125530331932964,0,basic,0
59,64.49875390155347,1,basic,0
9,67.24791591021199,2,basic,0
20,19.539603042359744,0,basic,0
45,58.080668965108515,0,basic,0
45,51.45117280102207,1,basic,0
35,45.11824711331433,0,pro,0
54,40.5989285642188,1,pro,0
32,59.444613454012014,0,pro,0
36,48.69736390500706,0,pro,0
25,49.1184095043876,2,basic,0
6,90.10413421767902,0,basic,0
40,51.18204312013965,3,basic,0
36,26.816868973197693,0,basic,0
4,31.55724547515794,0,pro,0
28,34.74105399323514,0,pro,0
30,17.67715443791593,0,enterprise,0
30,71.73371691847233,0,basic,0
56,87.22059034134654,1,pro,0
23,37.32934950283909,4,pro,0
13,68.13657253027124,2,pro,0
52,34.90878638654615,0,enterprise,0
9,36.20178024161673,0,pro,0
4,14.852167698130252,1,pro,0
25,48.73423804024395,0,basic,0
5,74.61337321277978,1,enterprise,0
31,75.21621287302723,0,pro,0
36,60.49786362808418,2,pro,0
23,44.55444606849085,0,basic,0
11,74.05729798890609,0,pro,0
29,84.78705179743827,0,pro,0
27,34.595426360641724,0,enterprise,0
40,55.29856934030369,0,basic,0
54,48.92804535026304,1,pro,0
47,37.080510751173875,2,basic,0
55,26.42039603355611,2,basic,0
4,33.30360757032143,1,basic,0
58,52.1977194868057,1,basic,0
23,55.0974821993935,1,pro,0
56,52.79138384287993,2,basic,0
37,75.62792437903545,2,pro,0
41,36.193057694285244,1,pro,0
2,24.784983181920914,0,enterprise,0
2,26.377767855051847,1,pro,0
57,57.908654278584834,1,basic,0
21,39.20817150856276,0,basic,0
38,17.003737555000093,1,pro,0
49,68.5028256493703,3,pro,0
29,78.00674456537162,0,pro,0
59,53.61754880053454,0,pro,0
27,62.870505029780155,1,basic,0
1,22.065919125674732,3,basic,0
9,21.719963430945164,2,basic,0
27,53.250970203247896,0,enterprise,0
4,54.19350937493303,0,enterprise,0
52,46.145182077662504,1,pro,0
41,44.21948600016127,1,enterprise,0
4,37.429022511834056,0,enterprise,0
55,78.8545748984299,1,basic,0
56,32.86767556069408,1,enterprise,0
47,47.335123123701855,1,enterprise,0
50,70.78270864070396,1,basic,0
2,29.595567245535392,1,pro,0
31,52.88458660764646,1,pro,0
3,47.71084055434228,1,basic,0
19,62.35550105958835,0,pro,0
31,1.0958352705076706,1,basic,0
29,44.06865285948462,2,pro,0
34,34.290408673681185,1,pro,0
40,71.8272341953589,1,enterprise,0
36,48.885609912115434,0,basic,0
46,38.74270768352609,0,basic,0
52,67.72313742453298,2,pro,0
13,62.79809552715379,1,enterprise,0
53,70.33598393696927,0,enterprise,0
48,71.67173430495254,0,pro,0
59,65.39375824069202,1,basic,0
44,38.555450939371745,1,pro,0
20,55.96697408616243,1,pro,0
19,55.93345682819077,0,basic,0
28,57.2264165200351,4,pro,0
25,56.767018381285766,0,basic,0
59,51.85578805901961,0,basic,0
33,41.62999007657352,0,basic,0
42,48.56574948309964,1,pro,0
40,30.372532278443344,1,basic,0
4,32.04505200895362,0,enterprise,0
50,64.47529920271006,0,basic,0
54,43.61130705884902,0,enterprise,0
25,51.8462000555045,3,basic,0
37,39.23192692603828,1,pro,0
11,17.35208677033316,0,pro,0
12,41.98161248673094,2,enterprise,0
54,82.30242417092585,2,enterprise,0
21,47.92277189473317,1,pro,0
50,36.360952061701816,1,pro,0
35,63.85679566199461,0,enterprise,0
24,40.31073656643109,0,pro,0
39,37.730886476442386,0,basic,0
18,18.718602946786106,0,basic,0
25,15.661072511297618,3,pro,0
34,58.30401379476008,1,pro,0
44,52.738828831150194,0,enterprise,0
26,50.7413249032156,1,basic,0
32,63.82385214774804,0,basic,0
7,40.79576573181404,1,basic,0
58,50.35786217413555,0,pro,0
4,32.61761105814622,2,pro,0
51,32.7446340666815,1,basic,0
42,34.9922000672354,2,basic,0
9,69.31508776435831,3,pro,0
14,64.1022569075153,0,pro,0
7,29.821469005929572,0,pro,0
15,43.58523509088949,1,basic,0
51,52.3635489683914,0,basic,0
58,33.84287384299087,0,pro,0
36,63.4649967746361,2,pro,0
32,34.233479052957705,0,basic,0
58,43.23679832442016,1,basic,0
15,43.24051912160852,4,basic,0
26,13.007011697385245,3,basic,0
40,14.90088941489634,0,pro,0
11,32.66687887947376,4,basic,0
1,73.62470123250841,1,basic,0
3,61.5376680405965,1,basic,0
57,58.93968312856593,2,enterprise,0
46,37.400588209485626,0,pro,0
16,40.552002708796806,0,basic,0
5,50.79588161112204,1,enterprise,0
34,55.28376304380882,2,pro,0
38,19.473079843632092,0,basic,0
26,35.66829896581184,0,basic,0
34,34.521206265554646,2,basic,0
17,76.10670415456482,0,enterprise,0
44,38.97331635563873,1,pro,0
34,33.50927487610426,0,enterprise,0
56,66.16103408760641,0,basic,0
1,41.03096315917568,1,basic,1
14,68.4656680110811,0,pro,0
3,30.51887289743474,0,pro,0
29,87.50838098265139,0,basic,0
7,48.18770083426893,1,enterprise,0
45,52.60570409763719,0,basic,0
11,45.05260167823249,0,basic,0
12,48.88232853507337,0,enterprise,0
45,50.22290666788064,2,basic,0
6,43.223966979711555,2,enterprise,0
34,74.64050505752944,0,basic,0
9,4.7394403616537915,0,pro,0
59,25.564592152297564,1,basic,0
55,42.34043470855105,1,basic,0
35,,1,basic,0
47,78.63468434944188,0,pro,0
44,60.87133048890749,0,enterprise,0
12,49.81597897498984,0,basic,0
59,33.76894374348855,2,pro,0
1,89.11300354063147,1,pro,0
54,67.24862893381491,1,pro,0
38,100.8723132447756,1,pro,0
21,20.042941872664024,0,basic,0
19,84.33569576747493,1,enterprise,0
57,47.894947515119945,0,basic,0
14,32.8260953640097,1,basic,0
54,52.470595820772154,0,pro,0
12,52.2891115772671,2,basic,0
55,43.6487070289638,1,pro,0
28,20.917794710194556,1,pro,0
53,42.94048337407768,0,basic,0
21,24.256220382384257,1,enterprise,0
48,51.712235095736716,0,basic,0
56,22.691826410585175,1,basic,0
38,54.301220056237874,1,basic,0
34,41.67385481882313,0,basic,0
45,69.01594055215284,2,basic,0
54,34.15504859046155,0,basic,0
55,22.76325138172808,1,pro,0
55,,0,pro,0
51,55.113371361864104,0,pro,0
54,128.6355576075531,1,basic,0
55,22.155609200236896,0,basic,0
30,37.21880816901198,0,basic,0
27,80.53932106912976,2,pro,0
35,62.75273896501638,4,basic,0
30,75.06295538408983,0,pro,0
32,55.73104639719621,0,basic,0
5,,0,basic,1
2,50.54471093589455,2,basic,0
23,27.20675554601382,1,basic,0
56,53.67547103886135,0,basic,0
19,29.90717886680564,3,enterprise,0
9,61.90477623533178,1,pro,0
44,0.0,1,basic,0
33,7.611232670632191,1,basic,0
35,46.084295853543644,0,basic,0
41,50.72738816938707,0,basic,0
40,85.69820201329385,1,basic,0
47,32.242483236282595,1,basic,0
34,61.15125836888719,0,basic,0
32,12.32740142096069,1,pro,0
57,95.90027668484035,2,basic,0
38,0.0,0,basic,0
16,78.42645516828807,2,enterprise,0
49,40.70059993833395,2,basic,0
45,11.51115236124673,1,pro,1
38,36.39377877005674,0,pro,0
21,65.2957136942762,1,basic,0
40,44.62667978334163,0,pro,0
49,30.53822049438206,0,pro,0
51,50.87581813833065,2,pro,1
33,47.135891362478446,1,pro,0
5,65.53892381899722,2,basic,0
31,60.868215177515886,3,pro,0
31,37.6755503460647,3,basic,0
42,31.6076436946298,2,enterprise,0
2,47.91145790987082,0,pro,0
59,43.90279562450719,1,enterprise,0
9,52.282454033809685,1,pro,0
47,26.426658663799923,1,basic,0
2,49.480365199788416,0,pro,0
58,30.544318703244336,1,enterprise,0
52,58.253446363074005,0,pro,0
34,52.332517191607444,1,pro,0
20,42.014426928361495,2,basic,0
29,15.373087486265568,3,pro,0
31,69.52098236619834,1,pro,0
11,29.921134590749116,1,basic,0
47,37.424883108323655,1,pro,1
37,45.28070734187499,1,enterprise,0
41,55.20028170544607,1,pro,0
9,36.09564370314328,1,basic,1
55,36.56215925362541,1,basic,0
31,18.466988959173914,2,basic,0
29,67.97659814195254,3,basic,0
3,37.22398192811849,2,pro,0
42,37.711509079267756,3,basic,0
50,5.432348940153133,0,pro,0
52,35.31952466777801,0,basic,0
11,64.75080134489286,3,pro,0
7,68.33327988146962,0,pro,0
14,26.4058477502012,0,pro,0
28,48.3810401820879,0,pro,0
5,59.84316826708371,1,basic,0
6,18.710855140263625,0,pro,0
24,39.68537992578784,3,basic,1
33,61.45727706433224,0,basic,0
2,69.2989804447908,0,enterprise,0
19,18.371200353644404,2,basic,0
32,25.228475121909845,1,basic,0
50,70.61096036021421,1,basic,0
35,39.259510475237114,0,pro,0
28,54.54756558029519,2,basic,0
8,24.057679059383254,1,pro,0
10,70.6975312220077,1,basic,0
28,55.13769086615641,1,basic,0
52,75.64745037234513,1,pro,0
46,28.44470773998222,1,basic,0
26,36.36345648591147,2,pro,0
33,22.8605447686545,1,basic,0
2,22.48297558732302,1,basic,1
26,20.420353312030333,2,pro,0
16,50.244884387598965,0,basic,0
47,28.09959653970358,1,pro,0
23,45.7447649851667,0,pro,0
16,32.15921586596578,2,enterprise,0
2,53.03925169294019,0,pro,0
26,62.48097763157212,1,basic,0
9,61.98953309068646,2,enterprise,0
25,63.31334108359827,2,basic,0
18,43.080411748500836,3,basic,0
23,60.08866927423389,0,basic,0
20,40.72166680553049,3,basic,0
6,29.67536884591466,5,basic,1
26,21.140337198557255,1,basic,0
35,45.115142736943454,2,enterprise,0
18,51.5356795939949,0,basic,0
7,79.00078038629412,1,basic,0
19,36.71569736907554,0,pro,0
3,75.85618658637986,0,basic,0
28,15.202078965634087,1,pro,0
47,44.707313402431815,0,enterprise,0
21,93.58870144881381,0,pro,0
39,39.97844711395537,2,pro,0
45,28.745788920570906,2,basic,1
55,26.385153158551123,0,basic,0
47,91.61892291527839,3,basic,0
58,71.99825768354917,2,basic,0
2,35.92435919639058,0,pro,0
7,37.935404457999184,1,basic,0
10,0.0,1,pro,0
8,43.50654094853657,2,enterprise,0
7,78.33530244147966,1,pro,0
7,8.474654594028763,3,pro,0
21,68.94590613925212,2,pro,0
34,59.88611408608019,2,basic,0
22,79.12021559979773,0,basic,0
4,36.80530337163021,3,basic,0
45,53.00081523473726,0,pro,0
33,74.99220797153036,1,pro,0
44,57.70965014668046,1,basic,0
51,62.17803057414661,2,basic,0
53,41.667375156579794,2,enterprise,0
28,44.383302102562894,1,enterprise,0
41,36.37074380679272,1,basic,0
15,50.4639654116807,0,basic,0
36,48.83266555776635,1,pro,0
43,43.053665235137345,3,pro,0
59,5.267504734688714,0,enterprise,0
21,19.740468704298628,1,enterprise,0
38,46.78356788830958,0,basic,0
13,71.643637505335,1,pro,0
23,30.383920045420062,1,pro,0
54,37.55682306155581,0,basic,0
18,47.306232728460344,0,basic,0
26,67.64321288051299,0,basic,0
3,81.65717739990384,0,basic,0
2,53.82586176888875,1,basic,0
56,48.35671467047032,0,basic,0
13,32.21111307966903,0,basic,1
45,56.078876219666355,0,basic,0
9,42.37133501400234,3,enterprise,0
23,51.31787068922644,1,pro,0
6,30.380636267261153,1,basic,0
52,70.05515561126788,0,pro,0
48,40.073083049024106,2,basic,0
46,17.330003249998875,3,basic,1
55,47.48682078402294,0,enterprise,0
28,25.932173187407006,0,enterprise,0
3,58.98754739124358,0,pro,0
57,74.88581505601684,1,pro,0
15,59.222952121182416,1,enterprise,0
53,45.18931526765923,0,pro,0
46,31.624115189505286,0,pro,0
27,38.590192967073015,0,pro,0
7,91.11915408231887,3,pro,0
26,69.73267858762105,1,enterprise,0
48,28.143730568133623,2,pro,0
9,29.620405647162286,0,pro,0
34,56.15570969734489,1,basic,0
7,50.686641036174855,0,enterprise,0
56,51.01131898884427,1,enterprise,0
22,61.29222022062713,0,basic,0
58,27.32464988568492,1,enterprise,0
13,32.905304508880754,0,pro,0
1,69.31529331133655,2,basic,1
5,55.568168160373276,2,basic,0
18,44.26187423963712,0,basic,0
44,47.372894712042665,1,basic,0
29,62.25590156098592,0,basic,0
57,55.44373007422045,0,pro,0
39,35.94190972990845,0,basic,0
41,26.091931768317313,2,enterprise,0
39,65.35728096846438,0,pro,0
54,25.12023706747877,0,pro,0
23,,1,basic,0
52,26.427400349184232,0,pro,0
2,37.128198079187115,3,enterprise,0
39,71.23291395122033,0,basic,0
28,78.47610294845418,0,basic,0
31,50.917167444060446,2,basic,0
50,0.0,1,enterprise,0
22,47.068788319834375,0,basic,0
23,7.644121636231645,0,basic,0
30,39.45823218161672,0,basic,0
29,66.51421796821965,1,basic,0
19,65.41809212676519,1,basic,0
48,52.08163655384646,1,pro,0
11,54.53622286475389,1,basic,0
53,62.06778020278966,2,enterprise,0
30,41.70639421593157,1,pro,0
38,42.11829261743867,0,basic,0
40,73.73547964932197,0,basic,0
29,59.319315843660156,0,pro,1
35,73.85241473042306,0,pro,0
21,57.7421881863722,1,basic,0
44,57.402085829006126,2,pro,0
31,66.2605484599117,0,basic,0
20,63.996078394701726,1,enterprise,0
4,83.96216374672244,0,pro,0
1,61.62094035186173,1,pro,0
31,40.30075416646468,0,basic,0
13,41.862006255496595,0,basic,0
27,30.781686402069436,0,enterprise,1
18,54.299978040189416,2,pro,0
5,35.6707821435604,0,basic,0
33,23.559324018430612,0,basic,0
47,62.613289973728584,0,basic,0
23,79.24027501512097,2,pro,0
9,17.746362418733966,0,basic,0
39,,2,pro,0
29,53.994347448672016,0,pro,0
14,29.20019734973241,1,basic,0
27,35.90108839523415,4,basic,0
28,45.85851412782689,2,pro,0
21,95.55681234909035,1,basic,0
1,54.446017563655836,0,basic,0
53,81.34230678363963,0,basic,0
41,37.70544490494429,3,pro,0
23,70.93922686187922,0,basic,0
52,65.90680980385594,0,pro,0
31,36.243025529274895,0,enterprise,0
51,38.16060362859189,1,basic,0
25,59.51908097600453,1,basic,0
52,18.138477506535743,0,pro,0
30,49.19854884611383,1,pro,0
12,23.817843784039226,1,basic,0
16,49.80386391482559,2,basic,0
58,58.25296225557726,0,basic,0
32,63.5769597220103,0,pro,0
33,57.71523878758298,0,enterprise,0
55,46.01531101887733,2,pro,0
11,39.03251085315915,1,basic,0
25,32.72529424149452,1,pro,0
6,37.633462160691174,0,basic,0
10,41.2235483661735,0,basic,0
5,39.4129086571917,1,pro,0
42,53.28993821870245,1,pro,1
38,36.164028952131325,1,pro,0
47,17.99824040028234,0,pro,0
38,63.16171154255575,1,enterprise,0
36,34.63062650858057,0,pro,0
47,16.356556427579285,2,pro,0
24,31.224190623827425,0,basic,0
39,42.787400297761565,1,basic,0
55,45.208138521696,1,basic,0
31,53.8053627653346,1,pro,1
49,87.96261490946186,1,pro,0
10,23.343771585224285,2,pro,0
49,81.7449544694791,0,basic,0
44,52.98898544354546,0,basic,0
45,43.27335899112566,2,basic,0
1,4.770996131181505,3,pro,0
29,43.84884447209484,1,basic,0
39,62.6513037712292,2,enterprise,0
13,28.518128373653933,1,pro,0
10,19.027089118028073,1,enterprise,0
49,23.407308221155144,3,enterprise,0
10,52.94747558494343,0,basic,0
15,50.24241675419276,1,basic,0
54,81.43482025551319,1,pro,0
9,39.83156730966184,0,pro,0
55,65.5500563390805,2,pro,0
32,25.014247701291783,0,enterprise,0
43,44.969202892697425,1,basic,0
21,71.38672630637136,0,basic,0
14,,1,enterprise,0
4,59.901001602407256,2,pro,0
28,23.91835259858381,1,pro,0
15,30.587741456579792,1,pro,0
21,38.49054634140664,1,basic,0
54,26.71910331910984,0,enterprise,0
7,40.08999679288874,2,pro,0
11,78.7392304492252,0,basic,0
14,44.77695805008865,1,pro,0
11,54.494814130111536,1,basic,0
4,80.84769075599723,0,enterprise,0
27,49.99848281435343,1,basic,0
58,46.581639418472605,1,basic,0
54,39.82952346838027,2,pro,0
14,71.99551823745438,0,pro,0
6,67.8865074196821,1,basic,0
23,90.80026912643412,0,basic,0
3,91.1761953182241,0,basic,0
15,19.85520135769628,0,basic,0
12,65.18389509915434,1,pro,0
39,92.2626406312159,2,basic,0
8,56.393458224070486,0,basic,0
34,53.37637415322857,1,basic,0
37,27.09221269717532,0,basic,0
46,73.0670616434169,1,pro,0
24,29.941899179106795,2,basic,0
1,53.714918610587084,0,basic,1
45,43.533712526325175,0,basic,0
13,59.52582627654634,3,enterprise,0
44,41.59017005592378,2,basic,0
36,41.820509177997494,0,enterprise,0
56,71.00405396560436,0,basic,0
35,49.53469353038862,3,basic,0
25,68.56788164229495,2,enterprise,0
49,36.94079815779049,1,pro,0
9,80.02919271922684,2,enterprise,0
5,60.8345234359567,2,basic,0
41,74.88223027485778,0,basic,0
22,65.88642999429521,0,basic,0
18,18.782905176993538,0,basic,0
24,0.0,2,basic,0
1,71.5458279229215,2,basic,0
31,40.60165284890957,0,pro,0
27,42.109490349100625,1,pro,0
21,33.437485310999335,2,pro,0
37,39.02094077867651,2,pro,0
44,56.18917699747808,1,pro,0
49,67.89849395299659,1,basic,0
7,44.26281829595011,2,pro,0
15,6.297651535125908,1,basic,1
4,62.00099805820244,0,basic,0
4,56.01262588204051,2,pro,0
19,37.705301923094,0,pro,0
26,,2,basic,0
6,23.184301262348797,2,pro,0
14,75.0917477151176,1,pro,0
24,37.6641901531044,0,basic,0
49,74.13082867493755,0,pro,0
35,45.005690797470535,0,basic,0
55,67.58032026875631,1,pro,0
5,31.439388739747038,1,pro,0
17,24.655871892536865,0,basic,0
28,45.94657732930246,0,pro,0
56,15.17006669516698,1,pro,0
33,23.092937698365255,1,basic,0
35,59.34032697319984,2,pro,1
34,81.31688015848528,0,basic,0
39,53.58058317016602,1,basic,0
2,16.852414786800963,2,pro,0
40,29.386158712863644,2,basic,0
46,53.52221373758016,0,basic,0
46,47.12379390381779,1,pro,0
43,98.06433699434564,5,basic,0
6,87.8930605075999,1,pro,0
18,44.02298075685713,1,enterprise,0
55,92.10503078002152,1,basic,0
28,30.933165982378142,2,basic,0
2,30.98061605051743,0,enterprise,0
44,78.7964335177918,1,pro,1
12,29.027211212968833,1,basic,0
50,38.796791108116935,2,enterprise,0
46,82.23396259384178,4,pro,0
15,41.762812007336294,2,pro,0
38,77.4917842891708,2,pro,0
46,64.40093257929479,2,pro,0
19,41.65805111174632,0,basic,0
26,63.126526655573194,1,pro,0
57,72.88807692169478,0,basic,0
57,66.86734474246184,2,basic,0
2,33.26482777879609,0,pro,0
52,69.22565110388393,1,basic,0
59,3.0443270530537774,1,basic,0
22,43.82692558097108,1,pro,0
37,50.978163926195066,3,pro,0
22,68.96777759295108,1,basic,0
56,77.6586032584005,0,basic,0
29,22.760536957266105,0,pro,0
47,38.62945111189582,2,pro,0
57,47.26856023779698,0,pro,0
42,40.190030410317306,3,pro,0
9,57.268289717901496,0,basic,0
24,62.743155274604646,0,pro,0
33,63.523346995246364,2,basic,0
36,42.850867346368226,1,basic,0
39,114.17701563402073,1,enterprise,0
58,26.390163094371676,1,pro,0
43,45.73535384844935,2,enterprise,0
59,81.3076575955545,2,basic,0
4,66.57762374064419,0,pro,0
13,66.08006954773757,0,enterprise,0
36,75.72675206488144,2,pro,0
41,46.55373470196419,0,basic,0
27,52.55797588818652,0,pro,0
10,73.27753628007348,0,pro,0
21,83.2807050351898,1,basic,0
5,24.828073161094512,1,basic,0
58,40.258662746624836,3,pro,0
41,50.99662362835671,1,basic,0
7,69.15830744136233,3,basic,0
39,26.087501978898032,2,basic,0
42,69.99628678515559,0,pro,0
13,37.27581119488281,3,basic,0
13,66.21950964460862,0,basic,0
33,56.25137123426167,2,pro,0
56,80.99981977204408,0,pro,0
2,30.419267612070126,0,basic,0
30,62.64647444989228,0,pro,0
10,45.33102962335966,0,enterprise,0
27,36.98862334115037,0,pro,0
39,70.16390822668859,0,pro,0
15,31.58563631653838,1,pro,0
22,65.8877972041356,0,pro,0
32,30.17997147816732,1,basic,0
11,27.13153215847377,0,enterprise,0
51,64.86915797530445,2,basic,0
43,94.21099176047875,0,basic,0
5,60.24100763054315,1,basic,1
24,31.752183057938247,2,pro,0
39,57.46111126781652,1,pro,0
5,44.55884791219533,4,pro,1
9,37.19934147080222,0,pro,0
5,54.854862381755474,0,pro,0
14,61.323373438878406,1,enterprise,0
56,66.84333966539825,1,basic,0
51,29.81166199183715,1,basic,0
39,83.25108517825055,1,basic,0
5,44.41410045610216,4,pro,1
47,18.064578581707693,0,pro,0
44,33.268984566261935,0,pro,0
30,52.699970729299146,1,basic,0
4,32.997942330645834,1,basic,0
24,54.18222918243947,1,pro,0
31,31.894999862250426,1,pro,0
7,70.65196992045276,3,basic,0
37,,3,enterprise,0
31,44.66522254732223,0,basic,0
9,,2,basic,0
6,30.875590924328066,0,basic,0
48,46.586652855028944,1,basic,0
5,61.53465226978582,0,basic,0
14,57.21020979281843,1,pro,0
46,50.817395597082175,1,pro,0
29,67.23196941876351,1,basic,0
21,39.13548163282888,0,enterprise,0
15,49.224296904944715,3,enterprise,0
26,31.97930039217749,0,enterprise,0
46,48.223429907821014,0,basic,0
12,26.138915884761147,5,pro,0
15,,0,pro,0
15,49.20056321110516,0,pro,0
16,28.891988812684644,0,pro,0
6,64.71416650392916,2,pro,0
1,68.90205556798723,0,basic,0
52,61.06526185025899,1,pro,0
54,64.54177897172187,2,basic,0
17,59.74972401249366,0,pro,0
2,19.1157788305414,1,pro,0
24,27.244373306947104,2,basic,0
19,56.001717095689564,1,basic,0
57,27.68734209691203,0,basic,0
39,35.747972505668464,3,enterprise,0
12,48.64234887106287,2,pro,0
20,55.63312146760734,1,basic,1
1,17.786249808979058,0,pro,0
36,,0,basic,0
18,66.56245746025922,3,pro,0
22,56.97779959088625,1,pro,0
45,79.51204972152826,2,enterprise,0
52,40.08289566540489,2,basic,1
43,75.04315007823384,1,basic,0
10,92.81628257705196,1,basic,0
50,63.87350430435024,0,enterprise,0
2,69.50588171822,0,basic,0
9,69.84798463098724,1,pro,0
6,5.960309126632694,2,basic,1
23,35.527688507859224,1,enterprise,0
31,71.36514911862666,2,basic,0
19,24.02938086541652,2,pro,0
35,55.53741354681711,1,pro,1
57,60.51091231659383,2,basic,0
50,74.90148604077135,0,pro,0
27,46.897698422626284,0,basic,0
57,66.96370562267379,4,pro,0
35,49.18599789201901,0,enterprise,0
24,81.21834932721133,0,enterprise,0
11,36.71931674324138,0,basic,0
49,38.79586892464185,1,basic,0
3,,0,basic,0
24,82.98376234025068,1,pro,0
53,54.60254560533707,2,basic,0
22,48.84158199660101,0,basic,0
35,36.97744183398471,0,enterprise,0
8,70.45829140552485,0,basic,0
45,35.619766350041786,0,enterprise,0
52,44.465831507785566,1,basic,0
3,43.77114258837953,1,pro,0
20,71.73216789937312,1,pro,0
53,32.29535583195884,0,pro,0
39,32.562014511797386,1,basic,0
30,53.45741812387258,1,basic,0
31,50.2070379545464,2,pro,0
1,19.759240009105028,0,pro,0
59,31.639422822988276,0,basic,0
24,36.5175217728525,1,basic,0
16,50.15841506221565,2,pro,0
38,32.51341757711227,0,basic,0
33,88.8144203687769,0,enterprise,0
13,54.78372876852234,0,basic,0
47,73.56550927033916,0,basic,0
23,55.960893522584115,0,pro,0
12,54.23985908095519,1,pro,0
51,64.06327335233073,1,pro,0
49,42.49963923302643,0,pro,0
56,13.081796345018525,2,pro,0
33,58.191509310307794,0,enterprise,0
32,34.437681247460446,3,pro,0
7,75.68467664181676,2,pro,0
44,31.29382038597214,2,basic,0
58,52.469085982919005,0,pro,0
28,50.003679456880896,2,enterprise,1
25,38.0571279028624,0,pro,0
19,41.773794378934774,1,basic,0
29,45.906627582771875,0,pro,0
8,53.017033618850824,0,pro,0
47,54.60094861885864,1,enterprise,0
34,50.437197412359964,1,basic,0
57,49.234405345517985,1,pro,0
11,4.933686465957166,2,pro,0
15,77.13416785840785,1,basic,0
12,63.197767463019225,0,pro,0
9,24.22035028322736,0,pro,0
38,32.71539119819276,4,pro,0
44,6.7754550273592145,1,basic,0
34,0.0,1,basic,0
40,40.19418233490604,2,enterprise,0
2,82.92788084478521,1,pro,0
27,52.615595940856046,1,basic,0
7,54.009297372717285,2,basic,0
39,51.149779047691815,1,basic,0
22,61.42429329694667,1,basic,0
56,48.87140532904236,0,pro,0
20,33.17857341904076,0,basic,0
50,37.916825275342475,1,enterprise,0
42,63.48396016625641,2,pro,0
34,41.83116912160136,0,enterprise,0
30,11.559255669258967,1,basic,1
54,60.82589675203927,0,enterprise,0
37,54.40477112693931,0,basic,0
54,76.66578808200588,1,pro,0
40,51.99490589681197,0,pro,0
46,50.15414792920506,0,pro,0
45,47.72624241567075,2,basic,0
7,34.0352489910619,2,basic,0
13,55.37652447820355,2,enterprise,0
34,39.543522577446055,1,basic,0
31,29.208628443117036,1,pro,0
36,47.82093389139857,2,enterprise,0
33,51.79133182657643,0,pro,0
52,57.14570841170138,1,basic,0
17,63.343745945984615,0,pro,0
31,93.72191223330371,1,pro,0
51,44.49272089336035,1,pro,0
37,76.8458081739202,0,basic,0
43,49.99068553146162,0,enterprise,0
43,52.40709242516622,0,basic,0
26,66.1373039120443,0,basic,0
5,32.80945468881677,0,pro,0
39,48.334212374276184,1,basic,0
4,63.65084190241906,2,basic,0
22,20.954111499967524,3,basic,1
2,31.05578601476302,3,basic,1
29,40.87381938001125,0,basic,0
7,49.270463265109804,0,pro,0
52,65.25844043970021,0,basic,0
16,24.141392197558915,0,basic,0
59,77.66836535633519,2,basic,0
3,63.87832976217534,1,basic,0
17,61.954866615563205,2,basic,0
36,10.45164044513524,1,basic,0
21,56.35188976135571,1,pro,0
34,34.19614647769313,2,pro,0
19,64.47046864127286,1,basic,0
27,47.927035045361706,1,enterprise,0
13,41.15072193128661,2,pro,0
1,31.343620206810606,0,pro,0
49,45.065081552034705,0,enterprise,0
31,63.185565024350666,2,pro,0
49,16.995645527616027,0,basic,0
8,34.6886769675464,1,basic,0
41,44.63990371093476,1,basic,0
1,45.730417007928985,2,basic,1
52,40.2984228126828,3,basic,0
47,53.57499473149967,1,basic,0
12,51.2424746656287,0,pro,0
54,7.691571036753459,0,enterprise,0
14,70.12124048468431,1,basic,0
5,21.248659371469035,4,basic,0
34,73.06130078119378,1,basic,0
39,65.19422393472769,2,pro,0
6,,0,basic,0
4,51.85935929379527,1,basic,0
57,76.99753523137917,0,basic,0
35,77.52123114781992,0,basic,0
33,53.41889007223873,1,basic,0
37,34.30669972486303,0,basic,0
20,73.97855071805438,1,pro,0
35,19.723498611063658,1,pro,0
36,19.91634730453662,2,pro,0
59,65.31476097644307,1,basic,0
13,25.51059489415399,2,pro,0
37,60.86160124223835,1,pro,0
49,28.380383130311536,0,basic,0
10,37.1818046038266,0,enterprise,0
4,73.0790775609748,1,basic,0
56,48.32634066765508,1,pro,0
50,62.698529884058374,2,pro,0
18,46.08554515181632,0,pro,0
47,40.74677041446131,1,basic,0
32,36.03287889093887,0,basic,0
15,31.383942441888788,1,pro,0
26,57.87492712420839,1,basic,0
16,58.91914458168234,0,basic,0
48,83.234630050605,0,enterprise,0
36,55.65520832080716,0,pro,0
5,44.71405503813489,0,pro,0
30,59.94364933592493,0,basic,0
22,78.81438796396031,1,basic,0
49,21.129854707835136,1,enterprise,0
27,83.3217442142734,1,pro,0
53,33.6908231801286,1,pro,0
36,33.84746896720952,3,basic,1
19,101.43389781642527,1,basic,0
54,71.8338697566194,0,basic,0
39,39.08090417489993,0,basic,0
18,67.1624103079872,1,basic,0
13,77.18301716506497,1,pro,0
21,63.73137783584701,0,pro,0
15,71.96520145667361,2,basic,0
40,57.21515503102313,1,basic,0
3,60.39026325201094,1,basic,0
13,27.15590707480889,0,basic,0
40,29.420969716468658,0,pro,0
31,53.824826659176615,0,basic,0
48,23.122222468555872,1,basic,0
19,63.43786997910951,0,basic,0
30,48.33435354514793,2,pro,0
37,73.65163242834403,0,basic,0
46,67.8788713909351,2,pro,0
35,41.79578911197749,3,basic,0
59,0.0,2,basic,0
41,21.06582328806582,0,basic,0
9,50.01174560574857,0,pro,0
26,90.96465532773668,2,basic,0
5,50.3468451523337,0,enterprise,0
14,61.70138818655559,2,basic,0
24,49.56995489012619,1,pro,0
1,0.0,0,enterprise,0
57,62.09605541659479,1,basic,0
36,44.98207514888664,1,enterprise,0
27,19.93084907440711,1,basic,0
14,63.91795261495801,1,enterprise,0
5,49.0137543227887,1,basic,0
1,109.0061823741062,0,pro,0
56,5.5805015831182345,0,pro,0
23,33.93940152628049,0,pro,0
44,50.993267722741194,0,enterprise,0
17,42.33713551230896,1,basic,0
59,63.0238977816486,3,basic,0
41,67.81048807079543,1,basic,0
33,59.6113313350665,2,basic,0
18,51.33542404343794,2,pro,0
34,36.12503227156366,0,enterprise,0
22,53.66737858105296,1,basic,0
52,67.91370718971059,2,pro,0
43,52.44918065827325,1,basic,0
33,8.042427780284157,0,pro,0
40,83.7650397843141,3,enterprise,0
41,40.12260091090571,0,basic,0
10,67.66873874376492,1,pro,0
56,40.09638715398731,2,pro,0
35,71.6990088192611,0,pro,0
13,43.50376802043192,1,basic,0
56,79.92466456650445,1,basic,0
26,76.23991486541506,2,enterprise,0
54,37.187029252627774,0,pro,0
26,0.0,1,basic,0
51,57.021749118286685,3,pro,1
38,30.31617974363654,0,basic,0
17,69.73192228332738,1,pro,0
19,57.64596166747789,1,pro,0
57,42.62717122729001,2,pro,0
35,31.116693743862168,3,pro,0
12,33.08263005142941,1,basic,0
31,79.46298103346456,0,basic,0
24,69.382072681774,1,basic,0
35,45.767952335284214,0,basic,0
7,56.56580240869841,1,enterprise,0
52,68.49834759669207,1,basic,0
34,46.404530038640736,2,basic,0
53,13.95762859824331,1,enterprise,0
43,83.3458183015143,0,pro,0
17,43.651677026757966,0,enterprise,0
41,37.850150663772375,2,pro,0
28,50.67286586359672,0,basic,0
1,30.997564865709897,0,pro,1
54,28.434885627068695,0,pro,0
58,54.61250687950209,3,pro,0
58,35.95812543451025,0,basic,0
19,58.728171178173085,1,pro,0
5,58.2624352168333,1,basic,0
44,89.79944472272123,0,pro,0
7,44.8777212623577,2,basic,0
55,52.05147643570308,0,basic,0
38,39.39861675432982,2,pro,0
47,,1,basic,0
48,60.05518430001776,0,pro,0
31,57.97984361324808,0,basic,0
24,88.16487412502848,1,basic,0
32,56.12003984977842,0,basic,0
59,55.77055508291388,1,pro,0
9,24.1136210326799,2,pro,0
25,15.404636195463397,2,enterprise,0
23,40.08699869673501,0,pro,0
44,52.388446519573996,2,enterprise,0
49,28.493907237335353,1,basic,0
18,31.24116121843394,1,pro,0
41,65.54343181073727,1,basic,0
17,39.04097756632298,0,pro,0
40,38.69114199146949,0,basic,0
54,43.570751333174,2,basic,0
41,28.502690071668965,1,pro,0
17,67.67263520216525,0,basic,0
21,79.06209261803755,0,basic,0
53,71.2550445294813,1,basic,0
58,81.2379035288163,1,enterprise,0
47,10.972150000356777,0,basic,0
20,68.599317824795,2,basic,0
25,47.8330056737583,0,pro,0
12,78.09766480229965,3,basic,0
17,37.58813869670737,0,basic,0
40,66.86144861797574,0,pro,0
11,86.29262077519328,0,pro,0
10,63.006229731263375,1,pro,0
54,53.45250388851631,0,pro,0
58,47.66570997857105,2,enterprise,0
54,61.51514447702708,1,pro,0
34,47.241081603664746,3,pro,0
4,27.74358423494079,0,basic,0
8,63.59112845712315,1,basic,0
35,84.48423174330827,0,pro,0
2,59.17383844966261,1,pro,0
8,72.88023722256597,2,pro,0
36,75.77873776458436,2,enterprise,0
21,52.217030161407465,0,basic,0
3,50.07724570793601,2,pro,0
49,35.26343096263091,1,basic,0
4,56.079056847147136,1,basic,0
8,61.52392021603055,1,basic,0
25,32.691277777660204,1,basic,0
35,45.63418023081786,1,basic,0
27,72.58587822853534,1,basic,0
15,38.21242725278623,3,enterprise,0
49,66.31440089160739,1,basic,0
56,58.93605866045451,1,basic,0
8,45.321894087185946,2,basic,0
59,69.35178574132831,0,enterprise,0
52,63.84252115499643,0,basic,0
8,50.352088936047174,0,basic,0
24,53.48866415539683,0,basic,0
43,59.39340727942574,0,pro,0
51,61.471909779721265,2,basic,0
19,60.27599450000193,0,enterprise,0
9,65.75225566997749,0,enterprise,0
44,41.58576590313297,2,enterprise,0
3,80.98243269287396,0,pro,0
13,49.537992576182475,1,enterprise,0
26,,2,basic,0
46,77.7176263104933,0,basic,0
13,71.59675377668479,1,basic,0
44,14.412320049964514,1,pro,0
29,51.50886577597992,4,pro,0
38,66.92616558502024,1,pro,1
49,62.45934930023115,1,basic,0
34,18.17928607252705,1,pro,1
53,37.506711524514074,0,basic,0
29,36.107223198195356,0,pro,0
6,64.13632067088967,0,pro,0
57,68.94952445758939,2,basic,0
16,58.826512443036286,0,basic,0
44,50.90508442984681,3,pro,0
18,35.39459271258241,0,basic,0
8,73.03042520052604,1,basic,0
11,7.54411927497668,1,enterprise,0
44,62.447790993698305,1,basic,0
28,63.6297195218373,1,basic,0
34,57.7212668544687,0,basic,0
4,51.46968124441579,0,enterprise,0
15,54.40765670924235,1,enterprise,0
12,64.91653000448991,0,basic,0
55,38.28799856813395,1,basic,0
4,66.17353797802804,2,basic,0
45,51.57660759776196,1,enterprise,0
27,53.41834832625913,1,basic,0
31,0.0,0,pro,0
56,24.804364688251933,3,basic,0
19,46.92676417742269,1,basic,0
10,38.15741914090137,3,basic,1
32,69.51980970758694,0,pro,0
53,21.515929956213903,4,pro,0
57,75.4233906455234,0,basic,0
19,67.41467115539265,1,basic,0
38,55.64258769774771,0,basic,0
45,41.47286358786869,0,enterprise,0
14,27.9311509342935,2,pro,0
50,26.949231481668004,2,basic,0
11,36.825085588646964,0,basic,0
36,50.93307429319545,0,basic,0
44,64.54354306003844,0,basic,0
43,65.35420763783878,2,basic,0
16,72.7401031865354,0,enterprise,0
38,71.66683284257657,2,pro,0
52,37.273301273196225,0,pro,0
55,40.49489053672585,0,basic,0
2,72.6049950527371,1,basic,0
46,35.06050028985981,1,basic,0
45,71.57706904307872,0,pro,0
25,52.24488982880325,1,pro,0
57,23.666693620936854,1,basic,0
18,60.10401979100014,1,pro,0
25,55.7138927254738,0,basic,0
10,35.11827723443343,1,basic,0
19,3.3788310147615235,0,basic,0
31,56.82913678941236,1,basic,0
20,60.102434199704,1,pro,0
14,67.71836769938244,1,basic,0
49,59.693068008773395,0,basic,0
14,36.99346463967434,0,pro,0
11,17.899616305706132,0,enterprise,1
53,48.6851532704042,0,basic,0
58,70.58804223109765,1,basic,0
42,49.299716919498046,2,pro,1
30,26.869073319108395,1,pro,0
32,17.758054070526818,0,basic,0
27,0.0,0,basic,0
50,55.04918579047879,0,basic,0
12,60.24267481173928,1,enterprise,0
31,7.939623937242146,0,pro,0
43,39.00680080201335,0,pro,0
24,79.53133376189064,1,pro,0
33,8.606633252143546,2,enterprise,0
41,81.03006514495658,1,enterprise,0
59,74.45417721405119,1,basic,0
36,68.47314534176968,1,pro,0
58,61.25642940940485,0,basic,0
13,,0,basic,0
44,64.11238422588274,1,basic,0
19,84.37632055509914,0,basic,0
17,29.250844457875004,0,basic,0
34,,1,basic,0
18,11.736228388444118,0,pro,0
13,55.939763944989124,0,basic,1
39,71.8674360738846,1,basic,0
55,37.00997131543343,0,basic,0
11,59.91717587904558,0,basic,0
3,55.69982235241651,3,pro,0
20,,1,basic,0
52,66.13291401978606,0,enterprise,0
1,59.86330214620657,0,basic,0
58,38.11454737454593,1,pro,0
29,43.816224976727064,0,pro,0
37,69.21114076492702,3,pro,0
25,54.74282039214351,0,basic,0
13,77.7075845479712,1,basic,0
39,38.85506757852112,0,basic,0
48,70.47380802191853,2,basic,0
9,47.66699464144519,1,basic,0
27,59.71741769872189,2,basic,0
35,17.00612032159792,2,pro,0
43,65.01621068478913,1,basic,0
51,33.28070712999975,0,basic,0
20,74.97024841214555,0,basic,0
51,68.46464481368893,2,basic,0
14,38.700997604210144,0,basic,0
24,80.7758018686643,0,pro,0
57,81.5723639324568,3,basic,0
46,86.22434247791509,1,basic,0
5,76.16193641964877,1,enterprise,0
25,44.41985561321361,1,basic,0
4,80.51096055442694,2,basic,0
25,26.900888135270677,1,basic,0
47,45.323628421548854,1,basic,0
8,58.50624255853427,0,enterprise,0
46,19.75185786473954,1,pro,0
48,75.76717521119332,2,enterprise,0
19,64.26654912362348,0,basic,0
2,49.23912336946096,1,basic,0
23,9.237377376092965,0,basic,1
22,38.50430881452035,1,pro,0
41,67.82378377734584,0,basic,0
56,64.74355656017258,0,basic,0
36,33.84263631682521,0,pro,0
24,25.917053618103047,1,pro,0
39,52.25808919932434,2,basic,0
10,28.553046843713386,0,pro,0
26,19.372430206465317,1,basic,0
26,80.47859030594559,0,basic,0
58,51.7265713612429,1,basic,0
13,58.89073017762058,0,basic,0
9,46.631223046660175,0,basic,0
37,70.61924950826801,2,basic,0
38,70.80777221410938,0,basic,0
9,48.364454357665586,2,enterprise,0
13,42.88742353256738,2,pro,0
27,43.452177462327526,0,basic,0
20,69.41495877860926,0,basic,0
4,54.16636368356574,1,enterprise,0
18,,0,pro,0
21,77.98224675352749,0,basic,0
49,51.98746225134977,0,pro,0
33,61.37349297277026,1,enterprise,0
35,79.86679488068283,2,pro,0
31,61.59373045094238,1,pro,0
20,,0,pro,0
39,49.81103840473184,0,pro,0
32,63.41804505265576,0,enterprise,0
48,69.46252729900044,2,pro,0
28,59.3501828597697,1,basic,0
4,49.70147522045587,1,pro,0
33,48.06967982545814,0,enterprise,0
59,46.0847973324742,1,pro,0
15,56.42220090917383,0,pro,0
15,41.88060879334995,0,pro,0
23,62.49687909206031,1,basic,0
55,42.30063570031088,2,pro,0
28,71.1673413596197,0,basic,0
58,53.711264832038886,1,basic,0
5,38.549645386446436,1,basic,0
57,59.89813100817192,0,basic,0
1,29.84824418978294,2,pro,0
57,110.67648988005531,0,basic,0
36,37.607835585983075,1,basic,0
38,48.543890204842704,0,basic,0
13,79.10608042594421,0,enterprise,0
55,,1,basic,0
48,33.09506500755401,2,basic,0
14,31.913255242924254,0,pro,0
2,73.54535884696705,3,enterprise,0
51,,2,basic,0
14,84.5502735864622,0,enterprise,0
3,63.398130119824984,0,pro,0
38,48.688704008111365,3,basic,0
15,73.55646706281395,1,basic,0
8,51.08831458326163,2,pro,0
59,45.56321732855986,0,basic,0
25,26.13854048337071,0,enterprise,0
26,22.699104779725815,2,pro,0
18,,2,pro,0
17,10.925863711758062,2,basic,0
16,19.918570170459585,0,pro,1
13,20.357649347183788,1,pro,0
14,49.32488622623882,2,basic,0
6,23.060887472056812,2,pro,0
58,46.63498558687094,0,pro,0
49,100.09911645381791,1,pro,0
19,50.53169995673996,1,enterprise,0
37,84.6728674193821,4,pro,0
7,52.865038227851,0,pro,0
52,27.98443865856305,0,basic,0
54,38.54002630002719,0,basic,0
32,,3,basic,0
10,58.11684875278762,0,basic,0
21,62.924206375580454,1,pro,0
44,52.83693100841368,2,basic,0
21,41.4381034699907,1,pro,0
39,33.74167623696906,1,basic,1
58,41.06477373846823,1,pro,0
43,31.58863616782662,1,basic,0
15,33.46614000956976,1,pro,0
46,98.19721952801946,0,pro,0
22,66.75447223118597,1,basic,0
11,28.313781058253042,0,basic,0
51,49.34039521361653,1,pro,0
3,55.632978881107064,2,enterprise,0
27,48.13729161783184,0,basic,0
26,35.48739155692699,1,pro,0
5,55.945333264399444,2,enterprise,0
27,51.49389523726078,0,pro,0
47,58.457386461692714,0,pro,0
14,71.01695995063744,1,enterprise,0
9,37.945691465697294,0,pro,0
48,52.66735686768911,3,pro,0
20,39.31153869594201,1,basic,0
7,31.716888885069423,2,enterprise,0
31,38.11445016344602,2,basic,0
30,52.91745175275992,1,pro,0
52,37.586557772642095,1,basic,0
32,29.83334507334454,0,basic,0
53,34.34853170658588,1,pro,0
1,51.7350985135773,0,basic,0
42,77.01889836713579,0,enterprise,0
48,74.46349148826607,0,basic,0
33,17.794062944109776,1,pro,0
22,42.9164545603283,1,basic,0
33,60.56039405748339,0,enterprise,0
28,40.894387144582225,0,basic,0
6,46.10909284354847,2,enterprise,0
10,30.594822652001216,0,basic,0
34,52.27543858730232,2,basic,0
24,46.513161357498504,0,basic,0
58,32.106983864791474,0,enterprise,0
27,59.52086337603382,1,basic,0
48,69.65871821799479,1,basic,0
36,58.81128142019459,0,pro,0
54,26.69226255838122,0,pro,0
3,54.59258545845255,1,pro,0
37,64.7195821740863,1,pro,0
26,71.30018959892644,0,basic,0
36,73.06091067475799,2,pro,0
29,67.92123508444028,0,pro,0
10,45.767901064991435,2,enterprise,0
57,59.52781646789315,2,basic,0
22,63.17572817142275,2,basic,0
36,51.68642190555112,0,basic,0
11,55.900658081669334,1,basic,0
41,29.239916951377374,4,basic,0
59,55.420227457627995,1,pro,0
26,40.73435369246297,1,basic,0
49,46.524791165342336,1,enterprise,0
30,83.10723254208915,1,pro,0
53,53.89579181435223,0,basic,0
58,55.592630729338744,2,basic,0
29,37.09469465120458,2,pro,0
25,20.21878729442784,0,pro,0
2,25.65117998727677,1,pro,1
59,42.85414741125392,3,basic,0
23,44.946784285904954,0,enterprise,0
36,13.949241574548182,3,basic,0
25,36.20852492307816,1,enterprise,0
55,49.43909723184001,0,basic,0
55,33.311738109881944,1,pro,0
35,41.950137095759565,3,pro,1
39,51.68334537438923,1,pro,0
49,73.38547188215557,0,pro,0
37,56.013358965545876,1,pro,0
49,79.31307155907238,1,basic,0
30,22.21974464475533,0,pro,0
23,74.81700235081786,0,basic,0
46,45.91782909956199,1,basic,1
20,68.94454028787835,1,basic,0
22,88.57691685163849,1,pro,0
56,68.21980819946093,0,enterprise,0
3,57.84541204883584,2,pro,0
20,80.9397455697671,0,basic,0
21,40.05948185783315,0,basic,0
47,70.06718448081307,0,basic,0
53,57.240439189492484,0,basic,0
11,57.164372649422816,1,enterprise,0
47,37.73829747805847,1,basic,0
29,56.20919257333006,0,pro,0
3,56.83646796027539,3,basic,0
23,49.287499513964065,1,pro,0
25,56.21191558345564,3,basic,0
17,22.34462955459492,2,basic,0
28,68.14241843564442,1,pro,0
15,44.74325460159072,1,basic,0
48,54.50227327391797,1,pro,0
57,37.246065392757785,1,enterprise,0
25,42.798372073830194,3,basic,0
40,36.997932154649256,0,pro,0
28,74.38184803746788,2,basic,0
28,33.43663207600933,2,basic,1
9,34.9540005647066,0,basic,0
34,46.22121574576136,1,pro,0
42,25.719768816574742,1,basic,0
50,29.557676421141515,0,basic,0
49,53.76438201601763,1,basic,0
40,55.351105004832164,0,pro,0
44,64.48384064804594,0,pro,0
8,58.422870186983445,1,basic,0
26,32.531894885293696,1,pro,0
13,29.120649995213817,1,pro,0
50,69.92993794578503,3,basic,0
53,6.535006826989459,0,basic,0
17,52.61358031399678,2,basic,1
33,62.960667104703404,0,basic,0
45,72.65724537013077,0,basic,0
35,76.43721787868472,1,basic,0
32,70.77782568866488,3,basic,0
10,87.23242690335624,1,basic,0
59,14.018793485241424,1,pro,0
9,43.82122698690625,3,basic,0
12,56.36696797779883,0,basic,0
13,5.042505382210024,1,basic,0
11,34.60820497847976,0,basic,0
20,72.72709817157019,1,enterprise,0
2,36.5860023268065,1,basic,0
33,69.42838649876185,1,basic,0
19,62.288723057350296,0,pro,0
22,73.11825832820078,3,basic,0
47,66.08474272630673,2,pro,0
40,60.47079381139616,1,pro,0
35,63.28619582639264,2,pro,0
26,32.613463306568775,2,pro,1
59,82.95234937194674,0,basic,0
31,45.370913922915506,0,basic,0
45,34.02699543023295,2,pro,0
57,59.01267552773607,1,basic,0
1,22.56951805759838,0,pro,0
3,91.02625416041234,1,enterprise,0
59,96.95309279746846,2,pro,0
38,73.67456407059473,0,basic,0
24,31.945912307246815,2,pro,0
44,59.345921141072466,1,pro,0
17,55.97448793467725,0,enterprise,0
11,40.1114964276701,1,basic,1
6,44.81441287988312,1,pro,0
51,59.54088458208093,2,pro,0
23,40.899385227669555,0,basic,0
8,50.14528750885929,3,pro,0
13,51.73509271094372,0,basic,0
48,25.988824344499722,1,basic,0
23,44.52445245697254,2,pro,0
12,42.882028878440096,2,pro,0
25,83.32345086687087,0,basic,0
26,54.09197022819407,1,enterprise,0
20,59.652905727513776,0,pro,0
24,56.17555502567896,1,enterprise,0
42,51.380766139930124,1,pro,0
34,53.225787765450306,0,pro,0
20,49.32769537788729,1,basic,0
38,9.985757216256495,1,pro,0
45,52.29699580620998,2,basic,0
3,39.25162821950548,2,basic,0
8,45.683105448111064,0,basic,0
49,32.6349987076474,1,basic,0
4,33.47148206679628,0,pro,0
32,51.67069570518101,1,pro,1
3,42.396787066409416,0,basic,0
55,52.55752434117546,2,pro,0
17,56.088036677582885,1,basic,0
10,51.3259513222733,2,pro,0
26,53.71609482780495,2,pro,0
27,39.75573958096125,3,pro,0
52,47.161014283175845,0,pro,0
57,63.97038609573194,1,basic,0
29,48.01432290397269,1,basic,0
38,63.13251196064174,0,pro,0
44,52.75783533552412,0,basic,0
30,71.61106619922055,2,pro,0
13,32.30701846256579,2,enterprise,0
28,57.034817289313764,0,pro,0
36,68.1821501869056,2,basic,0
54,36.3766010518638,2,enterprise,0
19,54.49352286484752,1,basic,0
1,58.315556281766916,0,pro,0
46,49.099474719914056,1,pro,0
59,69.78096328246048,0,pro,0
9,58.32256270700107,1,basic,0
28,46.78871688763538,4,pro,0
15,67.9918549413955,2,pro,0
49,58.83032899343311,1,basic,0
58,107.08520854621199,0,basic,0
29,20.437016037188094,2,enterprise,0
45,54.53681272835084,0,pro,0
49,50.38543219405464,1,basic,0
43,51.13344152911271,0,basic,0
6,11.583586952365692,1,pro,0
39,52.873549257053554,1,enterprise,0
26,39.79821410696236,0,pro,1
24,64.93867809184817,1,enterprise,0
46,29.223035732139266,1,enterprise,0
26,84.3352621735078,2,basic,1
59,49.73265602162062,1,pro,0
28,40.8955735595006,3,basic,0
31,56.64535310496472,0,basic,0
23,21.772463388717263,0,pro,0
5,29.7729861375254,2,pro,0
1,61.7432094737612,0,pro,0
45,44.009237952031015,1,pro,0
10,51.6715468013689,2,basic,0
39,5.499623679345589,1,pro,0
38,22.820677020103474,0,basic,0
9,16.028443547659066,1,pro,0
21,82.094991432376,1,enterprise,0
13,46.15048870823037,3,enterprise,0
5,74.50768321546062,0,enterprise,0
30,43.716892929808566,0,pro,0
59,69.60365966756412,3,enterprise,0
10,38.19472148508526,1,basic,0
17,39.65808681142703,0,basic,0
55,45.92406917329805,1,basic,0
57,50.37187064392978,1,basic,0
59,8.91549728357483,2,basic,0
1,48.240315352057216,2,pro,0
45,29.66947708450761,1,basic,0
10,34.84338381596533,2,enterprise,0
50,42.65327606766901,1,basic,0
48,40.30479995671727,2,enterprise,0
20,46.89715174450815,1,basic,0
50,69.47547238576942,1,pro,0
7,70.24278912399309,1,basic,0
43,82.78833664028133,1,pro,0
44,35.30919064917592,1,basic,0
47,46.24357038976611,2,basic,0
47,42.55544858197186,2,basic,0
22,39.805000037297006,0,basic,0
41,60.76820050462942,1,pro,0
12,63.526567739175036,0,basic,0
11,46.99268905029443,2,pro,0
38,52.115016027424915,1,enterprise,0
2,73.84998579248142,2,pro,0
29,46.72166015486804,1,pro,0
33,71.30747928844657,1,pro,0
54,50.015425101630356,0,basic,0
9,59.273752484930405,0,basic,0
23,86.63360475991274,1,basic,0
18,39.658974598682235,1,basic,0
15,57.55198496673914,2,basic,0
29,75.29334153777808,0,basic,0
44,53.45003376467113,3,enterprise,0
15,76.95657091028357,1,enterprise,0
25,101.2758004818663,0,basic,0
56,79.105192959708,1,enterprise,0
26,50.08646643454412,1,pro,0
19,,0,enterprise,0
52,55.53096274071427,1,pro,0
34,40.647841019265854,2,basic,0
29,36.417848791679305,3,pro,0
58,65.91158091820058,0,basic,0
54,64.51386558143224,0,basic,0
40,19.173886103333327,1,basic,0
40,41.37259301553042,3,basic,0
23,31.34842097278195,0,basic,0
54,64.53987349986951,0,pro,0
45,59.13134890602129,0,basic,0
14,70.26374742220497,1,basic,0
12,51.17955108938922,0,enterprise,0
28,62.016628874546356,0,pro,0
7,65.51436981624015,2,basic,1
40,50.79468041803145,0,basic,0
3,69.11573973597206,2,pro,1
25,16.232683887780873,1,basic,1
40,71.69357030095291,0,basic,0
39,25.23746904836832,1,pro,0
39,44.43216758473062,0,pro,0
3,56.2905865487499,1,basic,0
40,54.03575153827861,1,basic,0
46,24.14833585302493,1,basic,0
40,51.92233078270871,2,pro,0
53,7.780033379274499,1,basic,0
35,46.23137652060924,0,pro,0
48,41.497512658960034,3,pro,0
56,80.23294342039873,1,pro,0
27,,1,basic,0
28,,1,basic,0
37,36.39213082471578,1,enterprise,0
8,33.54333466091916,0,pro,0
47,49.98997440679218,1,basic,0
15,54.324704656403426,1,basic,0
20,82.01395663040631,2,basic,0
25,24.748324264592565,0,basic,0
54,61.52188503447671,0,basic,0
37,22.423030187967026,3,basic,0
27,44.25297573880583,1,basic,0
22,72.12378768206739,1,enterprise,0
24,73.97689096575806,1,basic,0
26,66.86027568776763,0,enterprise,0
15,38.927241086568344,1,basic,1
18,68.94322114462044,0,basic,0
31,79.97589285361785,1,basic,0
43,23.03758746047476,1,basic,0
35,39.417051348398346,2,basic,0
50,52.03650624411161,1,basic,0
32,55.23585752717389,3,basic,1
20,56.61560370168772,0,basic,0
8,46.38720574834949,0,basic,0
48,37.45165722036442,2,enterprise,0
51,60.78141721895403,0,pro,0
12,36.082990703131124,0,basic,1
44,47.15245679892214,1,pro,0
58,59.74336091004776,0,enterprise,0
11,59.41336121598086,1,basic,0
22,67.80339218547039,0,pro,0
3,68.75879614065855,2,basic,0
40,64.46213955821096,0,basic,0
20,80.67895160236806,0,enterprise,0
36,24.581719422239804,1,basic,0
58,55.07474739470932,0,basic,0
5,55.06774322949516,2,pro,0
3,46.59209317128448,0,enterprise,0
35,50.98001969795619,0,pro,0
6,58.447290161718826,0,basic,0
3,44.445059707039064,1,basic,0
2,91.27023160092318,2,pro,0
29,90.56709817296009,3,basic,0
27,42.00257262765113,0,pro,0
32,71.84211020440002,2,basic,0
26,68.07245570151272,1,pro,0
57,56.153497369038234,2,pro,0
56,47.878677590044646,2,basic,0
11,61.69390885854163,0,pro,0
56,54.69944050295789,0,pro,0
3,41.08156012176328,1,pro,0
26,68.91626581641603,0,basic,0
37,54.97992318828939,1,basic,0
30,73.58425323731232,1,basic,0
19,26.07661096793101,1,basic,0
31,36.18960637837438,2,pro,0
33,,0,enterprise,0
2,43.236078682180384,1,basic,1
16,28.703884299053733,1,pro,0
7,62.54815820400711,0,basic,0
41,70.9556950114669,0,basic,0
27,53.0746146456341,2,pro,0
8,68.85453751530521,4,basic,0
47,37.27750357824729,1,basic,0
31,26.695420174074954,1,basic,0
38,78.06159622443113,1,enterprise,0
46,70.53463064068775,0,basic,0
18,65.37253305382015,0,basic,1
53,44.33735020269992,1,pro,0
7,71.08152233668162,1,basic,0
20,63.01993935260849,1,basic,0
8,102.65746628992807,2,enterprise,0
33,0.0,1,pro,0
8,26.92055024334191,2,basic,0
57,67.70954463524808,1,basic,0
46,65.61971483283108,3,basic,0
9,57.34416437816719,0,basic,0
48,47.3369210310028,0,pro,0
49,37.94925274081223,1,basic,0
8,83.27949536804698,1,basic,0
44,73.33041220624443,1,pro,0
7,57.66956870027916,0,basic,0
57,59.135912340559166,2,pro,0
44,84.44514133588802,0,basic,0
29,31.27429791646756,0,basic,0
4,28.235511170732227,0,basic,0
27,48.65745618638596,0,basic,0
29,30.54084225850952,1,pro,0
33,68.183725904558,1,basic,0
56,64.9158682538544,1,basic,0
22,65.25264652033451,2,basic,1
4,46.375528948843105,0,enterprise,0
4,39.264148946362745,0,enterprise,0
27,59.12029156932813,2,enterprise,0
34,9.686771595456072,0,pro,0
30,20.412866121183516,1,pro,0
24,30.642279930458656,2,pro,0
55,23.204912322561096,3,basic,0
30,50.802660038138974,3,basic,0
49,27.868897821839322,1,basic,0
42,63.62174787563053,0,basic,0
9,48.38821501970719,0,basic,0
24,17.741539851939898,2,pro,0
7,1.6472596349478508,1,pro,0
10,87.02198569663298,1,basic,0
21,56.28904654554218,0,basic,0
50,58.64351095613417,0,basic,0
28,40.29763975153071,1,enterprise,0
56,30.72449720734995,0,basic,0
23,76.47817584452048,1,basic,0
14,26.64668029375867,1,basic,0
42,41.68036281245746,0,basic,0
37,49.896139531911,0,pro,0
29,32.442568937245255,0,enterprise,0
23,39.033114615763836,0,pro,0
12,39.16254896844981,0,enterprise,0
42,39.97075415698787,5,basic,0
8,80.37848193426314,0,enterprise,0
4,50.761511809427006,0,pro,0
3,69.39718335084584,1,basic,0
55,32.34371049867063,0,pro,0
42,38.758293441568014,2,basic,0
51,37.190847028710394,1,pro,0
59,18.377191549429412,1,basic,0
9,49.82028094869209,2,basic,0
42,21.381715932415922,0,basic,0
38,26.324517390850875,0,pro,0
48,49.59857622866583,1,basic,0
20,55.453845589669214,0,basic,0
58,33.820873061254055,1,basic,0
13,52.58857503380128,0,basic,0
51,73.31412860722571,1,pro,0
51,78.39943137320633,1,enterprise,0
29,67.7728976066545,1,enterprise,0
45,43.56001610852442,1,pro,0
50,75.02328065213841,2,enterprise,0
35,44.10373490792724,1,basic,0
52,43.71028872222805,2,pro,0
37,68.93441743324409,0,enterprise,0
26,57.229978356137664,1,pro,0
52,59.812176296234824,0,pro,0
44,33.350857384843025,0,pro,0
21,44.54204178369534,2,pro,0
35,56.26910636508041,0,pro,0
30,60.41641707046112,0,basic,0
45,61.07710282526364,1,pro,0
14,14.671065091565204,2,basic,0
18,94.6208820639512,1,enterprise,0
27,65.98757092014465,0,pro,0
41,33.74297933714164,1,pro,0
11,73.58339635227509,1,enterprise,0
53,47.64340495526567,3,pro,0
21,42.60729465388942,2,pro,0
47,82.93379314618734,1,basic,0
38,28.147132487613597,0,basic,0
50,30.22713868767456,0,pro,0
17,33.08102589868375,0,pro,0
21,38.84485407612554,3,basic,0
39,114.96603376231859,0,pro,0
22,41.473352209194374,0,basic,0
48,30.40344420637481,0,basic,0
12,53.84714054600138,0,pro,0
38,65.3911383587944,1,basic,0
28,75.57600834317304,0,basic,0
28,33.387994392588354,1,pro,0
37,89.61622766282457,1,basic,0
24,54.244373879547275,1,basic,0
17,33.40994075878808,0,pro,0
5,35.1860913159834,2,pro,1
37,60.25674074110738,1,basic,1
46,50.961202777841,2,basic,0
13,42.12281238219382,0,pro,0
57,53.70756035166551,1,basic,0
42,97.31775713326715,0,basic,0
15,79.57077228228141,1,basic,0
26,40.86047129462179,2,basic,0
42,36.523844082644594,1,pro,0
9,70.66269916678215,2,enterprise,0
36,29.499056099834633,1,pro,0
46,13.872447384234228,1,basic,0
48,31.28528657777931,2,basic,0
46,23.957228082380716,0,pro,0
41,20.679955636086248,0,basic,0
22,45.383857478556806,1,basic,0
12,34.12019554367516,0,basic,0
54,43.168407070009565,1,basic,0
8,57.11399697051965,1,pro,0
25,39.31930953992637,1,basic,0
20,20.790005014395234,2,pro,1
49,31.267340280120983,0,enterprise,0
11,66.88554481464354,2,enterprise,0
40,28.216911361641948,1,basic,0
36,27.168296808454716,0,basic,0
18,58.271086487444755,2,basic,0
6,31.124118319812943,1,enterprise,0
6,31.063952806119936,0,pro,0
40,54.878750991091,0,basic,0
2,47.167761249848944,2,enterprise,0
47,38.703157724122306,2,basic,0
21,41.59799905193276,1,pro,0
3,71.42198666033323,0,pro,0
15,56.59800398717787,2,pro,0
53,35.99872246056114,3,enterprise,0
25,41.49006104176644,1,basic,0
49,81.81241928804998,0,pro,0
3,45.50558903109286,0,pro,0
3,57.08987028396217,1,pro,0
15,56.24722242886873,1,pro,0
33,40.007810496601664,0,basic,0
9,53.57414250948544,1,basic,0
2,31.253431197660888,1,basic,0
4,44.95084236942885,0,pro,0
29,73.48924591968452,0,enterprise,0
52,47.0535826574629,0,basic,0
5,81.05772203184043,1,basic,0
14,54.48236808881972,1,enterprise,0
34,60.75044522000595,3,pro,0
40,52.93286197473842,0,enterprise,0
5,32.80351663040112,2,basic,0
53,71.88208011528194,0,basic,0
6,78.78323367891767,1,enterprise,0
44,56.62660326380325,2,basic,0
58,50.69225357897156,1,basic,0
47,45.66151856639378,1,enterprise,0
48,60.50895597998948,3,basic,0
54,71.9609778077034,0,enterprise,0
40,68.65304596089355,0,pro,0
9,55.85255182541605,1,pro,0
47,51.06674451440493,3,basic,0
5,53.37767857217687,1,enterprise,0
13,47.46915430463098,0,enterprise,0
47,29.120778243680512,1,pro,0
7,90.9785576858366,0,enterprise,0
13,34.21594445976531,1,pro,1
20,31.500161079816625,3,basic,0
40,78.98118483120092,2,pro,0
45,60.40288571903691,1,basic,0
36,61.31647397045389,1,pro,0
45,39.87373105745007,1,basic,0
22,50.167390361803676,0,basic,0
43,65.98213523542293,1,basic,0
9,105.76986914081536,2,pro,0
25,61.17893312746619,3,basic,1
7,53.199751916637226,1,pro,0
31,63.80629915378147,1,pro,0
44,51.398506297903204,2,basic,0
44,34.79537837487746,1,basic,0
16,14.705336911339671,0,pro,0
35,60.33336456672205,0,pro,0
53,21.26678467390053,1,basic,0
14,74.16739146085526,1,basic,0
19,39.56213277544563,1,basic,1
28,40.727533430441476,0,pro,0
16,25.962976229113725,0,basic,0
56,28.312082004484882,1,enterprise,0
52,36.49018143083452,2,basic,0
57,55.50629954822166,2,basic,0
58,39.55157869425585,3,basic,0
5,46.073105016911896,0,basic,0
29,38.309626490426936,0,pro,0
8,59.26624095702816,0,basic,0
16,56.893207937486395,0,enterprise,0
4,58.42424896373753,4,enterprise,1
40,28.58398085144506,0,pro,0
30,33.10507353433293,3,pro,0
10,22.749334549441905,1,basic,0
53,62.97416300813493,0,pro,0
33,0.0,0,enterprise,0
31,79.2634819965888,2,pro,0
19,42.762648902235505,1,basic,0
20,35.789347820315086,1,basic,0
22,52.42141613566463,1,pro,0
52,43.426670998652185,0,pro,0
37,41.581365269954816,0,basic,0
15,56.457251411206876,1,basic,0
44,60.58419821887854,0,pro,0
33,38.37024361705877,0,pro,0
22,80.87942008424092,2,pro,0
53,22.571022702834426,0,basic,0
18,65.97326603390287,0,basic,0
52,54.0264687953593,1,basic,0
18,28.3896391107849,1,basic,0
8,66.1054529442224,0,pro,0
17,75.24777233986327,2,enterprise,0
18,17.487045056879666,2,enterprise,0
28,60.83957885177899,0,basic,0
25,47.056778495410406,1,pro,0
45,53.5322513914553,0,basic,0
46,15.583327764367297,0,basic,0
25,61.28762297679542,2,basic,0
41,72.48264044726083,2,enterprise,0
24,54.691447883171904,0,enterprise,0
32,35.42610773111902,0,enterprise,0
26,42.19183732565495,0,pro,0
23,55.474794036592115,2,basic,0
16,45.0614429410292,1,enterprise,0
17,21.805364493778477,2,pro,0
30,25.43110115589091,1,basic,0
35,19.225725531419418,2,enterprise,0
2,49.75389185272085,1,basic,0
48,85.78520747191598,2,basic,0
25,75.5592332378879,1,basic,0
21,44.38653630302391,0,basic,0
16,44.95526626960707,0,pro,0
17,67.75330912771594,2,basic,0
16,62.68043118640974,2,pro,0
1,74.32630140757115,2,basic,0
28,57.906315832223164,1,pro,0
7,41.27544841479663,1,basic,0
16,60.98816192274679,0,pro,0
8,84.28172993057339,1,basic,0
59,54.71229754474897,0,basic,0
26,90.5340383578972,0,pro,0
7,31.898491299961183,1,basic,0
46,43.28909193046713,1,basic,0
6,54.04008898028581,2,pro,0
24,47.3411326256615,2,pro,0
38,67.86692088183703,1,basic,0
9,55.859217856782756,1,enterprise,0
4,62.695845201182664,0,pro,0
10,79.55708008053193,1,pro,0
52,25.752191525029787,0,pro,0
57,43.854334122578756,2,pro,0
42,89.34176012524034,2,basic,0
37,42.818736961758525,2,basic,0
42,28.17730232571378,1,enterprise,0
18,32.69324395448096,2,enterprise,0
59,26.39425662779988,2,pro,0
50,46.35074082653389,3,basic,0
42,54.568007605639025,3,basic,0
56,56.100545403537566,1,basic,0
5,64.52107713715465,0,pro,0
33,46.32021373512321,0,basic,0
56,65.65732186861885,2,basic,0
27,71.61598188939159,0,basic,0
10,21.46831158148146,1,basic,0
23,29.56171137614302,0,pro,0
22,58.71716997782038,1,basic,0
23,25.9016521615741,0,pro,0
25,70.88343584240064,0,basic,0
51,37.375002283832686,0,pro,0
29,36.74401744104992,1,pro,0
43,52.11607137597395,3,basic,0
19,95.89553917950302,1,pro,0
54,26.799623600047518,0,pro,0
11,48.40107410289798,0,enterprise,0
2,34.35696734668753,0,pro,0
18,60.6694288421446,0,basic,0
8,46.362090032143094,0,enterprise,0
16,48.00285772939323,2,basic,0
31,58.45402607819355,2,pro,0
37,44.51877363441676,2,pro,0
35,49.85995101546142,0,enterprise,0
45,,0,pro,0
26,48.49442427394254,0,enterprise,0
37,44.11753377101723,2,pro,0
31,31.704777797426107,1,pro,0
53,57.6239609475339,2,basic,0
54,51.81992617974687,0,pro,0
24,46.41535642266546,0,pro,0
34,36.60764404360054,0,basic,0
12,39.531520642828184,3,basic,0
16,29.865896619203667,0,basic,0
9,84.4988592463456,1,enterprise,0
30,61.697430224870665,0,basic,0
16,89.31129494908814,1,pro,0
18,14.884702933918746,1,basic,0
34,17.463286771750944,1,pro,0
38,55.05867009725897,0,basic,0
3,45.52813156162265,2,pro,0
35,39.91194706161859,2,basic,0
45,37.07182422791996,0,enterprise,0
42,44.0947690444038,1,basic,0
21,0.0,0,pro,0
58,98.03696852544479,0,basic,0
58,42.61589316792761,0,pro,0
30,45.12882604195254,1,basic,0
33,68.21031259989473,2,basic,1
3,45.904215456278145,1,basic,0
16,56.077818513253455,1,pro,0
30,63.704878282501866,1,basic,0
42,65.0695336570029,0,basic,0
30,60.4393642798522,0,pro,0
4,71.82921545026913,1,enterprise,0
47,72.2994925752125,0,basic,0
8,52.963473330669906,2,basic,0
55,61.510064849918976,1,enterprise,0
46,40.321210538564955,2,pro,0
10,66.90224833854828,2,basic,0
38,25.000247843167212,3,enterprise,0
53,23.15858481113329,0,basic,0
12,35.74692408754582,0,basic,1
11,61.14965908977865,2,basic,1
57,39.52987044119021,1,basic,1
35,44.75085963972405,0,basic,0
59,76.24118838151588,2,basic,0
1,84.05811896602548,0,enterprise,0
26,94.9725970235643,1,basic,0
50,73.83647971847977,1,basic,0
26,65.1745303629284,0,enterprise,0
25,62.42578295810343,0,basic,0
9,30.53928627421751,2,basic,0
13,55.13546647123924,2,basic,0
11,49.946753400954115,2,pro,0
56,73.19273258471107,0,pro,0
25,62.93256465407343,3,basic,0
6,33.58469186636166,0,enterprise,0
54,46.232748663531936,1,basic,0
21,62.90870220104334,1,enterprise,0
26,55.55508364431579,2,pro,0
28,39.7811459268932,3,pro,0
38,69.01408561954915,0,basic,0
16,14.388215712535668,0,basic,0
29,62.95901280090841,2,pro,0
22,34.47348474469988,1,pro,0
56,21.9293205185202,1,pro,0
50,,0,pro,0
33,73.64523652804981,1,pro,0
12,19.512926699351635,0,basic,0
39,47.286749064609616,3,pro,0
33,50.60023361608955,1,pro,0
12,41.58030248547603,1,basic,0
13,42.23859007118731,0,enterprise,0
21,47.974629696364836,0,basic,0
37,54.354465874373645,1,basic,0
6,79.34019620468223,4,enterprise,0
15,0.0,1,basic,0
54,55.29790853224032,2,basic,0
19,67.90521229599588,1,basic,0
53,15.346780982210426,0,basic,0
32,62.72010679291769,0,pro,0
14,69.42163155804101,0,pro,0
15,42.11717471915321,2,enterprise,0
29,55.17793835604288,0,enterprise,0
44,38.352461709344794,2,basic,0
12,25.41578993839963,2,enterprise,0
14,39.272511984542966,0,pro,0
10,36.46140983171864,1,basic,0
50,68.68250895409953,1,basic,0
23,37.406088599699416,1,pro,0
42,63.311050051725715,1,basic,0
25,67.81830563256253,2,basic,0
8,73.80711290453507,2,basic,0
26,50.99020310186119,0,enterprise,0
31,60.283196058657474,0,enterprise,0
41,34.46795971753937,2,basic,0
4,29.9097728808751,0,pro,0
10,81.8817878820916,0,enterprise,0
11,71.46591134938004,3,enterprise,0
39,29.904014392091213,1,basic,0
19,32.96560257571049,5,pro,0
33,84.27699030198745,0,pro,0
42,56.15845966817743,0,enterprise,0
43,73.65922295830494,1,basic,0
37,80.03140575799486,1,basic,0
22,47.32886690380603,1,basic,0
32,68.54789500486422,1,pro,0
14,27.07331934695812,2,pro,0
11,49.56601170390944,1,enterprise,0
56,66.17338424410062,1,basic,0
18,77.88151279998849,3,basic,0
3,50.56415621031774,0,basic,0
41,61.00619498494293,3,basic,0
55,33.67710946322313,1,basic,0
29,68.67015577295922,1,pro,0
37,24.20860500376364,1,basic,0
20,43.26638904478197,1,enterprise,0
18,47.364724474561186,1,pro,0
5,31.714191044136406,0,basic,0
7,38.176572597142155,0,basic,0
3,43.961374239292184,0,pro,0
12,69.15798537434294,1,basic,0
55,62.742704899789445,0,enterprise,0
58,56.99134528296349,1,basic,0
25,57.38531038663379,0,pro,0
30,57.925332307414884,1,pro,0
53,31.231807174553566,0,basic,0
34,43.53266527694737,0,pro,0
15,45.69128944940714,1,basic,0
38,65.12601760377598,1,pro,0
35,56.369486968563436,1,pro,0
19,61.03440672462728,1,enterprise,0
16,26.826508774808953,2,basic,0
58,81.54440405891862,0,pro,0
53,37.39881877737498,3,pro,0
5,30.463705143958386,0,pro,0
14,50.69816174482999,1,pro,0
34,55.345977139807424,1,basic,0
33,46.0160703727295,1,basic,0
5,79.13092138286643,0,pro,1
58,38.90448749694291,0,enterprise,0
14,40.34686807645666,1,basic,0
44,23.43922342552098,0,pro,0
57,75.6976163238134,1,basic,0
33,42.60576390958864,1,pro,0
42,41.86833453962811,0,basic,0
22,13.518241539548427,0,pro,0
1,,1,basic,0
32,39.049187745484645,1,basic,0
27,57.16868306453767,2,pro,0
1,67.74453597285108,2,enterprise,0
51,71.68191481766094,2,basic,0
8,34.73094203932106,0,basic,0
45,53.823364502741356,0,basic,0
17,79.83774512969464,2,basic,0
3,62.347694228014014,2,pro,0
3,66.31974251221497,0,pro,0
48,75.58085542988547,1,basic,0
15,61.124677049031725,0,basic,0
45,,2,basic,0
25,100.73288242863993,1,basic,0
59,21.442868961260277,2,pro,0
51,55.419216993002195,0,basic,0
59,64.21487642789856,2,basic,0
55,53.425370692135886,1,pro,0
7,51.40348438933724,2,pro,0
2,43.549402909550395,1,basic,0
14,73.1398917596313,1,enterprise,0
28,15.696701246904816,2,basic,0
45,28.629681426574365,0,enterprise,0
41,23.36906819233225,1,basic,0
24,37.179977960898746,0,pro,0
45,40.03697217836924,1,pro,0
20,58.02163558516397,2,basic,0
10,70.54519719738853,2,pro,0
44,34.36423613067535,0,enterprise,0
1,51.611471277131955,1,basic,0
33,92.28468909261301,0,pro,0
15,66.4715280936098,1,pro,0
52,19.372202412377348,1,basic,0
19,65.80581476705511,0,pro,0
38,52.815697129749466,2,basic,0
12,52.11149618010526,2,pro,0
58,58.14298764735662,1,pro,0
14,67.78365984750745,0,enterprise,0
41,56.96484782553275,0,basic,0
40,71.03130288412498,1,pro,0
56,58.279882325057095,1,pro,0
14,68.97034663939678,1,basic,0
17,62.395743826260436,2,enterprise,0
12,33.924354980629474,2,basic,1
48,21.496296915682855,0,enterprise,0
16,88.63360310120501,0,basic,0
44,33.962361533124486,1,pro,0
27,29.45568290132638,2,pro,0
51,71.70720515774627,0,basic,0
12,73.25811986009788,2,basic,0
30,47.458795958396976,1,basic,0
30,76.6870946381712,1,basic,0
5,40.44661721582488,1,basic,0
56,43.425006434109726,0,basic,0
24,23.80869317791987,1,basic,0
49,91.75956036025227,0,basic,0
30,53.438038967860656,2,pro,0
45,65.52641441739743,3,basic,0
37,19.32206836257379,1,basic,0
56,61.02228210789281,1,pro,0
5,15.4736216937833,0,enterprise,0
55,37.94616618820971,0,pro,0
56,64.86105438455135,2,enterprise,0
33,80.13107686030172,0,basic,0
43,83.54136534907647,0,basic,0
41,50.881136486266044,0,basic,0
42,25.641977991068224,1,pro,0
21,59.1977853899793,1,pro,0
38,42.76940495984829,1,basic,0
32,66.21850522526583,0,basic,0
44,61.42392485390385,1,pro,0
55,86.70027412568453,3,pro,0
7,64.6546112717919,0,enterprise,0
30,49.11617318151051,1,basic,0
4,61.19655198864437,1,pro,0
25,45.9621511560061,0,basic,0
3,42.63961970225286,0,pro,1
39,40.243303825260895,1,enterprise,0
25,47.048328589982006,2,enterprise,0
28,39.45259419380434,1,pro,0
49,52.52804462691784,1,pro,0
6,21.996556726703993,2,enterprise,0
33,42.25543187269451,0,pro,0
23,63.270799520759475,2,enterprise,0
19,36.04126485101068,1,basic,0
9,31.08234572730928,0,enterprise,0
6,87.16668850794301,1,pro,0
54,40.9969253593997,1,basic,0
8,86.30004510374978,1,basic,0
44,49.899218109121804,3,enterprise,0
19,61.31737374191668,0,enterprise,0
26,68.92994454350826,3,basic,0
38,38.56632103433356,1,pro,0
5,35.611665847198964,1,basic,0
13,52.994200001028844,1,pro,0
7,50.09586881149661,2,basic,0
2,66.38253409520094,1,basic,0
16,41.82682997444342,0,pro,0
21,38.10212039776678,1,basic,0
31,55.918283763059236,0,pro,0
28,36.431461547836776,1,basic,0
7,32.880734676181966,0,basic,1
19,56.99948448528697,2,basic,1
22,43.19323878386677,1,basic,0
11,24.535035244635562,0,pro,1
11,,1,enterprise,0
22,46.45149756286054,3,basic,0
7,6.249277353324231,0,pro,0
6,35.634220517045314,0,pro,0
8,70.71601160654932,1,pro,0
40,50.847870256404406,1,basic,0
8,37.26280536085259,0,basic,0
19,55.03268923533891,0,pro,0
50,37.2987882556281,2,basic,0
52,43.55870725218491,2,pro,0
11,58.16571105374713,2,basic,0
50,31.4948387210992,0,basic,0
7,86.67119072360947,3,basic,0
30,0.0,1,pro,0
50,19.547053844689394,0,pro,0
22,68.31878290849497,1,enterprise,0
57,57.19508408949929,0,pro,0
29,88.03461158612569,1,basic,0
44,63.62162028250232,0,pro,0
51,73.20018721642653,1,pro,0
5,64.26025232364398,0,basic,0
12,46.98186289488232,0,enterprise,0
8,14.979199920347327,2,basic,0
27,45.10833151135993,1,pro,0
9,59.44893291865746,1,basic,0
30,55.85219609850677,1,basic,0
6,32.45866617869724,2,basic,1
32,69.81094002910771,1,pro,0
29,42.45354218796186,0,basic,0
49,31.081767739617987,1,basic,0
4,52.2596976903327,0,pro,0
21,49.60058195344087,4,enterprise,0
47,27.34805189608413,1,basic,0
57,31.51871844830556,0,enterprise,0
25,54.147468318172656,2,pro,0
32,85.97519691038363,3,basic,0
12,1.2853138727081301,1,pro,0
32,2.732533308008094,1,basic,0
6,36.57277593169186,1,basic,0
7,41.96246465556521,0,basic,0
34,66.68766437929551,1,basic,0
30,18.330654884031826,1,enterprise,0
46,56.15688783407219,0,enterprise,0
1,57.46288056061801,0,basic,0
35,68.73491333012946,1,enterprise,0
35,38.40791260165863,1,pro,0
15,34.80435120007798,2,basic,0
30,46.14134323153833,0,basic,0
48,40.4479817890343,0,basic,0
11,40.850304260734916,1,basic,0
31,41.04785697174073,1,basic,0
41,65.39057302164169,0,basic,0
35,46.090018020644415,0,basic,0
38,47.252354071850796,1,basic,0
54,63.19628280667127,0,pro,0
50,45.86263940263662,1,basic,0
40,55.86883513511085,1,basic,0
54,21.941697913699368,1,pro,0
7,53.06344289157859,1,pro,0
52,52.247125828684176,2,pro,0
41,38.843196289210226,1,basic,0
13,,1,pro,0
18,34.90210533870257,0,pro,0
49,74.65000315686413,1,basic,0
47,48.71455136872379,2,basic,0
1,37.53699084122272,0,basic,0
34,38.60539421736155,1,pro,0
29,32.38680477674323,1,basic,0
32,55.53622200364658,0,pro,0
51,54.05049916708646,0,pro,0
9,35.1083929522553,1,basic,0
58,36.63680261322706,1,pro,0
2,56.303838763609235,2,basic,0
48,28.31463525244768,2,basic,1
58,79.82216310986365,0,enterprise,0
19,53.46909795920603,0,basic,0
2,40.14492544344002,2,pro,0
48,55.74086575212777,0,pro,0
4,14.860593584255042,0,basic,0
6,61.6794655686228,0,basic,1
28,38.956389111253756,0,enterprise,0
10,69.5892819660459,0,pro,0
56,68.16277232162211,0,basic,0
53,35.26470590497219,1,enterprise,0
32,79.69174480827112,0,basic,0
54,44.89926014930741,2,pro,0
59,45.23467454863766,0,basic,0
45,71.67477481398691,1,enterprise,0
43,69.78779275665997,2,pro,0
46,38.45040135765903,1,pro,0
49,54.389048508788775,1,enterprise,0
44,39.14386102756214,0,basic,0
49,32.5544023776718,1,pro,0
8,37.44980555296502,0,pro,0
56,58.41439067915292,0,basic,0
54,15.15425618027762,1,enterprise,0
58,55.317277289069224,1,pro,0
3,34.86166144601718,1,basic,0
20,45.08943621139485,0,pro,0
29,74.79915097070875,0,pro,0
42,59.183214370091775,2,pro,0
6,43.21141191331682,1,pro,0
30,85.58489037743718,1,pro,0
48,19.31585231316371,0,basic,0
58,51.32888423702111,1,basic,0
22,69.11072705232169,1,pro,0
35,24.312926406399626,0,pro,0
49,59.73759613034616,0,basic,0
24,45.4586782603119,4,enterprise,0
36,82.60105145324965,1,pro,0
2,67.5833544238216,0,basic,0
32,61.3120354806082,1,basic,0
44,20.739611242408593,2,enterprise,0
43,44.97650629888539,1,basic,0
1,83.06162639520348,2,basic,0
15,66.1440671174428,1,enterprise,0
39,36.32872806081842,0,basic,0
35,46.171997005747194,0,basic,0
16,15.011787456558523,1,pro,0
47,52.68286020964827,0,pro,0
40,30.523107513068098,1,basic,1
7,21.96315261843744,1,basic,0
59,30.524511388845777,0,enterprise,0
7,65.45704427424819,3,pro,0
21,19.60326632586355,1,enterprise,0
59,0.0,3,pro,0
33,92.23700316520134,1,pro,0
14,41.04922870828145,0,pro,0
33,40.985019398685715,2,enterprise,0
18,27.1182136169466,1,pro,0
10,72.87116884973398,0,pro,0
7,63.52959822444525,1,basic,0
44,,1,basic,0
3,59.38204918299101,0,basic,0
42,67.87950672564504,0,basic,1
14,58.43807820805552,0,basic,0
46,46.52709329519404,1,pro,0
17,70.13661328966359,1,enterprise,0
14,54.75645776836688,1,enterprise,0
49,39.28496169804063,1,pro,0
4,57.01179973217623,1,basic,0
34,11.922887451629478,3,pro,0
24,52.902806190096825,1,basic,0
10,36.67434847973317,2,basic,0
7,20.343491513104347,3,basic,1
50,61.477048459133464,2,basic,0
17,89.39777412875826,2,pro,0
44,74.938041433732,0,basic,0
2,62.12775746972062,1,basic,0
36,34.76868837333369,1,pro,0
24,22.092772006145434,0,basic,0
13,43.2781899521519,0,pro,0
22,36.48537906490979,3,enterprise,0
4,54.66767651412433,1,basic,0
20,84.34656337444505,3,basic,0
22,66.51815448673483,1,basic,0
23,57.291543265715575,1,pro,0
15,57.897284969407934,1,pro,0
3,19.844247612291465,1,pro,0
46,64.51169916673828,3,enterprise,0
26,53.92344371091748,3,basic,0
48,35.67258449779776,1,basic,0
39,48.81657762780665,1,pro,0
55,46.22840150447474,4,basic,0
20,62.202334104395206,1,basic,0
4,40.51828014459514,2,pro,0
34,72.68080529862837,0,enterprise,0
3,,1,pro,0
48,40.700430736090354,2,basic,0
55,78.23634755386891,1,pro,0
31,47.12455083431566,0,basic,0
53,50.35706381788506,3,basic,0
55,29.384958575430137,0,pro,0
42,73.7219646696249,1,pro,0
46,49.76830630488576,2,basic,0
57,61.35114578488211,0,basic,0
33,44.77008291973429,1,enterprise,0
6,55.901211417959736,0,basic,0
5,24.969004059195647,1,pro,0
25,41.29359617155828,1,basic,0
28,25.005932518078676,1,basic,0
56,44.012604789163795,2,basic,0
3,64.98907638900882,2,basic,0
22,40.137400754746054,1,basic,0
57,48.69470738366664,0,basic,0
26,54.10950631533527,0,pro,0
3,83.33777495451933,2,basic,0
36,66.38661026945745,2,pro,0
13,17.835659357895857,0,enterprise,0
14,76.83654676454972,0,enterprise,0
11,16.696404653888166,1,basic,0
30,20.6955420466903,1,pro,0
51,54.266898436210965,0,pro,0
42,81.06910499405214,1,enterprise,0
54,34.17645604049768,1,pro,0
56,25.997023552828487,0,enterprise,0
43,43.40240723148279,0,basic,0
12,53.07059280767281,1,basic,0
51,76.7616741901511,3,basic,0
2,51.330391482484515,1,basic,0
16,42.08021325553574,0,basic,0
54,41.549340127349005,0,basic,0
53,52.434001095055486,1,basic,0
14,59.251683129464034,0,basic,0
6,30.014775009562513,1,basic,0
54,45.929494261575364,1,basic,0
19,,0,pro,0
18,93.70089159336511,1,pro,0
51,59.10035751279651,2,basic,0
46,5.462770323866756,0,pro,0
41,38.073393941196514,3,pro,0
26,,0,basic,0
56,42.7917300403026,1,basic,0
55,72.95908642134634,1,basic,0
51,44.390410477668034,0,pro,0
57,60.23133516691787,0,basic,0
13,59.246752494955956,0,basic,0
33,40.50353914872354,1,pro,0
25,39.20268907084843,1,enterprise,0
49,42.46103827452114,0,pro,0
59,27.860344674632316,0,basic,0
45,50.420431703244155,4,pro,0
42,35.90975228947371,0,basic,0
49,49.55872201479762,1,pro,0
47,28.303116020108586,1,pro,0
30,81.43560615321604,1,basic,0
5,59.96722245891393,1,basic,0
24,76.97915106993841,1,enterprise,0
57,36.95684071619109,1,basic,0
15,42.24776691791616,1,basic,0
33,59.26216116617145,2,pro,0
44,56.49373944282548,0,basic,0
10,55.80564587894122,1,basic,0
54,65.69936786022264,0,basic,0
34,59.57143686889677,0,pro,0
37,72.43062628994788,0,enterprise,0
55,39.21947969847783,2,pro,0
34,69.59604475217961,1,pro,0
33,0.0,2,pro,0
2,56.11341769248591,0,basic,0
59,44.669250128436644,0,basic,0
1,39.98034908116061,2,pro,0
55,49.310986646291454,1,pro,0
45,47.70723757233586,0,basic,0
30,57.25096825908893,3,pro,0
7,29.558571871025876,4,basic,0
58,37.744857330676986,1,pro,0
26,57.102028042919784,3,enterprise,0
46,39.39204117050903,2,pro,0
21,41.26424219678242,0,enterprise,0
16,60.011511591979136,1,pro,0
30,53.665382677343906,1,pro,0
6,38.617037860639094,0,pro,0
10,34.12845447833482,1,pro,0
2,60.29774025470869,0,enterprise,0
46,64.72457062680897,1,pro,0
31,61.961864154133586,1,pro,0
27,59.91239968138251,2,pro,0
45,44.05542526347351,0,pro,0
24,33.52529504901271,1,pro,0
8,48.255157449581034,0,basic,0
38,46.493703608534744,0,basic,0
12,37.17111730224745,0,pro,0
31,54.36456365121948,0,enterprise,0
58,106.68382589073157,2,pro,0
27,39.54485543603078,0,pro,0
48,42.64942786247824,1,basic,0
43,63.51031872616413,3,pro,0
20,35.149500427683726,1,basic,0
15,41.17321917719529,2,pro,0
56,40.85276750914128,0,basic,0
36,48.19416196962908,0,basic,0
29,65.59965302802283,1,enterprise,0
33,59.88803114347233,1,basic,0
15,21.232326809473,1,basic,0
40,43.08747123016912,3,enterprise,0
21,29.74367906396442,0,basic,0
42,55.611339039850144,1,basic,0
17,39.67260159895405,1,pro,0
28,70.49570715215603,1,pro,0
42,87.44291969423969,1,pro,1
9,43.4172512091877,0,basic,0
23,53.10273120840727,0,pro,0
4,64.49531848644584,3,enterprise,0
35,35.85555546366922,0,basic,0
36,20.44505107097388,1,pro,0
37,58.72848236528763,1,enterprise,0
33,55.42551700479777,0,pro,0
30,12.247907073018297,1,enterprise,0
37,47.50198627453421,1,pro,0
27,39.03010612604457,1,basic,0
47,36.39497819735874,0,basic,0
21,49.54368659174541,1,enterprise,0
15,20.43594113503632,0,basic,0
14,21.444771363259708,2,pro,0
1,73.40437637142914,0,basic,0
6,61.262283223214105,1,basic,1
36,47.2065440077932,0,basic,0
42,50.99112745871997,2,basic,0
13,54.89842720480008,1,pro,0
1,49.584674512548844,0,basic,0
12,95.12065077578976,3,basic,0
44,37.572151872128394,0,basic,0
3,60.81825008876237,1,basic,0
45,26.446934309305963,1,basic,0
49,61.27475798676258,0,basic,0
48,83.59534843172341,2,enterprise,0
7,47.966310778862834,0,pro,0
38,33.96868390080506,1,basic,0
14,17.282963134933553,0,basic,0
57,71.13634994174475,3,basic,0
17,35.58311265749842,0,basic,0
23,53.46937068876802,3,basic,0
45,62.9978036393101,0,pro,0
28,30.686554674699057,0,basic,0
45,50.56079100550436,1,pro,0
18,75.831978818929,0,enterprise,0
45,32.849560538461844,1,pro,0
1,43.68809974714852,2,pro,0
48,49.91177023098038,0,basic,0
26,,0,basic,0
13,40.93352245766171,3,pro,0
30,67.08782664521492,1,enterprise,0
26,89.22185333647636,1,basic,0
28,31.091791794242415,3,enterprise,0
25,50.756441283957926,0,basic,0
3,56.63143691965515,0,basic,0
7,43.89143484195211,0,pro,0
10,37.64584282693796,0,pro,0
5,45.43883901737746,0,basic,0
17,40.93416483439937,0,pro,0
57,33.267316527816305,0,basic,0
25,44.954997383622405,1,basic,0
8,,2,basic,1
13,5.02837203044475,2,basic,0
41,52.27745231551331,1,pro,0
22,45.79483164134781,0,basic,0
25,50.955500101607626,2,pro,0
17,10.38514342657811,1,enterprise,0
48,88.51334785206528,0,enterprise,0
7,49.84278605263157,0,basic,0
8,17.839717590068638,0,pro,0
52,70.84739576087924,1,basic,0
9,62.11638120517501,1,enterprise,0
36,38.99277734846878,1,basic,0
31,73.94420943915325,1,pro,0
59,60.63246305876251,1,basic,0
43,30.015810422603938,1,enterprise,0
36,36.65040315639108,0,pro,0
38,57.98645450573504,0,basic,0
37,82.15057064304135,1,basic,0
36,41.07961449354638,3,pro,0
22,77.46537539711207,1,enterprise,0
42,53.19928895294204,1,basic,0
48,35.58029711936331,0,pro,0
56,76.04229623041455,5,enterprise,0
28,32.10951000084585,2,pro,0
26,46.07842165059008,0,basic,0
49,8.059564362576694,1,pro,1
5,43.29722364207483,0,basic,0
28,65.92525686236,0,pro,0
10,25.018009523999073,1,basic,0
44,19.55888407161767,2,basic,0
4,80.62388362298722,2,basic,0
40,62.652845949062126,1,basic,0
57,35.22866355934761,0,enterprise,0
24,48.46301993337293,0,basic,0
4,87.94906073358734,1,enterprise,0
6,26.520107290780416,1,basic,0
40,69.28851715955429,1,pro,0
14,60.72779991115557,1,basic,0
49,57.1254121902569,2,pro,0
26,48.33254666269135,2,pro,0
53,65.44302431037696,1,pro,0
29,,1,basic,0
12,51.7961208344963,2,pro,0
13,77.05720525959751,1,basic,0
32,46.76752795660675,1,basic,0
16,53.05193915611575,2,basic,0
49,67.76510921343367,0,basic,0
20,17.363948781167103,2,enterprise,0
13,8.403894888355374,0,pro,0
33,77.60870046075604,0,basic,0
16,56.38349682863329,0,enterprise,0
6,59.89371140993338,1,pro,0
15,41.40106229893436,2,basic,0
25,51.36751221080634,4,pro,0
31,65.86840838481851,0,basic,0
41,48.394778215288504,5,basic,0
50,38.94884717688706,3,pro,0
50,32.26700107743099,3,basic,0
47,20.00053768345571,3,basic,0
31,1.51349894325363,0,enterprise,0
13,41.77428603929187,0,pro,0
57,40.82078577271788,2,basic,0
28,,2,enterprise,0
44,37.37519620592167,0,basic,0
26,27.13388899280123,0,basic,0
47,87.1944341561692,1,basic,0
46,35.19789698746925,2,basic,0
8,43.03744523929994,1,enterprise,0
22,69.4635868992957,1,basic,0
30,70.0019172580655,0,pro,0
36,70.25164582393454,0,pro,0
3,63.47485250882696,0,basic,0
44,31.567756917904898,0,basic,0
40,37.42141861216949,0,basic,0
29,,1,basic,0
20,62.93578783406209,1,basic,0
8,45.41569912982607,2,basic,0
52,72.14047277866865,2,pro,0
5,55.86268696630161,0,pro,0
8,57.55914956388109,0,pro,0
43,6.768535794961011,0,pro,0
5,54.21693152688799,2,pro,1
20,30.42496197612294,0,enterprise,0
24,68.82732599232963,1,pro,0
24,47.77098453503292,2,enterprise,0
10,65.7353500193187,1,basic,0
43,64.4432983990254,2,pro,0
33,40.16656995039848,3,pro,0
41,37.05936346053126,2,basic,1
26,72.5769178366207,0,basic,0
50,78.03925517788701,1,basic,0
2,35.4815715199323,0,basic,0
47,19.281055872178005,0,pro,0
15,68.65565661684263,1,enterprise,0
35,22.63089796402223,4,basic,0
10,50.51079019274655,2,pro,0
23,9.931319441414004,0,basic,0
11,73.05221568228714,0,basic,0
20,59.06702795000331,0,pro,0
59,43.50247734145085,1,pro,0
38,26.83461750850156,1,pro,0
35,0.0,1,basic,0
12,49.68808036921736,0,pro,0
46,64.88049918486608,2,basic,0
6,55.983419740713835,0,enterprise,0
23,25.240464289430253,0,pro,0
11,66.14089408510628,1,basic,0
11,58.298279939200754,0,pro,0
37,19.75599718972098,2,basic,0
20,17.337730686025765,0,pro,0
37,31.954319608666744,0,pro,0
42,75.98321986652202,1,basic,0
12,38.81787995808819,1,basic,0
25,86.6651767200461,0,pro,0
22,76.66693643974799,0,basic,0
1,17.974486554938508,1,pro,0
1,46.52066575691149,2,pro,0
33,118.17999973209405,1,enterprise,0
43,51.57964808445593,1,enterprise,0
31,66.00558734004002,1,pro,0
16,,1,enterprise,0
41,46.2456554733708,0,enterprise,0
35,36.989231396216546,1,basic,0
2,,2,basic,0
51,60.46859725312557,1,pro,0
53,63.81654296478504,2,enterprise,0
7,68.79581061454964,0,basic,0
28,29.609088252097298,0,basic,0
48,32.97453423559,1,basic,0
22,67.03396583899445,0,enterprise,0
29,54.85957934073497,2,enterprise,0
18,13.149592683025787,0,basic,0
48,32.196839239757566,1,pro,0
51,99.2079070470771,3,pro,0
36,,1,enterprise,0
16,45.952773886168615,0,pro,1
25,58.64249117498581,1,basic,0
18,61.061444082884265,0,pro,0
1,23.512276147497943,0,basic,1
53,37.33113786069562,2,enterprise,0
28,82.49178946896745,1,basic,0
28,31.781785091898687,1,basic,0
51,52.53858946482282,1,basic,0
3,80.24337311672502,0,basic,0
49,49.21326617733951,2,pro,0
8,49.78447611100535,0,pro,0
14,33.133281249558415,1,basic,0
45,35.93807278337602,0,basic,0
20,74.04725744729937,1,pro,0
20,62.98143144203537,0,basic,0
11,56.59743824437859,2,basic,0
18,41.38888457365256,3,basic,1
22,84.29276003307463,0,pro,0
18,86.86062129189774,2,pro,0
58,54.51166863416753,1,basic,0
58,34.434346005794424,0,pro,0
29,29.380251898301594,0,basic,0
29,96.91625934281467,1,pro,0
13,103.28651868046616,1,enterprise,0
53,38.16064319599482,0,basic,0
15,55.23863297188551,0,basic,0
47,10.615709921001574,1,pro,0
57,34.87203238301452,0,pro,1
47,89.77881232559226,0,enterprise,0
27,67.0080194630861,0,enterprise,0
46,68.03827736725536,3,basic,0
50,44.487139718338234,1,basic,0
19,30.277989644293328,1,enterprise,0
32,44.71691220639267,0,basic,0
49,73.76685473835556,0,basic,0
47,58.95911185056803,1,basic,0
29,64.23498766665685,1,basic,0
37,64.27711980589505,2,pro,0
11,36.161302189529955,1,enterprise,0
2,53.51750734965553,1,basic,0
15,32.67129893377542,1,pro,0
14,29.593346889505412,0,enterprise,0
32,60.82701082638984,2,pro,1
18,24.35419740945116,1,pro,1
29,81.21679264187942,1,basic,0
53,55.387833399488066,1,basic,0
59,23.711049348087943,4,basic,0
53,39.25076745420948,0,enterprise,0
37,28.92931192831567,0,basic,0
22,70.04659437760516,4,basic,1
37,62.42065492309757,0,basic,0
22,52.02006717631154,2,pro,0
4,84.49987276974488,0,basic,0
50,51.93096512711017,0,pro,0
4,45.99472142456442,3,pro,0
41,32.340338514554404,1,pro,0
18,26.68705285437358,0,pro,0
14,58.75275133924383,0,basic,0
27,67.43893128594199,0,pro,0
11,49.185798652251435,1,pro,0
55,56.80573134107342,1,basic,0
10,52.180076643826155,1,pro,0
4,85.4339227307498,0,basic,0
47,55.38244562192487,0,enterprise,0
43,74.42940696534663,0,basic,0
44,47.31755108712747,1,basic,0
37,33.721197938913214,0,enterprise,0
19,19.45155948620078,1,pro,1
15,28.78761547775281,1,enterprise,0
35,59.066250222643504,0,pro,0
55,30.37404094565315,2,basic,0
13,72.5582813449234,1,pro,0
23,42.54284454805441,1,pro,0
35,12.845376513082265,0,enterprise,0
50,53.7926264498501,1,pro,0
11,40.26343179929237,3,basic,0
17,88.03390102498328,0,enterprise,0
22,64.08372885424788,1,basic,0
34,29.820141696397563,1,enterprise,0
46,51.918975510154006,1,basic,0
46,21.387817988287622,0,basic,0
4,18.852961910654447,1,pro,0
51,48.50393660645463,0,basic,0
23,60.681806982437614,3,pro,1
22,39.993308151364204,0,basic,0
4,73.16970916222847,2,basic,0
13,13.319167338390145,0,basic,0
58,61.25210175931045,2,enterprise,0
39,54.97021212584217,2,basic,0
6,19.984282964450202,0,basic,0
38,58.71610160729054,1,basic,0
9,43.76910382964008,1,pro,0
3,73.87142097891302,0,pro,0
41,18.50851984560571,0,basic,0
36,63.51703440969879,1,basic,0
34,44.22137012274483,1,enterprise,0
56,80.73040944094174,2,pro,0
48,101.72887971168538,3,pro,0
15,42.3823220942496,1,enterprise,0
38,44.39429308275744,1,basic,0
38,48.00086042559289,0,basic,0
37,48.32801492003702,1,basic,0
55,70.17309458655362,2,enterprise,0
10,38.71391975441296,0,enterprise,0
23,34.630716339421824,1,pro,0
33,,2,pro,0
49,,1,pro,0
28,78.8811380479887,0,pro,0
53,38.928588560148285,3,basic,0
16,37.71179219991476,2,pro,0
3,61.54402451351115,1,basic,0
9,60.326423673653736,3,pro,0
18,29.350955398287955,0,pro,0
58,42.485398202130966,1,basic,0
15,22.14088588998517,0,basic,0
16,64.95217098852982,1,basic,0
54,32.88387429697496,0,pro,0
8,35.927278001332944,1,enterprise,1
36,41.20853352132609,1,enterprise,0
47,30.972709162530684,1,pro,0
8,50.37862180828746,2,enterprise,0
29,67.01169843517798,1,basic,0
23,55.03344385217666,0,pro,0
46,92.0387574705407,0,basic,0
17,52.14592039095376,0,pro,0
11,15.581172532629893,1,basic,0
59,48.52507876829801,1,basic,0
16,37.15425531608866,3,basic,1
52,,0,basic,0
5,44.924660989192404,0,basic,0
51,56.364987031935115,0,pro,0
20,21.23109725408511,0,basic,0
7,34.96931151268687,0,basic,0
27,52.05852419350209,0,basic,0
23,42.44378725316722,1,basic,0
25,49.57774511659778,1,enterprise,0
27,81.93240775585696,1,basic,0
11,24.23475870278665,0,basic,0
20,24.90547776421301,0,basic,1
21,75.65168748074821,0,pro,0
53,53.70441597072694,0,pro,0
47,35.37413595411067,1,basic,0
27,57.07397120076414,1,pro,0
16,67.99969029861168,2,basic,0
46,34.72242832381744,1,basic,0
4,68.01285894155698,0,enterprise,0
35,46.47755338932069,2,basic,0
42,77.72190874692062,1,basic,0
24,5.490592087300676,0,pro,0
17,87.08881340398293,1,enterprise,0
6,47.59849416322688,0,pro,0
6,73.26995554312983,2,enterprise,0
51,37.743561695911275,0,pro,0
41,59.77272485864246,4,basic,1
29,72.01403260337322,0,basic,0
59,51.77201314793124,2,enterprise,0
5,41.801931793064774,0,pro,0
32,35.345948028880414,2,pro,0
29,35.51937283545513,2,basic,0
6,65.85794032449834,0,pro,0
3,30.69201206307489,2,basic,0
51,64.11237846848046,0,basic,0
19,50.738542911900176,1,basic,0
7,45.34775690803968,1,basic,0
53,36.02124853660237,0,enterprise,0
12,40.561696264256256,0,basic,0
21,9.353793401639372,0,basic,0
35,62.351672620560024,0,pro,0
20,40.67204733950675,0,basic,0
7,74.51853137777871,3,pro,1
18,34.23886817470174,2,pro,0
3,33.54763953519712,0,basic,0
34,48.685698888636026,0,pro,0
16,41.85138034311928,3,basic,0
30,26.723317933091984,0,enterprise,0
38,8.933246428503658,0,pro,0
23,32.75297794863455,0,enterprise,0
56,37.12803638665582,1,pro,0
51,63.69388549142425,1,basic,0
28,64.62908556752187,0,pro,0
28,29.263407682097046,2,basic,0
33,65.28888393239416,1,pro,0
50,29.16025718607315,0,pro,0
56,35.94934389583103,0,enterprise,0
24,41.06986550262568,2,basic,1
25,31.871328172146427,0,basic,0
21,64.86786673100579,1,pro,0
31,80.86874350024272,1,basic,0
11,29.28869259090444,0,basic,0
24,57.58041880648919,3,basic,0
4,49.59158345791111,0,basic,0
32,59.59797977280886,1,enterprise,0
34,38.417628982857295,1,pro,0
41,75.01872713754827,1,pro,0
22,63.195670786277816,0,basic,0
47,60.84394806960337,1,basic,0
9,91.42019958246881,1,pro,0
59,36.10371107433889,1,pro,0
32,48.9895543133532,0,basic,1
37,64.25532150495988,0,pro,0
43,70.74285742228741,0,enterprise,0
31,51.78289311706853,0,enterprise,0
38,63.5446375059806,2,basic,0
35,79.56112509193352,1,pro,0
2,46.535782092889484,2,basic,0
21,45.15765308566188,1,basic,0
22,51.65234991167394,0,pro,0
3,0.869145396934492,2,basic,1
40,61.87575470435485,0,basic,0
44,61.1843046430774,1,basic,0
24,89.9930371794915,0,enterprise,0
52,22.535502238999648,0,basic,0
26,56.49338389319151,0,basic,0
29,58.72597577597349,2,basic,0
47,64.25810204241874,3,pro,0
5,26.248136036768862,1,basic,0
10,0.0,0,basic,0
52,51.08740501500287,3,basic,0
11,55.39270512282137,2,basic,0
55,55.43017650992006,1,pro,0
46,36.51563073116091,0,basic,0
6,33.39063008281683,2,basic,0
55,48.0382351503676,1,basic,0
49,31.23700199399456,0,enterprise,0
10,31.123116928335893,2,basic,1
5,55.48970608339961,0,pro,1
4,61.14960303311556,0,enterprise,0
41,27.93848254903169,1,pro,0
49,13.386617073912568,1,basic,0
24,29.557552434111372,0,pro,1
34,63.80842391452587,1,pro,0
5,43.68690093500727,0,basic,0
15,63.819821132833525,0,basic,0
