customer_id,engagement_score,instrument,treatment,x1,x2,purchase_amount
0,40.22313271082466,1,1,-1.7889064670309638,-0.2959553832275038,52.106531367442244
1,47.379240615113346,1,0,-0.25808810770247986,1.251567301484349,50.88606798372852
2,74.95585987086795,0,1,1.7302638065983118,0.5184919624408116,85.15766070591795
3,59.88721624748382,1,1,-1.0719617088678723,0.5896641147948687,63.197208967666676
4,25.3790405812303,1,1,-0.4380882365973547,-0.7510050843627433,37.00702543074464
5,49.92195103742102,1,1,0.17995827686049043,0.7518792339976866,51.35387549564493
6,40.6480438851741,1,0,0.9550010545720486,-0.14790617007446238,58.555740712973076
7,52.2294728487804,0,1,-0.9333059475690257,-0.404945600039548,68.13154136944004
8,25.877183237204164,1,0,0.05840651367082305,-1.5509827654412565,47.20163431923793
9,53.62657815315277,0,1,0.3029643376829903,0.36224710488952666,66.88674164638252
10,53.53071378106182,0,1,-1.1207122419927025,-1.1210338170055902,70.0452388821332
11,73.63439047147195,1,1,0.4109952192125593,0.34028180259384766,83.38132109032095
12,54.74967524707853,0,0,-0.9804270750707899,-0.36139743583792905,68.38233400147885
13,57.65819992546463,1,1,0.17978806279534848,0.12113828749365062,55.00658871265871
14,27.60324972553651,1,1,0.6231619433388802,-2.4263702797875895,57.68159766278568
15,83.7909368708604,0,1,0.10108711329609388,0.5681187446282246,86.28343004735149
16,21.26531663062549,1,0,-1.188716530231564,-0.983169847410281,28.70907453897359
17,66.52702783733727,1,1,0.6884428529606622,0.8180142368925677,73.53953009799571
18,45.05143889189225,0,1,0.7158186664736059,-1.1568617491795716,65.63717890916736
19,36.79030223108305,0,0,0.1648170644765901,-0.25480947162515344,46.261258675372055
20,40.155724836064536,1,1,0.8116161401014579,-1.2119660095032774,70.49339277549424
21,39.91977979012016,0,0,-0.42647760951844815,-0.8769432319891225,31.350842661401526
22,55.702836383734876,0,1,-0.7857579963522066,-0.4239726195960845,73.89919017276557
23,48.349119570829224,0,1,-0.1578479354965195,-0.9600486395963739,55.54254755466704
24,,1,1,0.4840791465381553,0.7923813053579197,81.80426826672252
25,22.55593964831974,1,1,0.8819595990494411,-0.04175981709451674,51.60930486543197
26,49.95378553001223,1,1,-0.6555714003214057,1.1901270179716987,57.08840541973395
27,36.61916317517613,1,1,0.22287728073287585,1.1668172575797624,57.33478062832781
28,61.63807771187089,0,0,0.17485011356039756,1.037388650303199,70.99507819077972
29,18.229099367223977,0,1,-0.46016791307472527,0.3208216529463546,40.607578309061694
30,44.844584748507785,0,1,-1.9420376731486317,-0.7837279453225575,55.86780777953384
31,53.15259391004153,0,0,-1.6457934526833746,0.004991654002240725,57.457677017575314
32,27.73597124005473,1,1,0.913237520674951,-0.3516146253088747,48.68076151279007
33,64.77823374287281,0,0,-1.4677710879056518,-1.0272222904506325,78.9706785378691
34,52.68070143677594,0,0,-1.7440291726845063,-2.063110582436813,73.27909264778688
35,65.10285156060625,1,1,-1.4105998940467233,1.0523825615986642,62.68359693209851
36,64.38777288011767,0,1,-0.3445203093814519,0.4357574946566714,86.31225298510138
37,35.302181504379845,1,1,1.2267227978236834,1.8247833686631874,43.51608483190856
38,38.03306363165693,0,0,0.3427994937677103,-1.292685193811992,66.15444057738122
39,46.95001271342146,0,1,-0.4827175912662311,-0.880404711672816,48.8769434371648
40,61.21939588944702,1,1,-0.3244844290011887,0.10600446932821925,79.1158291728314
41,62.76450936463314,0,0,0.4019863261238347,0.05595001900278242,77.37263371963024
42,39.354726939369726,0,1,0.027537000657484472,-0.5436933033048773,62.999150182227254
43,40.89204222117003,0,0,-1.7211087051946217,1.054965949735561,48.15371802869013
44,38.032656272502074,0,1,1.1605882218501127,0.41185322822503173,52.33796770982821
45,41.23642656263979,0,1,0.8714012625347104,-0.7521557394440745,64.32037115312734
46,46.43114933652911,0,0,-1.0477859772418696,2.155223254675263,55.022027017316205
47,48.02277428464603,0,0,-0.24323470232288807,1.3192210726755107,58.70214322636133
48,80.87171702746566,0,0,0.4107038854754281,1.660681939178238,73.27633090828706
49,42.403945103203554,1,1,0.2625584459626838,-0.43176933312525956,51.38971415615258
50,45.669134494561675,0,1,-0.32877163978253976,1.827772847333753,42.077589189842676
51,56.87866593641042,1,1,0.06690409936915902,-1.9261738967891633,66.69139077446755
52,35.70388901645112,1,1,1.7549947836067374,0.13642818307011503,70.3875585137957
53,44.47059276316385,0,1,-0.28924185139823727,-0.5144693297166059,58.744410160229556
54,50.199777217415196,1,1,0.9588476527482337,0.6685098293625578,64.16995365168489
55,61.61218920525897,0,0,0.256787827719065,0.6007004584204868,67.72487393348807
56,30.259777118798652,0,0,-1.1003743706631515,-1.521023263603309,50.86167326730474
57,70.57204185930534,0,1,0.6404283403183351,-1.2904537042379758,88.37226001188434
58,44.713139511475944,1,1,0.3671745725991361,1.3276558940766425,66.06905161184103
59,52.54124631655438,1,1,1.1558074957724276,-0.13188612370246552,89.63135475642603
60,62.70632455901766,0,0,1.581016093536521,-1.5529430096851895,82.9082564002934
61,59.911893825905395,0,0,1.0582640236833214,0.8864544925305636,60.36810471275224
62,65.88847829263246,1,1,0.3502785693445965,1.8336540519341682,70.098583943065
63,52.59796724647817,0,0,0.5615181925485825,0.26186923788238875,70.34829336410444
64,49.7057996993824,1,1,0.8604770890065455,0.44536162949905245,57.67993626907563
65,54.74717808919401,1,1,-0.7312160546809175,0.7272136125564936,65.00281924700718
66,35.06426914720122,0,0,-0.9243529947781449,-1.089279393328703,47.47854078767744
67,68.21281053476298,0,1,0.7965637193610116,0.055106527676046395,80.30677677278268
68,38.36920627038458,0,1,-1.0382075418830714,1.225241932175952,64.7728281218993
69,31.096341801761113,1,1,-0.22572341823586917,-0.0926841418728152,35.87835040794628
70,80.84613171407793,0,1,1.773127538754543,0.7361107222801173,92.26509296430002
71,47.95332590730723,0,1,0.9259857633631876,-0.6160492237900186,70.86361599422678
72,32.31312691505078,0,1,1.2459018852024828,-0.7043461131686712,46.3458273863262
73,77.78404580169394,1,1,0.0053705583489985255,-0.557452920511449,100.33872641544947
74,45.0543106336235,0,0,1.1563158773473523,0.30721556909828,51.35341160564978
75,65.93113681678342,1,1,-0.77139942983552,1.2988774657884639,82.84068015736356
76,37.55766914978786,1,0,-0.7442688197503554,-0.6266658233274481,38.739558366538816
77,46.26829968118053,1,1,-0.1343528654704964,2.6864127247008662,56.22244508979585
78,24.672059697854635,0,0,-0.6506817655404744,-1.390062355000481,34.32207317988941
79,21.36590961747092,1,0,1.2791808832670704,-0.7630143063516637,17.827272332491628
80,35.353481179059,1,1,-0.13535110105036113,0.10852570345469396,40.19660448431813
81,48.829414722033555,0,0,-1.1121679969560896,-0.15451815178430142,50.94995958437893
82,61.96978565279065,0,1,0.8823547100619277,0.4369381043210511,78.9116801320893
83,86.39330751831234,0,1,0.7109274724770013,1.579800418074974,110.22513087631845
84,34.522055073580844,1,1,1.1630292878927797,1.851888329827576,56.353029468575585
85,65.13560449653247,0,0,-1.1359609179365715,-1.1099140115777815,64.00529688212477
86,40.93488562271151,0,0,-0.8165166888101488,-0.8544309322265322,60.37400453059193
87,47.71206040845723,0,0,-2.1784627819900613,-0.3082969758470974,48.18674905259078
88,27.782125725541402,0,0,0.3680175558241097,-0.18078877435006188,50.122197544387255
89,27.81521394694366,0,0,-0.07755258884294461,1.3005885656154492,43.686673815554954
90,38.32309095799238,1,1,-0.5559275978960628,-1.7545559722914972,58.24654909108435
91,32.10334066549069,0,1,1.2966305449914675,-1.0318951039501638,54.299979180459
92,49.946684139852614,0,1,-0.7457011542086955,0.6010054961006165,68.65115997975408
93,39.46228304302219,1,1,-0.5025505055501391,-0.7848004179309609,49.73973183053441
94,68.76045610621833,0,1,-0.872314521541377,0.04705428480803272,83.37143875488722
95,52.295295669222426,0,0,-1.015987091217138,1.668096807286615,42.07632194899979
96,52.47857283885826,0,0,-0.07704684965590894,0.9454721405444075,67.18825581023458
97,67.06152798039251,0,1,-0.21828869591027422,0.04532109942052778,66.3998865599447
98,57.771684035550386,0,0,-0.3876191818234148,-0.06156693796985004,54.20390014938599
99,49.44000526870896,1,1,-1.127061056841434,1.3631053040130126,69.46751163298829
100,48.63914957498895,0,0,-1.3564335303670185,-0.27266500555032863,56.24814671269557
101,48.18577044197496,1,0,-0.6460341489624081,0.37393255728015784,59.215280334847215
102,66.15082934082872,0,1,-0.1274483847961344,-0.43233430466953704,74.01424106606044
103,61.74628425030053,0,1,-0.914667717171078,2.663777504731394,59.14680852182266
104,55.488769368592635,1,1,-0.4884746535697042,-1.4016810317011508,70.16565489709794
105,61.98243990623411,0,1,-0.4178365740072069,1.371817911242458,83.68301113747913
106,41.83200051716973,1,1,-0.9866988407217621,0.7511764091091145,54.76101043105286
107,57.665342070015,1,1,-1.5356090445150625,1.9803444682938407,57.58678571292684
108,28.81499505544492,0,0,-0.2240534734899694,0.9088612477846005,37.01617041782522
109,70.2090582838385,1,1,1.4669282513179525,-0.3274040001044457,87.0071825794618
110,51.350723882973526,1,1,0.3977475846714772,0.17849485924730973,62.95171874976686
111,52.75089501157156,0,0,-0.17915168602460974,0.2394736318064683,47.3956049874013
112,58.990757686931886,0,0,-0.7394818690575017,-0.8872256860077331,68.73711717480056
113,49.854356384584946,1,1,-0.6761707721750803,-0.33188137102999515,51.55655193199127
114,46.18838172626056,0,1,0.9843191508527928,-0.0014689977550145811,60.58436823942422
115,67.84676933122114,0,1,-1.1531169470806992,-0.11766355774659064,62.023658790204365
116,51.73626006064842,0,1,1.7012396238479353,-0.12439125045062721,59.78498918540883
117,36.26192490558949,0,1,0.03328323996322281,-1.3288078913520147,51.25122283921203
118,56.593383736688025,1,1,0.29462379217872425,1.5689016840480257,89.15737000312451
119,24.423193367187537,0,0,-0.3361751129932532,-1.367317556403477,34.84691993039597
120,74.83313655853493,0,1,0.9471736479532127,1.1046546403505861,84.72214141856978
121,47.43303331699284,1,1,0.9294290522336862,1.0296338508714111,56.659853374936105
122,50.68825780169749,0,1,-0.6883517971142168,-0.5319191083332042,61.360476236388834
123,83.86655687835261,0,1,1.8102683594105116,-0.6822406827883296,92.05837454137826
124,82.27611618673464,1,1,0.2196062333679203,0.23081821055647783,86.18818301137696
125,51.73710019951025,0,0,-1.4130669483540566,-1.1566315100841407,61.05631263074822
126,59.372995258683424,1,1,0.5197658396416991,-0.92079337104959,72.01157479935705
127,66.3526979795807,1,1,0.35772577016524243,0.4045477684993813,84.67025115703194
128,75.23031509707302,1,1,0.22498133276509408,-0.04319775116707585,93.89621774571307
129,,0,0,0.8892750559234304,0.5235705814343004,42.98851720514709
130,52.02890320888383,0,1,1.1084979408926885,1.596921838318507,84.3184038672484
131,68.36951333422381,1,1,-1.1077249400107403,-0.3234572505487508,74.28628520060444
132,54.04325453865531,0,1,-0.153637255283915,0.09155069537185341,76.13602823101151
133,61.317497859323225,1,1,-0.09403384991558625,-0.6510645647114542,81.82462642235646
134,59.14789288928211,1,1,0.08702392463072293,-0.8257326168659447,76.1414973337932
135,32.97632077562774,1,1,-1.6992360904842743,-0.6150218847631843,37.66128223305535
136,37.11588482271424,1,0,0.2901429294416297,1.03654711421692,41.67411005950599
137,10.379917337554659,0,0,0.10476258817230144,0.30838929423870753,26.010798660898445
138,46.098189436748626,0,0,1.9177572282610371,-0.3624905069442077,68.11206284497308
139,70.0825614249613,1,1,-0.784536622113883,-0.12275194920874223,81.12337429586775
140,33.36189884481388,1,1,-0.4311391807647525,0.155628136491609,50.75540697438706
141,68.50705360127762,0,0,0.4822318681213948,0.11209411418207618,92.68185685659668
142,64.99319259460508,0,0,0.034234976062444966,1.4960583482901222,85.8171321820543
143,49.17736720040418,1,1,0.8994408301046135,1.558223544047823,63.730981791336966
144,49.88582534353185,1,1,1.2265487442074,0.21812965594698241,62.0074909900334
145,51.24249711289275,1,1,-0.8197942742080686,-0.4415496819021983,67.94574255476473
146,37.08369629331451,0,0,0.1491204528836291,0.20917696623498871,56.65167204043019
147,,1,1,0.6783930832485153,1.5308929984776345,76.42103770734983
148,49.30153540131154,1,1,-0.6899111609901428,1.4942100123484985,61.143396108115255
149,59.17906918459241,1,1,2.223205649474575,0.49443838974478477,69.04035927257715
150,61.87719268426538,1,1,0.3376694506291832,1.2314292706334045,68.93904819267813
151,38.85892922769227,1,1,0.20439574707596234,0.9002730269769318,54.60316017228016
152,62.38569711625151,0,0,-1.4411992059072314,2.033319248243977,59.77477618574116
153,38.33194189251688,0,1,-0.6228167652620105,1.7955374401814277,46.8057001892206
154,47.46625200533826,1,1,-1.909064536304759,-0.4874957038660373,46.189315637904286
155,55.54258033505895,1,1,0.6928718061499103,-0.7938954714674453,91.7413763010575
156,49.660199044398894,1,1,-0.7456469468044203,-1.7716175840641415,75.59293733711475
157,48.0955875433736,1,1,0.09761144021626741,0.3536877101629344,59.21888046203033
158,54.04161886825724,1,1,0.39157760190925656,0.05963873342494281,87.3749610035201
159,41.70801427318027,1,1,0.21206022006266118,1.311882343460253,45.409727335439484
160,40.210007837661124,0,1,-0.3824813431049165,-0.7580902327736857,67.65178116200352
161,46.93828838313052,1,1,0.7418117105410517,-1.1125573396771058,69.03770184135118
162,64.41906818594099,1,1,-1.0831517001892148,-0.2761012775005351,90.0249367468034
163,48.47497879460786,0,0,-1.8266572868095199,0.3890974228576248,41.57514993880412
164,78.56781999321856,1,1,-1.4432053554250297,0.8318049474735257,80.07808990519942
165,53.21379907625933,0,1,0.7318328495634563,-1.026041738338615,69.00191306046199
166,5.384020727891851,1,0,1.3696128654943105,0.2175128479885878,19.216352648814727
167,43.40669454863731,0,0,-0.6715482609916711,-1.5408463026231,55.06299866287907
168,74.97551161061654,1,1,-0.5536804915209079,-0.7282459563478738,99.322712741051
169,50.09518752476651,1,1,0.3708382111010446,-1.0147575728032583,59.404849097281975
170,43.432494854463556,0,1,-1.3389297540990295,1.4128091268692764,56.919411587704644
171,36.895103915027605,0,0,-0.5255574776440035,0.8420070394946215,62.90525829373103
172,69.85696742359261,0,0,-1.44869216731414,1.7209524155710152,58.59486545975781
173,65.04236790478869,1,1,0.009107086990240995,-1.3916324995350364,81.7878618888756
174,60.08052273875254,1,1,-2.91803598121353,1.1012295732476742,63.8328926257108
175,56.42152910511473,0,0,-1.5470445527596548,0.0539588430735806,63.197890517537374
176,71.61359379520174,0,0,-1.7777600852380562,0.03349207141462217,76.43541370408666
177,62.31802553596857,0,1,-0.14170114840835754,-0.07492211843189833,84.53664708436578
178,31.55299395162081,0,0,0.4007026653946282,-0.08375166665003476,36.1150763386719
179,61.526653098763525,0,1,-0.11152165660733844,-2.0369506088586613,74.57653947305597
180,52.544395026755744,1,1,1.9471004587280794,-0.24179083040570365,78.62073961011795
181,48.34520309438497,1,1,-0.038138156155913094,-0.9612694842961651,78.67649427261577
182,61.45082192383272,1,1,-1.0200226421526424,0.2739901626002561,67.78817311326212
183,50.42579757724624,0,0,-0.5319411441828968,0.45940713575360165,68.72910478031184
184,5.996677190033957,0,1,0.5785613911002337,-0.28379231764292306,17.22858747396746
185,73.3608217998206,1,1,0.3744689688262907,-0.29342208200779385,85.52538813436578
186,65.56580002108475,1,1,2.0454941765419514,0.22649311375088774,68.96845281805733
187,48.161161686982645,0,1,0.12800430833729262,-1.0971643530269513,59.42212919523734
188,44.414050564537355,0,0,-0.9921558363813332,1.4668862356767303,59.85369308937254
189,53.399726403524646,1,1,-1.1465434177850604,0.5270691803379031,59.7082806894862
190,30.73409259861954,1,1,0.7192863207023735,-0.33491147881788275,61.72599850368226
191,54.5960849546013,0,0,-2.814579403041998,-0.6029007432574337,35.595771427562994
192,46.54704408832024,0,1,0.31629779867805585,0.8118980615964713,64.5590639753969
193,44.70573736456808,0,1,0.7620257406469552,0.05091280539969296,64.94628769689398
194,36.15322166226757,1,0,-0.50831412768783,1.4239757773093586,38.39640544355168
195,39.82045699018333,1,1,0.17175265762191422,0.72071338599925,48.373332730412564
196,66.59444652437091,1,1,1.2213413163439124,0.41670066716255916,80.18390965351102
197,70.02531549242576,0,1,1.4017124303509547,0.5475278034769746,78.41451245281124
198,57.54257106336569,1,1,1.300277067285811,1.318458076408152,71.98790685147449
199,49.31695072240659,1,1,0.9102196611534438,0.5576300782057967,63.93486922839481
200,36.831449252322486,1,1,-0.21743284112731961,0.9516969554569445,53.00328876973193
201,60.76630518712584,1,1,-1.22939326275001,0.20598965776555894,63.39409170389082
202,74.16404291892462,1,1,-2.1427872283644125,-0.49969258983824477,76.51095643309442
203,25.782440685773036,1,0,1.6996887252168007,0.38679380512609207,39.70091250283919
204,67.61388953252305,1,1,0.9703792187409097,-0.3852186280306467,79.71283712718142
205,17.514955197795516,0,0,-1.3174648295092712,-1.4148280893862366,29.492784508605794
206,44.89986385477395,0,1,1.0270338975364748,0.4999352991187823,70.66486897987299
207,55.76936918201607,0,1,-0.4802090301501399,1.8863214168049816,73.23038374284327
208,29.52519357993585,1,1,-0.5683815694590946,1.0988747146136524,40.457412899342955
209,,1,1,-1.2518651200221271,0.013946155926936297,46.13129232386761
210,52.78510654197102,0,1,1.9933620449978078,0.9485700136219399,68.24071406902065
211,63.15072546423712,1,1,-1.4130455016165646,-0.8815036945300687,87.64169055682763
212,42.868204258406664,1,1,-1.174335550635688,-0.21733661776413504,43.15259180268326
213,70.15838019123733,0,0,0.6383434117852513,-1.3761931628255026,67.14317730205639
214,38.301169005498096,1,1,0.7700935526916756,-0.47942377433050454,56.81206023889683
215,76.31527106403658,1,1,0.46775757924083033,1.0341265194776275,87.62717802393476
216,51.806075132069246,1,1,-1.0703279960941772,-1.1007751105891945,51.32273736846771
217,53.52954958709603,1,1,-0.2491148696864535,-0.6454827780329133,73.70949186386156
218,59.22403553753877,1,1,-0.9058767459633914,-2.5477069876149345,80.98147704810631
219,54.81540285031143,1,1,-0.5385908318429127,-1.173634882645582,68.30127393081005
220,77.68670457505266,0,1,1.752163622385454,-0.38565773150595123,102.78949173137579
221,83.09724595112507,0,0,0.23539397949733668,1.7251455688910218,98.21478518078202
222,58.1917669911964,1,1,0.7457355390788216,-0.4376584787494465,73.75396866169677
223,47.5144283782568,1,1,-0.9357568606471715,2.384702281470279,61.60273721883611
224,32.35848951418749,0,1,-0.5746681573886007,-0.5148245479431582,51.005621836502726
225,38.68437910317583,1,1,0.4108710211486282,-0.6294180292685564,70.05300370668071
226,50.138722835176125,1,1,1.1649457654117361,0.8988837727884639,83.2810780494595
227,48.47991714401231,0,0,-0.1878572504091289,1.4873572750057769,62.699416519424624
228,49.34489602078587,1,1,1.458423506530724,0.008784450685784647,64.91288632639792
229,50.075726765447385,0,0,2.3580995666452225,-1.1963407539782063,64.88327174606023
230,57.4330958318045,0,1,-1.8095540205622842,1.9510810631137503,57.78795807675988
231,29.739691921911838,1,1,-0.018501507542763657,-0.3563892293554399,54.247232178585776
232,34.6178655798708,1,1,0.6306939428048824,0.04764612838456038,47.998539526765896
233,66.82881305773547,0,0,-0.243081253927078,-0.490123417469378,57.377070659851924
234,62.574388087332224,0,1,1.63745024730437,0.6321189584113243,81.73762537219092
235,41.96327736523344,1,1,0.09382545633206728,-1.1252181483535468,57.946151123205595
236,69.43000970892119,1,1,0.3136154790760363,0.7493025592542732,81.48270649853936
237,39.85413102920428,1,1,-1.6153372302082334,0.14226291200411692,56.31781256734297
238,46.22311873814808,1,1,0.9619265383076518,0.01887231475205078,59.66691256273808
239,22.61793402595689,0,0,-0.3534253075919063,-0.47572841184472153,37.90809216675964
240,62.70683401047615,0,1,0.40514232981881954,-0.5875129601905431,72.58644058102692
241,49.86873363075038,0,1,-0.2953792353684612,-0.5841472086371158,75.075062696765
242,66.04674673241858,0,0,-0.7252362450860691,0.4440897697950073,73.13154056736238
243,60.638969876364506,0,0,-0.20682514789685819,1.3709960278621391,52.393850333345455
244,51.49206603244687,1,1,-1.3045104874200366,-0.4901118006587463,66.25302228685348
245,52.4901043005985,0,0,-0.28751545768363357,-1.3046151219570505,71.27637653161655
246,68.03104506962792,0,0,1.061454820598467,-0.2489718212519367,88.20650047005948
247,47.677819421766316,1,1,0.9015455582565958,0.565417372282265,68.12389225026574
248,47.8658182123893,1,1,-1.0068007022299845,0.20822629802312506,56.504066322278156
249,51.20281286214045,0,0,0.786971650263972,0.199909367618278,56.62630629245182
250,62.281044559294294,0,0,-0.42862837503257456,-0.20666119366630534,72.2190224620584
251,64.07276953801579,0,1,-0.6884938362892575,1.126974774507107,72.97810249867938
252,79.01745826290711,0,1,0.5438366394536723,0.48724798346183806,105.00983714225767
253,49.115870907278044,0,0,0.6678006894338581,0.7555330841804778,62.18799147707933
254,69.32698155005517,0,0,-0.671562167757095,1.1149970863360625,58.95988285236519
255,40.61251364034763,1,1,0.8858496958374026,0.23148061456115734,70.27456477458868
256,59.52526234354563,1,1,-0.05566619654862597,1.843134950119808,78.58674916571641
257,52.39500839533619,0,0,2.1001532519432358,-0.1813421629653027,75.84901603746994
258,76.57878409278464,0,0,-1.5255942335206374,0.12369119303287361,70.7207739270437
259,59.72507791396559,0,0,-0.27777214771075337,-0.08229298537218831,64.13250723493094
260,43.88832824391626,0,0,-0.3251795782509337,0.8013916143727247,48.452750813824856
261,59.30734003009118,0,1,-0.8873591555733923,0.6105961854708197,71.69646101859027
262,55.84770253602979,0,0,-1.3949463400174602,-0.5956799954940928,49.03723306009802
263,45.91624217564424,1,1,1.186156256023876,0.7207966812441189,56.18153198570355
264,46.26415688485921,0,1,0.2485720583697351,-0.7511367542350568,63.620505629866095
265,36.534643709087305,1,1,-1.413220072781077,-0.7107258231034204,39.50897801252512
266,92.06497911805505,0,1,-0.5877131276400916,-0.059386938741080766,101.65080204231107
267,52.74352012796295,0,0,-0.41945320919803425,-0.4378662296533651,58.83310374892189
268,65.33979819801569,0,0,0.2879604731990818,-0.31975803541433917,76.26612692799806
269,33.24514120115852,0,0,-1.019855865237566,0.31905232039139336,38.758521373060006
270,34.447022890146826,0,0,1.4398869682442859,0.7521347193494636,52.75268795125062
271,48.441886859053604,0,1,-0.01227417344481135,-0.23075782138112602,66.03051868067261
272,48.51092797149426,0,1,1.396585683632834,0.233771436145155,64.1575472244953
273,62.78304527795202,1,1,0.5203741265274376,0.20004433550407283,84.94180246758151
274,35.69410290979204,0,0,-0.2850555639607572,-1.5914441227985239,48.682520321938014
275,58.85129651157753,0,1,-0.19053022747757767,0.4504872723579959,75.30120861402443
276,73.48330175458587,1,1,0.3778547003728578,-2.4254623720134307,93.98200485453566
277,37.045311901560794,0,0,0.14740812539252524,-0.8825897871381577,56.99971352385342
278,64.40693187967157,1,1,0.25012507361204306,-0.46800091189407733,79.14912841887721
279,36.35147022265248,1,1,0.7560352135167118,-0.1682699431404458,60.43785829005341
280,55.95443729722065,0,1,1.2187519605161024,-0.41224511363165695,79.04907495520973
281,56.212787659403006,0,0,-1.0196934001468878,-0.9817534184896556,55.94131202309411
282,76.82431874003733,1,0,-1.635212818676071,1.4890582151525829,75.41609590248198
283,40.402583289725385,1,1,-0.9225778847351235,-1.0884211522549678,57.23283184916858
284,53.28839870249847,1,1,1.212787152175328,1.7720925047708607,68.94529685903836
285,66.41773876618475,0,0,-0.19485080866031096,-2.40485652000908,70.04852618485567
286,33.18159609370758,0,0,-0.6384797541685743,0.7117306898014936,46.897473551934134
287,50.625202026565105,0,0,0.33941768612629625,1.0567316798847466,58.5352201878764
288,37.70885051598266,1,1,0.7215956744094328,-1.0092179565150592,57.09782379876995
289,40.228742135393446,0,0,-1.1222760702648242,-0.9402629756200981,39.96387381877941
290,60.9865898112625,0,0,-0.9927576738992095,-0.7378314363032135,72.48914604550514
291,61.26457117201027,0,1,-0.056448129229362216,-1.1200981187887247,71.13343703971726
292,89.42159179016187,0,0,-0.11730357093991735,0.4541861629709345,94.9208452704046
293,71.41183139843037,0,0,-0.7500013340219338,0.06135914467136834,66.30119365152066
294,70.09093479514006,0,0,2.2450582355481594,-1.7230324455360153,79.43988621652343
295,,0,1,1.2250704801075,0.4524559813707984,50.40532121758797
296,46.23623171030658,1,1,-0.1681788503882443,0.7364000756779105,41.965215696605235
297,52.79043844671515,1,1,0.6565680862528959,-0.20411478170845154,59.37244529346353
298,16.598651903286182,1,0,-1.2136026677722962,0.510851023088924,20.418891662777245
299,75.57151662681899,1,1,0.9158809096659778,-2.3857406188249377,77.13930218678848
300,40.63068909768316,1,1,-0.20079316708438694,0.010765743613906214,48.68871286567328
301,34.772672929477935,1,1,-0.7118805897175777,1.0602858150779582,42.65577949919803
302,43.77917533213461,1,1,-1.375776204350562,-1.5544394213804147,43.418003038498604
303,63.75325122730287,1,1,0.8111480784418867,0.2792343647081397,66.0758400821815
304,69.25165252247069,1,1,0.06034949609324748,-1.3906901929173607,66.1601669538342
305,44.92502922060823,0,0,-0.5942399599458253,-1.0130910793660983,44.281539562409144
306,57.09545263096193,1,1,0.9925751393763109,-1.0994336978734391,85.57348867451897
307,49.675698118414445,0,0,-0.26464949999101595,-0.45089081507164297,65.83856369989296
308,35.56765475395291,0,1,0.24784267570105217,0.44929372461369327,65.2321641327008
309,53.04008927535312,1,1,-0.4895932474919127,-0.18182609026216304,52.66906964982587
310,50.887014741028686,1,1,0.3966805050371014,0.9777595816155172,83.93978830388274
311,27.39269197754592,0,0,-1.1695944267514498,0.26719840303647424,28.823807286416823
312,66.94687882884732,0,0,-0.4215700394294335,0.20045562478579707,62.8771825145507
313,26.85262577205905,1,1,0.03449403951671153,0.18085168903294602,44.195902080766615
314,53.919095707799485,0,1,-0.8388142696392207,-0.7990477819295131,64.13287491155886
315,34.647283887914945,1,1,-0.5678041379230536,0.6696006481885127,54.75869531529609
316,38.174052358332865,0,0,0.7001901811962654,0.16295836455440985,50.52983912707874
317,39.838773669635046,0,0,-0.5019306524524744,-0.5598335306960942,49.23314281496607
318,60.938501347341315,0,0,1.0337052504987871,-0.9772486861752275,72.8457965028796
319,31.539963641713033,1,1,0.4047653731310693,0.4092325144500165,59.51223067834796
320,47.48450506183904,1,1,0.007063048463827209,-0.20618204704950055,68.05961166503896
321,73.61317396669926,1,1,-1.5016926784949947,0.7634448497886206,78.49005676866841
322,39.88140775118142,0,1,1.4858876974817703,0.34926113015239163,62.8058169294758
323,49.83215306636218,0,0,1.448533210221632,-0.5505361631871682,66.40772556085894
324,60.26271694558445,0,0,0.2879425023473625,0.5347739774601961,67.08525283998463
325,41.54450901347855,0,0,0.13692858817338222,-0.10675269557002008,38.159399562088154
326,,0,0,0.06825946372687641,0.9697578136123043,64.46322443679436
327,40.354600734058444,0,0,-0.4128236619716509,-0.17739385533202442,59.09896792869668
328,60.75865936219827,1,1,-0.24909224863431229,0.2119299141201451,69.03188657409646
329,51.191351672539966,1,1,0.40331245734489973,-0.008450384186460418,63.97382219824675
330,36.206762455223995,1,1,-1.4959351476855633,-0.41803903796950864,35.88880407641265
331,71.38456150211988,0,1,-0.045218647502902116,-0.28666923107866277,82.08882642293958
332,48.82130921210269,0,0,0.4074431099862185,-1.380084160939147,51.632767359110275
333,46.04416992394559,1,1,-1.7523687286396679,-0.16390428224269293,61.722444951571106
334,36.36725047959554,1,1,-0.6655256057669134,-0.15823268855451036,53.04518680896408
335,43.18689527630046,0,1,-1.561270805775455,-0.7189169051800698,56.585176572857144
336,48.78839774180855,1,1,-1.4482313250481278,0.525507970599825,77.67435886493706
337,52.809526015569205,0,0,0.5256979566078853,-1.7043454103086346,63.952212955831584
338,66.70076748259993,1,1,-1.201670551402815,-1.2278920266107385,77.8717952721481
339,30.45145907570979,0,0,2.585991987120471,0.5220317321487753,33.28234720373972
340,44.97659206654708,1,1,-0.22600307258843194,-1.5761236165986932,65.8718316467012
341,68.15697360409385,0,1,-0.8640179738303047,-1.2631161386582603,84.10882867732151
342,52.93703144023206,0,1,-0.33255562933980615,-0.00861853319484118,60.81433943616637
343,56.329985075647045,0,1,-0.0656428728054452,-0.0167199032006132,56.74016904639647
344,74.09987844238302,1,1,0.2400918776656067,-0.9897001500281484,95.67184453752503
345,55.26458083041917,1,1,0.264392608961024,-1.0264385056174459,62.67761235957996
346,57.19442329552824,0,1,0.2526758690602847,-1.9754852521353323,82.89105134346048
347,49.58421606267114,1,1,1.0314591606425885,-0.5916667722122487,78.8932255030778
348,76.70986391835928,1,1,1.1424060381253385,-0.41008036312830703,80.00342402362183
349,65.94171645558403,1,1,0.027102495223354818,-0.8783711501289534,69.69144388704306
350,39.36665310954412,0,0,0.32833034518000204,1.0412030956710538,51.148736037523946
351,58.40652600284323,0,0,-0.7803010113410205,-0.4501771487190662,74.44104389448546
352,32.950662594490964,1,1,-0.6394658268821037,-1.3943977762604356,53.158482768708254
353,66.4748029133575,0,0,-0.41165811589092366,-0.7655030753781749,66.51252676115297
354,60.231015115052,1,1,1.3049103363779084,1.695886119065035,72.57601941142113
355,47.74747187345469,0,1,-0.7325677059391447,0.36734627348156584,55.03757231184054
356,44.10633434007476,1,1,0.16822367008023928,-0.6173068486067499,41.81061543082289
357,23.197657428169876,0,1,0.09424814698290403,-1.9638880209481882,42.02180177710547
358,61.564799614613925,0,1,0.7658219344087586,-0.3601709222350339,75.09430316273878
359,48.342961891036396,1,1,-0.620822085408612,-1.5536929275527265,62.34022926268059
360,45.41487743690693,0,0,-0.40949552675611417,-0.19317124247563547,58.511943070407206
361,60.92728326044927,0,0,1.0551828614562586,1.3364023452678226,76.02201813960308
362,40.096293447006474,0,1,0.24003290943671313,-0.2015620024904737,62.67428623388222
363,41.25370998920123,0,0,-0.5411466561760251,-0.41591251284973635,42.089608846198466
364,39.62779086080035,1,1,1.1603946726516055,1.2450406835000398,56.56606912465937
365,29.732112632518305,1,0,0.11261787075642722,-0.6394249105037199,39.65273142863151
366,86.16099223136277,0,1,-0.5105281262569321,2.113218611235349,91.08638278115309
367,47.08853210281329,1,1,0.9134592882925273,-0.009291826381501767,68.57682088112932
368,44.74226074645091,0,1,1.7646157256240036,1.5250544283150562,83.7502893204672
369,63.49472193145976,1,1,-0.39221664278810775,0.6452893310963307,86.72358302456402
370,2.73555784896854,0,0,-0.9795605716760976,-0.44909583511409207,33.213419303052056
371,49.500904722413345,0,1,-2.3362493012458687,1.1460637314547295,59.44581595314965
372,50.138198968026785,1,1,1.8257155799894964,2.5056114913520773,61.153304241464305
373,35.35476847491384,1,1,-0.5282270959542109,1.451511819989123,40.58293946668117
374,56.797382976837625,0,1,-0.2938110708060812,1.311428004779722,73.46082940101734
375,19.47378689733924,1,1,-0.9839368291544608,0.5381142448785557,20.77982959902144
376,49.86411610243071,1,1,-0.16994387811782283,0.4797521845362901,57.762498509390774
377,62.91453237110879,1,1,-1.0326445330156155,-3.4991145777117345,75.01207959669011
378,16.176171615260657,1,1,1.526594088862793,-0.7131936043900093,40.78576230552672
379,27.626749677145504,1,1,0.7065678162737433,-0.007389349506962463,61.52398315825677
380,46.81171450059816,0,0,-0.5217833986866887,0.8957571656606376,59.2957933632288
381,48.702593268526556,0,0,-1.2003863846403637,0.5654467929308507,44.73925824047889
382,39.06480524207146,1,1,0.5974896497824335,-1.0314787528836549,64.72385039914604
383,54.010093082078996,0,0,-0.8183176850087115,-0.5646035992918815,50.51057673843599
384,52.06880689972604,0,0,1.2872637770554431,-1.0852232718671122,59.04524191201074
385,28.04749834794462,0,0,0.2986975952622421,-0.49951072883966824,38.64144881667692
386,46.635103705939734,0,1,-0.017753755765360507,-0.28721203340987195,62.58146546776144
387,28.867418908470146,1,0,-1.1680320002771696,0.2271584684673949,29.624037664287115
388,16.734781290052183,1,1,0.2644211097433073,-1.1801978947752751,47.966311508857125
389,11.592269406425778,0,0,-1.2936855448900504,0.6335995145878894,31.85559322056683
390,63.098247385348465,1,1,1.1734704446212665,-0.7647733356462936,78.79866545367095
391,45.67540586920497,1,1,-1.9388373547350435,-0.894053948831644,66.12835509477043
392,76.89805161107162,1,1,-0.3364057858009667,0.6919730890980412,102.53367439337494
393,25.5361302436111,0,0,2.3696934980272615,-1.4044202335446452,56.77962598483507
394,42.12005734601779,1,1,-0.4751906163570696,-1.2225941039426969,69.04640152617019
395,52.50055802431033,1,1,0.7511010013828355,0.02853029964510764,71.41817529483517
396,45.26081202417754,1,1,1.0759345621239473,0.013516028807567977,73.74474208159475
397,54.93463850723955,0,1,0.37780785926477733,-0.6734514969710224,82.49727876721138
398,49.62803259340966,0,0,-0.09642287741862965,-0.5255558817109028,74.12250204450783
399,38.243674254588,0,0,1.0530207140364962,1.1186774493688583,45.53598928826761
400,12.535575689588626,0,0,1.0942051867897868,0.8603241265242523,27.456096074806638
401,33.27822728122874,0,1,-0.5147836167142381,-0.9228685762288845,59.12933270727362
402,73.39241700424385,1,1,1.6125856190687253,0.0038185386660836455,88.36273482384263
403,59.12447853644451,0,1,1.348255435806731,0.7188116885209364,80.79049049730125
404,68.35082378517926,0,1,-0.9550859899426197,-1.0560218097174006,80.32806170030618
405,38.9536377639383,1,1,0.5717318068977297,-0.2892063451853592,52.98821348744981
406,44.9281026843658,0,0,0.6182335355325731,-0.8454289344588933,42.31343952527925
407,34.70362300405008,1,1,0.2146285324317526,0.8680482100092148,50.57823765665886
408,53.78590969878219,1,1,-0.5494193791697035,-0.4438724113144045,63.238737966487335
409,48.89731831610384,0,1,-1.128958312971425,-0.7771817974217827,66.93570048431462
410,54.806094856556506,0,0,0.5647481214392155,1.600706958183797,67.07781773107554
411,74.48669646582027,0,0,-1.5190218045669848,-1.9686080693804513,89.23314171959503
412,35.535360538097144,1,1,-0.49905795024317584,-0.7470825427003854,48.00154282324689
413,59.17299241139026,1,1,-1.8576673133265633,-0.4042791537138164,75.90777911294036
414,27.079150911824527,1,1,-0.632118534684013,0.068030595891407,39.75137276448819
415,64.69989294042408,0,1,0.22666516960973135,0.4442875783687818,72.90240553003454
416,41.524890836955656,0,0,-1.3426238234399595,-1.6275495510908409,60.071862887592204
417,47.07899283464131,0,0,0.8407356225242965,-0.5979975486079434,64.62671453629889
418,50.216810044778164,1,1,0.9986767963214962,0.349031056963118,68.6433129752568
419,72.8751256226616,1,0,0.48780667142758893,-0.8931693495908489,82.61738950008018
420,47.70315921931157,1,1,0.7262337858323166,-0.8910255825611407,76.36193054063615
421,40.708280245783875,1,1,1.532107659894997,1.5708844917204685,73.19675527336395
422,30.407872451305458,1,1,0.8174672884576172,-0.9941556652879888,55.96602701516547
423,52.31592180850598,1,1,-1.600119073499026,1.0027329151810571,57.25887663614196
424,35.34934232612537,0,0,-0.07169655461699914,-0.3177110650996512,43.550923626381554
425,40.62306039562973,1,1,-0.7518539801135751,-0.15680017965614368,49.89274080955896
426,47.79162217164197,0,0,0.10915449956944018,-0.8451589890220919,63.45128834061924
427,58.25243691194549,0,0,-1.5900576105905895,0.33538343737729565,62.1176640967079
428,37.445009735936395,1,1,0.1370531446219188,-0.40403966390120033,53.92385835946325
429,58.23281037384946,0,0,-0.17507681125821464,-0.5229804330539242,54.94492515655818
430,74.73893780017046,1,1,0.6110079319763787,0.7958060600570274,85.1360379544022
431,25.825495684131,0,0,-0.8730646857902992,-0.6546374385002154,29.00837752187801
432,68.61985074080378,1,1,-0.18204249147610307,0.5263220928816937,76.18975431521379
433,80.49455261118982,1,1,-2.0159822678104033,0.9255647652200201,83.39508557180821
434,39.31988879196932,1,1,-0.08705884483066421,0.32572612212148055,63.17654111171818
435,57.40594008601286,0,0,0.022383467032229338,1.1696741955945409,57.14596952634098
436,27.583682126964487,0,1,-1.2521729246416704,2.2190300074083527,39.015506906760905
437,53.3017316896494,0,1,0.0651837847387687,-0.4084771857112623,73.02758775346072
438,43.31524818010758,0,1,-1.2943722450478101,-1.3173440805102927,51.24907728511954
439,52.776308506964554,0,0,0.5226342660975758,0.9515309307141869,60.46563232017766
440,34.417434209235594,0,1,-0.7592354128723696,-1.4800529781721217,38.303995421860364
441,35.831253149805754,1,1,-0.3641889638482984,1.8681094776761695,42.55464633153171
442,41.4243714420459,1,1,1.6822132982681994,0.328479636320924,66.63082898852231
443,37.421479316908254,0,1,0.611557012656386,-2.065308743465329,64.41700679728353
444,38.77317266966596,1,0,1.5532997409518643,0.3096579364158892,61.443766310667066
445,,1,1,1.0742256622875994,0.1724956646998228,66.17040666196533
446,31.31101238822208,0,0,-0.03658552264590798,-0.27384838643454446,48.823473542716286
447,45.74384311021795,0,0,1.6050035184867604,-0.27735270076437696,66.0912795190229
448,55.12763709351243,0,0,0.33705075137585067,-0.5630919952114771,68.8779280668625
449,13.16331683042685,1,1,0.06348863769468552,-0.660452855584002,38.62165890964474
450,50.80641317317931,1,1,-0.35540207853067574,1.1516281230886964,67.49618493730121
451,36.61530252817168,0,0,-1.095558352053926,1.6742509603276876,45.32510454221799
452,30.96131366724371,0,0,0.6188479237847074,-0.47825084942826457,59.53109070081043
453,27.53760160236844,1,0,-0.13761006639859893,0.3971832009400635,50.85041606795311
454,34.90238709136119,1,1,0.5290243321167729,0.32221001140450106,63.550256435984274
455,36.428515132698706,0,0,-0.019659191144525405,0.3738218035152042,52.04375945159215
456,52.7501357908838,1,1,0.6955142786504779,-1.6131798638150456,78.2458878386858
457,28.598310068593804,1,1,-0.4803679815999701,-0.7826327134595196,53.78759588117456
458,63.17274021950233,1,1,0.3479084192147588,0.46795495875425536,79.39965648086623
459,35.25420481717099,1,1,1.1130556567337317,1.593390678649035,60.45909579264163
460,57.81539525251195,1,1,1.3941425580970073,-0.3796586326212107,71.01086379455586
461,63.91388437784771,0,0,0.12714755184585338,-1.3443998943551954,83.64568192746725
462,29.293688677693847,0,0,-0.7911265079795421,-0.9206054621381853,36.41063518381477
463,63.78667439603918,1,1,1.5997396820274357,0.5095983703123137,70.52623934907285
464,80.65917661762751,0,0,1.3681167665202107,-0.4986637582988433,93.25035027068348
465,41.42308475613111,1,1,-0.48057866652230424,1.6839343012583003,61.87140732081483
466,56.99650668534396,1,1,1.452959251225842,-0.7606851452979391,59.32244134046323
467,46.48215246349798,1,1,0.7087130513397324,-0.7407041226339766,75.95301798221911
468,49.797060361503306,0,1,-0.7117063244298741,-2.035062235268187,58.63288324277855
469,45.875751073479506,0,1,0.3307596664723382,0.7977937111076342,63.79099822159825
470,41.295290885987654,1,1,-1.0170150860115919,-0.4529718189628665,58.06897672817993
471,59.82888162310823,0,1,-0.16611896469774856,-0.028914262137334813,84.70915554149514
472,62.3072097762841,0,1,-0.19190101984656543,0.7584291920772293,89.54504174910811
473,49.16565835893753,1,1,0.13176789225801805,0.354216906212746,73.94445449917286
474,71.97575660544052,0,0,1.2803512166838067,0.8438050878585797,82.94818192316241
475,65.6817421751942,1,1,-1.2459533574789832,-0.4912603513054453,56.12393530793682
476,59.967310719343345,0,1,-2.822059743253661,-0.05724736060159326,61.374170357759574
477,38.70360889948018,1,1,0.8716958792670105,-0.12540876634136106,56.121838663761636
478,78.07060383141433,1,1,-0.10095301855892234,-1.0507124837205055,90.37468024405565
479,69.41483589343812,0,1,1.1108049538881923,0.5232448509989254,100.59967429189304
480,17.38668948187437,0,0,1.0224343734126762,-1.0888134677391799,41.01860997693782
481,33.032207027594254,0,1,1.828065717431562,0.48500074229439377,61.21613819427133
482,42.525142111352466,0,0,-1.7572770206266015,1.2719812010812377,38.7893714905756
483,63.80546130410685,1,1,1.7181561620364536,-1.1559383536977392,99.85288693367131
484,68.42707550350373,1,1,0.1489132780955811,-0.819600960109489,91.44957645657495
485,45.45563366112163,1,1,-0.2908581885080213,-1.3237275527862824,71.65313917815521
486,53.50812137606505,0,0,1.7344895255208135,1.198297169576172,85.65189267287796
487,60.30179980172055,1,1,1.4117554330579405,-0.536549029779872,72.56795271192367
488,30.745398438150126,1,1,-1.1615013870449309,1.4615797606105279,42.21149515839747
489,58.76038326188006,1,1,-0.4188141170441175,-1.5836357925592162,74.98685432422515
490,45.31742511483138,1,1,1.6218064786746031,0.11584536427956503,87.06629777767102
491,52.704908049926765,1,0,-1.1769739391912855,-1.0965321668679258,81.15351433367083
492,49.221041992562874,1,1,0.5737377340931502,0.6946904294308192,76.34100966354819
493,32.24414463706974,0,0,0.7153661886901447,0.10688728495594046,50.51197390466892
494,35.04148995080408,1,1,0.03248441439775984,0.452064951664149,39.80374414282985
495,50.60425179703077,1,1,-0.3036851352398887,-0.2063340822293734,71.58383824016558
496,51.93007100807869,0,1,1.0028868615232112,0.27713462810549555,63.01735102660762
497,46.03788201350757,0,0,-0.002164738206808128,-0.35409546276138676,58.40206107105792
498,65.93612137068281,0,1,-0.755757872897576,1.2834690246418854,67.6022214094928
499,44.61819802794527,0,0,0.8292976886346137,-0.1508815659185401,59.81724789458802
500,31.737445609275152,0,0,-1.2749088550074685,-0.476977238889772,48.76260140597734
501,44.81457032402783,0,1,-0.24919441233189182,-1.3242958595413754,69.3600015226287
502,47.369830101914,1,1,0.6398245762527561,-0.5087387014024322,66.78761365079471
503,48.032882964930934,1,1,-1.1951449476290505,0.34784140329850943,67.30069392090174
504,67.45297843453675,0,0,1.6518979477926061,-0.2403727605937992,72.28456623486339
505,57.66204677354364,1,1,0.5428805392606367,-0.31169157739570846,82.32657516418877
506,65.82171190954857,0,1,0.13557766193603288,-0.8957417923191858,86.12656994787197
507,59.36663795203463,1,1,-0.8282708628170663,0.5973321963461222,63.85083048304826
508,47.54161591829096,1,1,0.3824172196056004,0.48433235542071157,60.42983414724132
509,65.58514139957933,1,1,-0.14386108145074986,-0.18806958639696944,91.90950916044619
510,46.119668962405036,1,1,0.5578872878522629,1.886852613248142,64.65946238847766
511,53.76351667265901,1,1,-0.37235154537985066,-0.274971557707482,69.94398463281864
512,35.02249364439906,0,0,0.45622569025267423,2.000925252485112,48.9515551966366
513,51.57100729190132,1,1,-1.3024137180725297,-0.9551772319630446,70.7811783518063
514,45.192659568677435,1,1,-1.3581794255988129,-2.839553553209685,56.51241271071067
515,55.649628454551866,1,1,-0.6239506007247275,-2.2973542368904596,77.34168773415988
516,77.32910511272519,0,0,-1.860887501589421,2.1889854264191375,76.70725791225166
517,85.66170796173229,1,1,-0.156983337841518,0.2606988866634216,92.6742672948129
518,65.38482312246967,0,1,0.1420333179231407,-0.5047484504912554,75.47695410081025
519,49.669966206662785,1,1,-1.6017571162889868,-1.3369407815671621,50.87043014893415
520,62.499362739654714,1,1,-0.13977068053003724,-0.6377161900233975,69.75992747172349
521,53.563700507783395,1,1,-0.6085445123557098,-0.013673546045472402,73.85203797126123
522,41.00898251094343,0,1,-0.6569364907425272,1.8580092085217803,39.64887903903145
523,49.18376094375792,1,1,1.2739539898708998,1.3118202312171097,71.94798286872646
524,46.377934521611756,0,1,-0.3546694881591859,-1.021126822690139,60.60000506441192
525,41.06809632447837,0,1,-0.022908399307797537,-0.5650490865123964,45.02394722332585
526,70.84322639081422,1,1,-0.5908593447977993,1.7513989413200812,74.5494831245149
527,42.030919718633335,0,0,-0.4990502208520701,-0.588507504448829,57.4853044199178
528,42.681823577395136,1,1,-0.11558322483131205,-1.0708189111445814,59.94833138569448
529,60.6927381348393,1,1,0.03231003269526519,0.5841632451248846,76.79852917001936
530,39.724234868299675,1,1,-0.22798953889190182,-0.1564407209222762,58.52700956268984
531,32.895071282504574,1,1,1.0416984654622734,0.041070525574789046,41.0897733749482
532,37.377799536849466,0,0,-0.2289699280202805,-1.1590822573725394,45.12500378175682
533,57.3793611187799,1,1,-0.06950286311139921,-0.9809304196963827,62.94175148283789
534,55.799684977479515,1,1,1.7283881691217116,0.6127468673681825,79.47750253537247
535,54.643908692714014,0,0,0.25467595516616,-0.5020880303907743,78.05814409202804
536,43.19694933906114,0,0,0.8652472016489751,-0.6234365728051839,62.545550683594364
537,36.46755846960893,1,1,0.7275245581421595,-0.9813068522877374,47.671812863052054
538,63.77734335620137,1,1,-0.33645465077471187,1.148405254334199,62.70803255520284
539,28.48753256141894,0,0,1.3389076772465889,-0.6101510456799489,53.77457268225871
540,46.99811207659134,1,1,0.31386265471308766,1.0002141323919294,60.859225728565214
541,30.307903712503336,1,0,0.21540650619880813,-0.7813179416510118,43.02526972704457
542,44.105703951701436,0,0,0.1604911901618704,-0.12057775024819024,54.45421802613011
543,47.91455059696811,0,0,0.4513420474858732,0.7588281031595067,45.99587048972902
544,68.63245329005787,1,1,0.8877471611455381,0.24416242467215113,92.26101675734522
545,7.2062416144386106,1,1,-2.024045979324129,-1.0360286241533248,19.811319955153238
546,70.73228853407461,1,1,1.4116074668735508,0.4943463964029178,94.59051555357499
547,36.97849153634321,1,1,-1.9540278144601544,-0.7145391171569467,48.17820403242664
548,54.69185422794063,1,1,-1.1575956903515365,1.0080036800871692,58.892532943350176
549,62.36588353508815,1,1,0.6769077632302031,1.5019899571974389,75.97265660158537
550,38.82503718898115,0,1,-0.12428438849916623,1.2440401018122453,58.57489082531689
551,48.98930593771412,0,1,0.723387992187515,-0.26679181206174335,54.179044348202375
552,57.71699893684659,0,1,-1.1305984224842711,-0.8125927544760183,61.1141482364463
553,,0,1,0.08791819744815157,0.8139907090927305,59.77847275974918
554,39.300402103641254,1,1,0.6127446647283475,-0.4199653293127965,53.70697493480035
555,53.19164575293945,1,1,-0.7783092016359103,-0.9316489301017427,64.35142417045931
556,52.02112096568391,1,1,-0.6749391429884544,-0.30769416868858473,66.03749261280045
557,27.906619062958214,1,1,0.18294301785437123,-0.2718596749060166,45.93644274054552
558,70.78723389144135,1,1,0.5355671373778252,-0.1432885400149802,79.70189958577757
559,53.81204975118406,0,1,-2.4181564600526757,0.8865298472976104,71.11575464842377
560,14.103198195280804,1,1,-0.3069521911952882,-0.5428823766120666,27.301578860811098
561,37.993204259104964,0,0,0.3286222003422316,0.25590364530814247,45.553341829798626
562,76.26438308334836,1,1,1.4778212221262577,0.6993889574064306,96.93794890741515
563,74.29530081736678,0,0,-1.080745757934643,-0.8593087868041182,75.6070467615774
564,54.5463801134573,0,1,0.14939132431650098,2.0764609996299908,59.276465200639926
565,25.226589384385004,0,0,-1.0401153584980847,-0.23902501773453258,50.298956798990424
566,46.94404127110925,1,1,-0.907840236186371,1.6305549155965087,44.70264514402936
567,66.4120281826311,1,1,-0.5859872560691177,-1.0372891310781274,86.88573134273183
568,56.438556299058575,1,1,1.6739073963922093,-1.3632313288841615,68.82090786077663
569,45.5462363914648,1,1,0.5867608492682618,0.39089938132239366,52.78536834261902
570,39.50539061228935,0,1,1.0048821663356056,-1.507952063208432,61.14882462452862
571,62.94745544167115,0,1,-0.05988259347897181,-1.3831520066650322,97.91440806204096
572,47.38937980857778,0,0,1.1401788475059773,0.18862706185173234,63.40789069219327
573,55.439332383480654,0,0,0.09990445311625719,1.2018490252784004,69.01975559707887
574,57.97663887338952,0,0,0.7998098169791811,0.07115955459060047,66.11888672524714
575,75.2027422365298,1,1,-1.3805752477183408,1.5162020596137191,81.92471021610785
576,53.36459479510914,1,1,-0.7882091706956289,-1.0045190496462701,57.57900639839242
577,54.50105995299369,1,1,0.7608423412854871,-0.9791062285192202,56.11502510536981
578,23.802344475867187,1,1,2.239457807973062,-0.05932645598714526,46.91930012087948
579,67.30538293691433,1,1,1.989878593836119,-0.5833611414343736,72.34115148866836
580,,0,0,-0.9169887096802054,-0.8108489918780638,66.70823409254092
581,50.410141101536595,0,1,-0.0983265402643925,0.8097708179438997,55.81143718121008
582,16.530913384149038,1,1,-0.16767586959114045,1.1629380528372886,19.906868827283425
583,42.16624365265012,0,1,2.643119407312963,-1.0346884426473173,74.15311254552205
584,51.75593498056812,1,1,-0.6428559612504615,0.519860078511293,74.89015142787791
585,82.09934557022477,1,1,0.30832187162718994,-0.5130004140223671,85.72313036788353
586,59.48025524030073,1,1,1.2835578990469503,-1.3111675204780082,100.55040859550033
587,62.5284636279696,1,1,0.7765576653443967,1.1888908132196132,79.27294414953758
588,62.92611906442834,1,1,-1.1730108877793808,-0.9534302462122635,81.25095110060393
589,70.65262067342763,1,1,2.083725052955885,-0.4882912801909507,88.61492668033853
590,33.56506721988099,1,1,-2.0256199534299513,-0.0988240826469448,44.12353405377025
591,37.808660895821305,0,1,0.325416185733859,1.221658625646788,48.01500437876332
592,32.84832597830017,1,1,-0.3498244611389807,-0.31194636464124265,43.9202105371186
593,46.2924975667154,0,1,-1.3647308205759185,-0.9672948514116707,70.11496653535369
594,45.236276268887096,0,0,-0.3243273590901714,0.0017842971410729541,38.81911511297847
595,52.079194856426284,1,1,-0.3517628354695036,0.8144246408151689,53.88551764439456
596,35.13136817557317,0,1,-1.1232656985357754,0.20135405086666383,48.729223132305535
597,51.90982184332401,1,1,-0.5051066478797959,-0.41400574491831227,56.712996300919016
598,37.68470405345706,0,0,-0.18559598579040287,-0.9955051359810189,48.224494174851046
599,82.26352823717943,1,1,0.1962611700454413,-0.9230552617272013,96.73196872166316
600,42.54253904024578,0,0,-2.161363341854401,0.42158218754493115,40.41192570109958
601,88.77395791298818,0,1,-0.5259295422127966,-1.0136676492893015,101.43077395804858
602,75.03033786977986,1,1,0.07707561161389613,0.5998817517871861,78.40797072465705
603,32.49034053862115,0,1,1.0374900590867113,-0.26707683977209035,51.12326495582977
604,64.85532188407043,0,1,1.1502444359726611,0.47147497749820894,82.63023457461883
605,59.59190162749417,0,0,-1.7529748996616397,-0.8799521439634854,58.82344452610843
606,27.4058426176667,1,1,-0.5862610625401039,-0.5178195948671047,48.18823335309757
607,59.60000905764004,0,1,0.2711590532304032,0.29721278204773965,71.90342151404892
608,49.09348069018933,0,0,0.777811205807119,0.6539813423974331,67.54047099900986
609,55.68430060492426,0,0,1.7609871455685553,-2.041633455110101,68.88572013648938
610,37.63182044070253,0,1,-0.28433909201661844,0.5827357447737169,61.87085035399213
611,49.513210945527284,0,1,-1.2280809939718713,-0.7140840419315658,58.07175623396885
612,56.63728264707895,0,0,0.08182080957123805,1.1685079744289923,66.11636385975828
613,47.70387763385564,1,1,0.28834973512757717,0.9942122602244589,68.79996644187763
614,41.29465773822031,0,0,-0.6163006317404376,0.1918987712177719,45.154967512395494
615,48.047507362546945,1,1,-0.8904899838911938,1.1757485160662793,59.24233745429812
616,35.699202716603104,0,0,0.6532744336623013,-1.1744391027176357,58.19384450556692
617,55.55645564554987,1,1,-1.2717701154922576,-0.8178649873028639,66.59607536913418
618,11.954659222683908,0,0,-0.5363722154674149,0.49842464052961477,35.14838234911933
619,73.05154762694099,0,1,0.3321818286541989,0.6590138763812178,86.69958491688679
620,51.36099785607142,1,1,0.19294606035381484,0.13890211433515215,67.25103129274954
621,57.52348849654049,1,1,0.09717335365533883,0.06091063495500316,66.05713658471113
622,63.238388741686734,1,1,-0.9167097944843526,0.07509769018814148,69.63899844344445
623,31.734207122111272,0,0,-3.544102350385736,1.3789199841227877,32.374854153311524
624,84.61413446517757,1,1,-0.8663249379217696,-1.117756970552335,96.64314671883155
625,33.571308083732234,1,1,0.662666157465,-1.0889288199148106,56.97642990019357
626,57.41129938076406,1,1,0.9075348003553536,-0.2458198615684517,84.76562346518566
627,55.277778048092756,1,1,1.5713833509763777,-0.6046795495607945,81.18651954067381
628,,0,1,0.5520488785612231,0.2048321868944968,88.06763821180705
629,50.23519549858345,1,1,1.4412252752600123,0.13446848933382294,87.03607845527924
630,29.175049116431307,0,0,-0.02444657304389638,-0.712558157186458,41.1307620085265
631,55.23249144404923,1,1,0.4669099367746973,-1.9421504177400835,74.20156083650913
632,13.285891578774915,1,1,2.1558504665121094,-1.4226447170965226,28.995168052287468
633,47.31503071988561,0,0,-0.665364333957788,0.38086629114353976,50.134187383112085
634,43.40788342539912,0,0,-0.5135539585950931,0.39658958941476086,44.81430304772878
635,73.75473051696247,1,1,1.2384993940502227,-0.4102081897712787,96.22277421870119
636,46.08727151791226,1,1,0.9184213963580699,0.1579474777463838,66.80696463347248
637,43.51632458868209,1,0,-1.6300704236496137,1.034489229498133,33.02080020740495
638,38.89292923454785,1,1,1.36943702799149,0.34168992018837124,58.19766495177496
639,37.39758024012039,0,0,-0.7202033854399876,-1.1865189697840708,49.28367139539655
640,41.92573892737205,0,0,-0.6579744311878845,-0.41241291456385337,64.43405869485872
641,59.23201517726591,1,1,1.0808689729031564,-0.7428100692877302,80.6503129334568
642,30.401418991098996,1,0,0.5418057801347396,-0.5743092557644501,35.60782988417041
643,47.05826415180877,1,1,0.5956353452605031,0.046987813674570195,69.18003204272475
644,28.194875939303927,1,1,1.496489142774287,-0.36336181324251016,35.593944714800166
645,47.664685916761954,0,0,1.0460053898972728,-0.1669977535327059,48.83697447158503
646,52.61216970201312,1,1,-2.5233179372466896,0.6821762576445944,64.99940964222004
647,31.602032081658745,1,1,0.34406074729877323,0.8943319683608429,31.97714487051985
648,41.51566084307424,1,1,0.7718599827434574,2.0660274578969524,55.50125169134673
649,51.67518600349114,1,1,0.05550219198187786,-0.3740576475834123,59.55920969298406
650,61.67329752386256,1,1,-0.21078513197778193,0.24321327756630345,61.88641716695593
651,64.37164171228302,1,1,0.3027380413789965,-1.0661781573381601,74.37844523208396
652,48.376458827702386,1,1,0.2874305022869801,-0.6377027012030659,73.2448406330743
653,35.01280442999305,0,0,-0.0048210165993256855,-1.4961531378881845,46.34142195063715
654,25.59435740939349,1,1,-0.07881060827597441,2.832544482641575,27.68101097199174
655,61.73543440924385,0,1,-1.0429941923907067,-0.8150985311823041,87.96762383081457
656,70.98440246323858,0,1,0.14852435022772745,0.6778287775557195,78.7139375234991
657,55.504399698653565,1,1,-0.6743006004604913,0.8656532815584848,48.56408915567043
658,73.53505495300152,0,1,0.8579676690379702,2.672086851326626,90.88818811181247
659,43.17275386481062,0,0,-0.4972363916632462,0.969473385539837,57.33513318907208
660,44.09808110698191,1,1,-0.3729530210791606,-0.5555788554128669,53.51889650403748
661,73.60572488280508,1,1,-1.2877676127634938,0.25926028319161293,87.01367719922355
662,34.80818643034131,0,1,-0.2518218851168014,-0.5834571595979026,47.044175294202226
663,59.08434989268242,1,1,0.5660709523181856,-0.6411130226635858,74.93658717374329
664,55.795065899340905,0,0,-1.1665472935728476,-0.9612820736768366,74.34263274752941
665,52.29357486884364,0,0,1.153185783782355,0.42001364330125246,67.90681851480497
666,76.04592153895597,0,0,0.07544353309645876,-0.6804896776602881,87.02697764246501
667,36.75568863347615,0,0,-0.2353571729974503,0.40941072353187197,49.41760821393758
668,43.5379163262492,0,0,0.7229679784238462,0.5408871532035132,62.79001718661097
669,18.516387523803044,0,0,0.3149376212889087,-1.089110571288853,48.68056744047386
670,34.201663522178634,1,1,-1.9708134315619417,-0.7442000889947097,38.2330925485304
671,42.25332047156718,1,1,0.9746288772672466,-0.1098119494493295,61.690691528906356
672,44.14022892509264,1,1,0.5896518515057881,-0.6199176527851806,51.06297510181315
673,46.91995268988153,1,1,-0.07532912779111013,0.5407082555164641,70.232160933382
674,54.48544148867596,1,1,-3.1901845252712167,-1.7599710011365712,61.73472768477534
675,39.92295387502973,0,0,-3.910443784727452,0.6049638129340577,46.179371910261956
676,20.153918598124942,0,0,-1.877044093476574,1.0822121752166922,31.62409980194213
677,52.27733939561795,0,0,0.7669803030876428,-0.5344545906020217,53.53346521411807
678,56.32838350508884,0,0,0.9116788445486786,-2.461717277436056,71.459199681633
679,32.481893165139596,1,0,0.056902575229335284,0.414678246522184,50.84985657076423
680,38.12301031878206,0,0,-0.0987935896194987,1.1679540929638492,38.72518343511286
681,76.52004699169916,1,1,-2.332551706656705,1.4072469345419056,68.89644318806761
682,65.4615374227024,0,0,-0.10993450664153319,2.9875369264800127,67.2000015268348
683,66.38843923873819,1,1,-1.020541749195209,1.480688158069647,67.05583039241296
684,60.07829896661555,0,1,-0.24690680297137846,-0.578654016375913,87.41933456245972
685,52.19225770618367,1,1,-1.1096754714747257,-1.7642219223518862,74.97307780329214
686,42.29021008942179,0,0,0.719246598787869,-0.4639089250579719,65.38546976051674
687,58.608946758959036,1,1,-0.37961860810971826,-0.7986058568574375,59.72350832440513
688,46.98904845156083,1,1,0.2953891210048218,-1.331554213184184,51.770496031866784
689,43.341436981900486,0,0,-0.10891879166026996,-0.2759804516525914,45.625529590164966
690,49.81214897970027,0,1,-0.785884653216397,-0.5104199099118761,74.18040996839596
691,48.766679388614804,0,1,-1.583203716996999,1.6431116098991523,57.25714141416946
692,63.390951933056634,0,1,-1.3438015360305748,-1.1849800806663786,81.96157471770842
693,35.51048913842847,0,0,-0.977267570067735,-2.3699223154593576,49.17782009276348
694,87.57208765083976,1,1,0.025294238688372602,-1.5289163583010315,103.299333821777
695,34.78186038146255,1,1,1.9602819375170248,-0.5967735101784774,53.47901818410105
696,43.537140675453585,0,0,0.3467242762933961,-1.5573116566202578,48.36299626402016
697,64.21366392713522,0,1,-0.1527586322059416,1.040476572749404,74.74905024038145
698,37.35557823022377,0,0,0.8582541116255733,0.7558208756152082,63.73766977945132
699,42.712889347386664,1,1,-1.1749377500195994,0.3343601803253266,51.04458644462541
700,50.405725780215164,1,1,0.24845550807443337,-1.6057928140345847,78.43732054992418
701,5.21949289389886,0,1,0.26324866483907555,-1.0072417131385991,34.5562852574384
702,42.32947976967803,1,0,-2.27084632366075,0.5460047640805759,41.09166038566627
703,35.42543727846967,0,0,0.2539957769276979,1.8331149812813274,36.334236917316986
704,46.25927844035469,0,1,-0.6347495444415643,0.11316684085296586,62.10307547457781
705,57.52133103757198,0,1,-0.14657785984609034,1.1530652536038117,73.0905431560227
706,59.646121956441704,1,1,-0.3152943537753293,0.5049335478073701,74.87727906351148
707,72.67255224807226,1,1,0.09130060320412654,-0.3386399281549047,90.05080915040611
708,71.78151035490116,0,0,-0.8277367329652134,0.9796260828675184,73.8651500665505
709,65.61060656191412,1,1,0.8276783451491452,1.1041161440109792,83.74426667018713
710,49.41460705883427,0,0,0.9478552955253177,-0.7353397522131521,61.18172468821203
711,65.76772260602118,0,0,-1.0359709614653305,-1.6230126209201563,71.38526015356166
712,34.98736961753753,0,0,0.19704028907313767,-0.7053000427276414,60.145946735307604
713,48.56372461131922,1,1,-0.27159039911721283,1.599762699117531,67.34751340427174
714,71.7682691354662,1,1,1.2603561204332165,0.4711213978033409,102.98034438919778
715,61.978545827369956,0,1,-0.8227164325554097,0.3755879924418437,70.41047377878182
716,28.918976827461197,0,0,0.1047645431673126,0.40247818171664007,40.46660155743777
717,41.09030164619781,1,1,-0.22223017937533512,0.5166311614347376,60.19923007450615
718,63.72606574187867,0,1,-1.4742802272129112,-0.10964139615099165,63.40548894575281
719,59.3777477534133,1,1,1.0484403206515565,-1.147903620479854,75.3179837334218
720,66.36131385475443,1,1,0.24384230750220182,-1.5267315175403853,81.29728191796139
721,23.368146621352526,0,0,-1.2729984244229895,-0.6587466537062838,32.10492958743082
722,30.94913118208261,1,1,0.8040962789016344,-0.0651832970816824,54.76617410629263
723,46.32195295975687,1,1,0.9490574821972076,0.8636943366163462,74.63012123587897
724,35.38341381287431,1,1,-1.5990082661308498,-1.4625437227639702,51.042185501140594
725,49.6711383683171,0,0,-0.2832782340702548,1.9399184346754759,64.17236774476301
726,50.3507662220507,1,0,-0.3294913584641073,-0.3141854512309934,49.354332753332585
727,55.420537492791645,0,0,-0.2540821919320515,-0.4421583241271985,71.76459837458779
728,48.22520072006634,1,0,-0.14357365138761974,0.8350759166580097,51.679051542198785
729,58.717814793826456,0,0,-0.4776330285614603,-0.2502939957057863,76.1230761155
730,62.01807133047855,0,0,-1.825017680787874,-0.047893722547152656,63.8812133007372
731,52.57744762562145,1,1,-0.019625188584627203,0.6554197264470244,59.336070884240186
732,31.79779012215871,0,0,-1.3853064490373366,-1.065766462794383,56.60218265181291
733,69.79083129841142,1,1,-0.6549652564030579,-1.946180697349191,87.54334514171532
734,53.57468264929437,0,1,0.46138565169125134,0.8060727481895138,58.455063281031094
735,56.698717456280946,1,1,1.8423640094413833,-0.7639166645754919,78.50075892525581
736,52.89539984443993,0,0,1.367257431958156,0.20741806952379513,75.51309147134685
737,25.96311817507341,0,1,-0.7221747653993857,1.1817525385135559,31.74514707683117
738,59.0495517568232,1,1,-0.215087650867955,-1.7424080509599502,84.37743024494654
739,40.396262504826666,0,1,1.3815687200377957,-0.28031349905973796,66.08636523566472
740,31.86316483320381,0,0,0.5711366778132735,0.8256689898948877,47.28165542955717
741,69.72162902003238,0,1,0.9123778065377547,-0.4562968616892337,83.4210066025164
742,45.676565040568406,0,0,-0.7892320853214363,-0.11965759612541793,49.757995493476834
743,54.651396764907176,0,1,0.6136534082615371,-0.5304466817006284,70.38784688979969
744,63.75765273656315,1,1,0.7191489682195463,-0.8275839848866521,74.34209091163743
745,74.73579289525422,1,1,1.458074319006707,1.461957563999643,96.87772342733201
746,22.89757461776785,1,0,1.8666582095051751,1.3319010113906253,52.22729042063558
747,39.04667758819889,1,1,-0.5760060478884833,-0.0026566858312906043,59.44207557681122
748,60.48856657926264,0,1,1.52002124671649,-0.07083894498909418,76.39064439427152
749,40.173680485735375,0,0,-0.17211726016503637,0.5683669597317386,51.715160433844126
750,0.9952685812765765,1,1,0.19146352068985414,-0.12891252073645418,34.4396614649653
751,52.43912540029643,0,0,1.563118718894232,0.6234299251125608,53.42704227434544
752,53.665413697365736,1,1,0.3296182027329864,-1.004764856422427,67.98184575129197
753,62.25803861607655,1,1,0.6728848554002543,0.11549306136201903,79.61042185772168
754,53.73382533983711,1,1,1.8071663542727379,0.5330614312879554,87.54441552343785
755,43.60097892372142,0,0,2.4169279257844454,-0.6224893328081692,58.20424973003726
756,53.49493357204704,1,1,0.8457609092444535,-0.37833771488870455,47.17392323055813
757,49.73969350497244,1,1,-0.8771536893131973,-0.43306072018338265,67.67477864551316
758,42.630724567932575,0,0,0.31980632978608786,-0.9347638641485162,43.69317417721188
759,54.13416631687783,1,1,-0.4636071359371334,-0.8686067824724285,54.33327482552771
760,55.63726514443409,0,1,-0.2837067838325425,-0.5821312313355254,71.38017401989775
761,34.955588098425935,0,0,0.4388976824830187,0.6468599727626703,34.25542548458514
762,65.77327917039072,0,1,-0.21117860662221014,-0.97553196498082,55.324320809972455
763,62.7746407368886,0,1,0.041930719143491835,0.3812335662005008,83.64637931468383
764,62.1535343490182,0,0,-0.08277789027235886,-0.26302552969583104,76.62726489304757
765,8.787396916616267,0,1,-0.147539157563944,0.5580178388011984,28.775733513203434
766,52.033528248950205,1,0,-1.9115309827865012,1.4298418130429174,40.368024405905516
767,48.384957398395365,0,1,-0.28530418122591217,1.1459333189337246,76.22866785838082
768,35.13027951452026,1,1,-0.2092078874554128,0.6310956406937379,39.42154230578923
769,59.02057356688162,1,1,1.5110222653940546,1.1481091056894634,80.6505883804546
770,27.521914736575656,0,0,0.7743525708225141,-0.5515757558395451,48.15869675643343
771,68.83731934517384,1,1,0.22493531223567484,0.16189532966128742,86.6640409832839
772,56.06541884888194,0,1,-0.638665974279467,0.7280798836431999,64.8979548066494
773,42.59631136378902,0,0,0.4413376655009199,-0.007528582580546806,54.01716868906317
774,71.73490457677073,1,1,-1.5263319128314259,-0.2841432113255049,76.06996860027176
775,57.19286110974277,1,1,0.5985277270682257,1.3388730449731658,78.21178342259968
776,55.270175813917575,1,1,-0.7847092243080243,-0.973542468087107,47.24916970054559
777,30.54613346354227,0,1,-0.7489288699338835,0.2170561010874609,44.60960224702708
778,58.16436180775979,0,0,1.0901453677076385,-1.1090050918132126,85.58784827419008
779,71.47386516058705,1,1,-0.05772959955465701,-1.0358790361299086,87.98405580023407
780,66.84420272998582,0,0,-0.22170733608528345,-0.5991775290775417,75.87187462908265
781,30.69381829740458,0,0,-1.2642363079011285,0.9007610399777306,40.209236426310724
782,71.16874586902989,0,0,1.262818519918932,-0.5540767366793864,88.71964078711399
783,74.37290665956353,0,1,-2.645334583081175,-0.5326713426945383,59.65665898209065
784,62.920978486131084,0,0,0.4227188262366793,0.9028558266024675,79.22677792918205
785,44.31236111814579,0,0,0.22882711837591932,-1.6112919104351058,58.96383567707131
786,27.397340848392286,1,1,0.4010161302232661,1.8674835729343924,58.40838995255319
787,36.325861581644425,1,1,-0.6739775731669904,0.23196060984593814,47.01704745786096
788,41.28154419559028,0,0,-1.096733457013891,-0.98538040090926,54.3665773136915
789,54.12735610176807,1,1,1.7394965644445874,0.5452989921996061,72.011962789648
790,58.305647459986275,1,1,0.4323604677964484,-0.28978134099920316,78.06428187803925
791,38.72055372051629,1,0,0.9005278129085934,0.6029333971509342,55.88214815844675
792,25.163934954537748,1,1,-1.6902071234053557,0.28387063864511636,31.79014174101168
793,43.61472086232871,0,1,0.97543284962497,-0.8175175880437244,63.76768843711811
794,29.735684140753456,1,1,1.477715323321244,-0.4325616646689646,52.04895803865755
795,69.90149220919807,1,1,0.8177587757842464,-0.03266724864474601,92.27519662388467
796,31.118244369157072,0,0,-1.7329930421958804,-0.2772263717171324,48.27401147499474
797,56.924764172751864,0,1,-1.2086263592152626,-0.09793817683539481,66.18119446056666
798,62.101470307267384,1,1,-2.6809724962494057,0.9048796092955902,60.401229479895505
799,34.762571648418714,1,1,0.2177696592080334,0.5930275819003276,52.76522669234886
800,64.72015889616065,0,0,0.9494053564113066,-0.270358928580725,77.01603573110225
801,47.35656132388016,0,0,0.2359111597750243,-2.112623627596858,71.75255082168529
802,37.478558443460265,0,1,-0.557585777608346,-0.5012880057350794,53.4448299968763
803,35.11322231957857,1,0,-1.026323964305073,-0.5006358553266135,67.9774771815269
804,51.04480494846715,1,1,0.7569328598071806,-1.6585993270317978,70.04404533344098
805,65.58999366349443,1,1,-1.1175520326618138,0.10838170783706441,73.38709176725612
806,20.61869305052136,1,1,1.8475690013287718,0.8861939146643003,42.63008986110906
807,58.59060012219077,1,1,0.482831908056519,0.9132491738681413,69.6532367092188
808,47.00307194087934,0,1,1.3813088860289944,0.8251288866183223,59.99459052237237
809,37.83427807430013,0,1,0.11711851281051573,-1.5430054924472423,72.4563458816285
810,47.674695984784094,1,1,-0.2787321874924084,-0.5872118201114161,61.83565316047311
811,49.09969330767494,0,0,0.4851407166043635,0.5578975477877035,55.29070432608705
812,,0,0,-0.8438606136144448,-0.2117115357582671,56.621285435117905
813,61.53548475865486,0,0,-0.25166999242173393,-1.0525878737366245,63.20089088200143
814,35.62843147571087,1,1,-0.1595851566071076,1.0996349378852674,42.9477049506899
815,79.13152844261849,1,1,-1.0007066365610584,1.511298547616064,91.64302639107416
816,62.8349959534459,1,1,0.4605334390137582,2.61910871655686,75.32329854114938
817,40.31392613389351,1,1,-1.1783049607942568,-0.33009948919734045,50.68027827331267
818,20.18966283349692,1,1,-2.0035825185611342,-1.9317636373554266,50.29061506774916
819,49.051504178447914,1,1,-0.39766526552170833,1.0697094185262919,41.35912821931909
820,43.226847046668716,1,1,-0.22477930646597127,-0.24773473283245195,53.36296833215089
821,60.67359394889726,0,0,-0.42730940055542216,-0.17977885287606588,61.9932430965886
822,60.40537644297501,0,1,-0.14114593013895513,0.22842847400291982,79.43210013703462
823,78.46242677364727,1,1,0.021201738101464068,-0.32382405126490166,83.97147385074177
824,47.583122559642376,1,1,0.16510853169264844,-0.6959913436966645,59.25263468766858
825,61.55095020913052,1,1,-0.08808138731544396,-0.37528951980500147,76.32837460938778
826,43.204114729995275,0,0,-0.1620948802707025,0.48960215437820237,68.68294633638367
827,44.0005203849719,0,1,-1.736591007580991,0.1940508951388881,61.976264050206616
828,72.87677662390107,0,0,0.37026858352932035,1.308808295463088,82.5138239229272
829,47.62602854038182,1,1,0.9226768506622227,-0.7055346956487996,77.7600550401766
830,48.10205203940882,0,1,-0.5080974748940564,-0.19824808422676238,53.695550587077676
831,44.40525606312074,1,1,-0.9173363427282912,0.4105676535049102,53.411878611651474
832,54.72281170902657,1,1,0.8282597719148428,0.3299410694718316,67.69471339545763
833,58.828941773098364,1,1,-0.6939628099503277,1.2054677409577963,70.66753132430935
834,48.03871093634217,0,1,0.14772604327155336,0.14172498395463473,45.19555849035309
835,32.54713606483513,1,1,0.46439890610023676,0.7345599356205106,42.997075112654045
836,55.04631305547535,1,1,1.1086300517453456,-0.4452537716007402,72.80413832701646
837,37.478094500142056,1,1,3.136619253802157,-0.778178232754639,61.87536763442074
838,44.55238589902933,1,1,-0.1923556449699466,0.811880140538867,64.90657147924317
839,53.23505516598163,1,1,-3.307205691723161,0.3105617399843414,63.651029069099806
840,53.76688442467189,0,1,0.15138281102355713,0.1775444850678103,53.09533118176948
841,14.883077543632233,0,0,-0.7559022939293887,0.12658251463897888,28.95088841536757
842,75.77774474112708,0,1,0.6912758994212135,0.6851694325804224,90.3827944263235
843,62.12031186644737,0,1,0.4157430010697858,-0.4074365321905097,74.27593247767268
844,79.3399449010407,0,1,0.9741475895318528,2.201052202678968,91.88341740076584
845,88.16343498609811,0,1,0.014197043391229739,-1.2121820409678006,112.78014445178101
846,35.77340870021108,0,0,0.9632473474140704,-0.6683761449927303,58.96450799470163
847,41.4209999122776,1,1,-0.46646267558992854,-0.42214891807690613,50.71417763512038
848,53.666249535380395,1,1,0.8047041217910028,1.0431098389085525,59.8612771929142
849,64.05981465941453,0,1,-1.089617251511757,-2.0286731525855046,76.0510644675052
850,42.09787400496153,0,0,-0.9067375184037761,0.038512510235736354,60.949103019727154
851,45.02830567269154,1,1,-0.0981059871146865,1.3995805231942848,49.71601409112984
852,66.0258912658139,0,0,0.6645275883704074,1.0324302000409542,79.39035548775936
853,36.314428427557054,0,1,-0.9781653322918235,0.20375312372741666,52.90126393180531
854,52.91609615684452,0,0,0.001766346681362217,0.6476112483202071,64.38203908215557
855,66.07758713824296,1,1,0.64421585770551,0.39785428735156664,78.61714499437466
856,45.65013174482228,0,0,0.7084980342149224,0.21706477851386202,66.23852679724948
857,61.349928897312665,1,1,-1.1691542181273538,-0.4522673354550259,80.52506407140467
858,,1,1,1.8837457278313252,-0.7525295426718219,68.65477000369157
859,25.450364425429488,1,0,-0.38795215999100996,-0.9450430764700358,47.98136821295164
860,41.17201225511371,0,1,0.41229766374940724,0.9701336161296791,55.53926675406651
861,46.26028461228591,1,1,1.5357121069735595,-1.1141827765618388,74.0220077900548
862,44.171358601590406,0,1,-0.7754860463085683,-0.518042166560681,55.55785069761721
863,49.57349585078998,1,1,-1.960928248826104,-1.1815638031393225,62.510850500072095
864,55.11904989189041,1,0,1.2333352836297937,0.9351151537773995,60.706363268343026
865,53.42698168561974,0,0,-1.468839163745285,0.31289777342732933,58.08886861405198
866,51.69004077209152,0,0,0.1486038871546369,-0.3359384893673207,60.474495243637634
867,42.37619597772691,1,1,-0.8926503872981508,-1.0670345158135794,67.0728018073217
868,45.519768492215455,0,0,1.958260465823464,0.4559401687712934,63.51415884218445
869,43.12659947845229,1,1,0.38306383985513826,0.49878276446961645,47.83545991189884
870,39.81814566492888,0,0,1.8024459610786376,0.11296915425690733,56.62796959427161
871,69.41073150248744,0,1,0.5535885740997167,0.4940172881333023,74.83049519571004
872,19.8748731767613,1,0,-0.5403238579725657,0.12880425136663834,37.11292949860633
873,52.0311051806793,0,1,0.9349802372537035,0.29693105987996177,57.84640540061108
874,23.706745071033094,0,0,-1.0333109845467985,-0.7410931514008232,50.487304278700485
875,,0,1,-0.569413242025384,-0.47988608528173865,66.233033453704
876,60.32752171959383,1,1,0.9457348410639685,-0.46749851317038316,79.51384918696934
877,43.87612532017115,1,1,0.7858720023267133,0.23522991747729222,63.137913533815436
878,69.21239636787355,0,1,-0.967639574598238,2.2094304985728335,77.36526981186712
879,33.68858527042974,0,0,-0.1605275687018777,-0.979558956940893,48.41325143313955
880,43.45994099565401,0,0,-0.2071149989489437,0.8998964862071603,73.66693928321678
881,38.284958309489554,0,0,-1.3023492597692172,0.10241891059023087,26.522801095680798
882,47.93275415532139,1,1,1.1727580920503655,0.41106539032095596,67.22384016417028
883,42.92630287127947,0,1,-1.2891220063519317,0.5064638766275249,52.7386803796949
884,41.84929454433352,0,1,-0.1211790951685204,-0.005914297753696698,63.01836604586825
885,48.79662850034011,0,0,-0.036751836582912076,-0.8464260294189887,60.31369905566257
886,64.07323833342352,1,1,0.06828609676549285,0.4722967041351924,71.2545370284703
887,49.58116687860709,1,1,-3.21972191691734,0.1161915095810878,56.84236622741419
888,48.063031255858085,0,0,0.14933582259414468,0.875264277007179,37.10823383969067
889,42.71847591413359,1,1,-0.651282211587045,-1.8630322209097323,69.76423242885204
890,36.33832190098259,0,0,1.3324804665172731,-0.23935903516724397,52.713526960552635
891,25.11103101223877,0,0,-1.5339592302816174,0.33122075675500395,36.154774675989366
892,31.03866850409417,1,1,0.9877653459047587,0.3824084407345095,46.398589290378276
893,47.23941673904289,0,1,0.550843250917546,0.5386377822109485,85.42904114684792
894,17.83073473906724,0,0,-0.8443484718083306,0.38462961290903164,21.051219906236923
895,56.46666423460893,0,0,0.20791226517296912,0.920224575058434,61.0343839229664
896,40.19003388509216,1,1,0.6662673590817788,0.6781899033572865,47.79303421437194
897,32.33386604503448,0,0,-1.3432822017583057,2.182735132223249,41.959481830048915
898,38.206291047000505,0,0,-1.8225929156851248,-1.2427653250544088,51.75480045042384
899,56.313323622603725,1,1,-0.37853518676616077,-0.9400539814691031,75.33877863029227
900,51.946042633049224,0,0,0.6607716844405969,-0.7990818382575825,70.18299323997823
901,50.40778414741273,1,1,0.36299084217513816,-0.38435612048081985,73.81833529036032
902,73.09499791086722,0,1,0.08321041862709809,-0.7082894846912371,68.46636580289332
903,82.00964721331819,0,1,-0.6077447173779014,-0.8854137925878012,86.52960257102812
904,27.62893828792073,1,0,-0.49789400407005324,-0.752391621454068,52.22534219782632
905,60.43701060766203,0,1,0.9045659534754715,0.3959833268817286,78.78902078331505
906,35.81438484830942,1,1,0.5485440885645674,-0.2164697460088142,53.74250982761217
907,26.75380784118819,1,0,1.7307836563433698,-0.6380995594253107,35.43496460185102
908,39.75450836483698,0,0,0.6936165601738702,-1.4830401032247347,64.68423361481364
909,63.2166642297113,0,1,0.19306766303244138,0.08145026208544578,76.33310772563127
910,43.43201218224335,0,1,-0.33985233794779995,-1.5390953754208159,82.97223367311344
911,41.119311687782954,1,1,0.02871208129725518,1.1072870503831014,62.93975087121832
912,69.7284375798219,0,1,1.6053133264642716,0.24759109723128023,85.19911353096705
913,56.41170317063499,1,1,-0.4291478813902044,1.9328189622414251,67.85621916225797
914,47.739416860017116,1,0,-0.25964409925476933,-1.2895960107272066,61.69550355497563
915,76.47069325469427,0,0,0.3381408602945103,1.4729105185841656,83.96057915854499
916,56.66880845669083,1,1,0.5692825869272449,-1.4774483516892174,80.36232939417026
917,38.520209410643396,1,0,1.4477270741715398,2.0314866601637376,44.49572321044826
918,33.21329967831913,0,0,-0.06354679583204106,-0.8448042273612392,46.26429000778456
919,43.382532357449236,1,1,2.304657196214062,-0.1883822657589029,62.509153761259256
920,52.390114569671184,0,1,0.15699679885505113,-0.14103551391777883,72.61311478788392
921,64.12226315671302,1,1,0.3238792776256806,1.7030276157485715,66.44276430729175
922,62.749806685268744,0,1,0.38337956095011383,-1.230999058694964,72.75498362090754
923,51.7964591663492,0,0,1.5111866969526553,1.5533954653140374,64.4648064541703
924,32.42177291338764,0,1,1.0421537530849305,0.8884772688701683,39.35120556887012
925,64.139675900449,0,0,0.3158292619258777,-0.19356614827377186,84.97237800419803
926,51.501356196699604,0,0,-0.9546984692810417,0.9986573737911417,60.86499512477279
927,33.59672950212399,0,0,-1.2469661826580116,0.40533859197301586,45.160022348946576
928,31.393459459702225,0,0,0.38373697939233176,0.7847076109621318,48.132390369298605
929,53.31053730883074,1,1,0.38395837960072354,0.23031970020338607,79.37944086217186
930,55.1450427864443,0,0,-0.06052680447266117,0.3110339852923804,73.54514695135944
931,62.14964491433677,0,0,0.318966631425026,-0.8564901510517114,66.76999001278904
932,31.423557837661306,0,1,-0.631555887914091,-0.8387864069535044,39.06187564086349
933,78.74744402722945,1,1,0.33475455856370134,-0.7864319010405638,92.36876406151141
934,22.316402077618402,0,1,1.4172329178670846,-0.9912790692915304,58.40313971822776
935,49.124155592910284,1,1,0.542096127810393,0.9027934786639263,58.679820754522964
936,69.94376788923357,0,0,0.16908197236679195,1.6621314661566868,67.35561720414243
937,65.40615514740894,0,0,0.26752286645587126,-0.2611893080822875,91.34147373777498
938,35.181496791193666,1,1,1.0742235784214886,1.1851570829411777,41.40570957971857
939,58.82473351427059,0,1,-0.5669962131070612,-1.641722348309053,80.8975185698181
940,68.18102581284089,1,1,-0.3576779204863037,-0.21205522959590783,89.3468515705103
941,60.7042103585847,0,1,-0.7150416481831096,0.19661665302814038,58.46055218677099
942,34.66344423011057,0,0,-1.7192117902445412,-0.12546004262643096,49.44156666177463
943,74.69719665032493,1,1,1.3834719931479078,0.8345594267530714,97.44615349685269
944,24.839210024818467,1,0,0.7806445568947071,0.8357575085340071,36.93786001646882
945,50.03592808107835,1,1,-0.740702487585432,0.9542919797823015,54.43036755806109
946,33.15489979656541,1,1,1.9219916429074517,-0.2716111902744803,61.47862110096143
947,42.803521097830526,0,0,-0.6834026530366389,2.5310638873992897,37.80131894749755
948,44.216872345246244,1,1,0.48833081638013787,0.02349579594437788,68.22033635014589
949,56.70868294559607,0,1,-0.7103870027372636,0.5167411809928241,58.66214207974438
950,30.025258827139368,1,1,1.447162909398109,0.007041377337017833,40.82187137207257
951,52.40564578388822,0,1,0.5725393977183764,0.9389208849322761,54.17943267017684
952,68.69290642388472,0,0,0.767818684979945,0.0674069847544149,76.02938098431582
953,50.26541492481484,0,1,0.724675610347354,-0.6694763529810558,69.71739610916742
954,57.268114936229324,1,1,2.4057277614577264,0.7793492633287796,72.00212918520536
955,55.539893482229125,1,1,-2.2421308214140923,1.0423132095817769,50.78259599660069
956,37.74938530842164,1,0,-0.3362866743103035,0.40756991813043036,46.59824633249636
957,43.40940366992629,1,1,0.2133752810403289,-0.6684811967739089,57.696757708447514
958,49.729614687435586,0,0,0.6726684685334189,0.7732785111198099,70.4334090203753
959,56.21062047486994,0,1,0.0348270066755132,-0.13876835215404204,59.942038153698036
960,79.71230747356921,0,0,0.1207304570073312,-0.4308192394735374,88.22621617420694
961,73.6721305106684,0,0,1.022299147245227,-0.4183992244821578,87.3230982476614
962,41.92702709060573,1,1,1.081774620182683,-0.9611106826866652,54.04852766363
963,42.427515253938274,0,0,-0.401224230029552,-1.9415188130370191,55.259124238818416
964,33.61284463728373,1,1,1.4276185299602902,0.34544243030244776,48.6109980430902
965,13.948420469317448,0,1,0.2282338154015135,-0.013896104018460155,29.512453797500807
966,68.76774676561176,1,1,0.42969359228089504,-1.6315896693859593,80.76719261456128
967,56.97644068953421,0,0,2.3438639225619564,0.8181398456269044,76.20655652912419
968,19.46063255259134,0,0,1.7453048842428112,0.381068192285567,45.531815356875484
969,49.15704086788386,0,0,-1.7532869266770341,-0.15722724657236192,65.3179435683591
970,84.66389972297998,0,1,0.978843671974694,0.6123474219148559,98.0140480839782
971,56.397105264688754,1,1,1.1958049165510574,-0.8123104375365233,67.86239825159129
972,56.686961954747076,0,1,0.5696874238953015,-0.6378552856918496,71.766032904953
973,52.15596579350148,0,1,-0.4272653210330969,-0.7581065233285889,57.90858728911113
974,37.469072945206435,1,1,1.70468155701358,-0.7863688402241851,57.19396595544853
975,31.342219118587362,0,0,-0.3100749036194877,-0.04440390191359838,39.97149339866191
976,36.506283014389844,0,0,0.1691573233729873,-0.7535128591622683,49.68962768122038
977,51.36637508673357,1,1,-0.5904707014023172,0.6917174119241696,57.52914712073653
978,45.505738988056734,1,1,-0.047446930817343046,0.8044829546773711,44.9791356731846
979,59.74795565752743,0,0,-1.3818295663674771,1.041202754554763,54.3011988730734
980,75.89920735855155,1,1,1.3258770402653588,-0.5619716832526473,97.09809637490447
981,58.29419086756746,0,0,-0.5068850835167773,-0.09073865345153856,71.75422427326372
982,62.03744816210421,1,1,0.1683557615921277,0.5714575721041265,79.55706680965099
983,43.99825733460611,0,0,-0.2723569945335849,-0.6912783561860782,50.58034235414774
984,29.714520027805968,1,1,1.673909060443566,0.9369285666294247,39.34116128289314
985,82.26047186535634,1,1,2.2783673972797964,0.6033860957880953,104.03466334953325
986,60.44469955356199,1,1,0.6292116177796784,2.390072680745276,68.10868332956261
987,67.41658692081806,0,0,0.3140445930099876,-0.3680310432732716,75.33938260072753
988,43.75406508818814,0,1,0.37519817272107836,1.1384752863167875,56.8098002051997
989,23.701292116478278,1,1,-0.8553434813536697,0.7929951188298994,29.689249518523166
990,69.53166104611266,0,1,-0.8894170454702376,-0.8182755604155603,79.78485570685027
991,16.759634448460652,0,0,-0.4858321146765872,-1.2712672036128296,45.394932477183424
992,46.95207921708349,0,1,0.18614674461797526,0.281529345015105,67.51208096455325
993,41.35068132166724,0,1,-0.5879044916646375,0.7247967412622476,67.25657423412414
994,52.85375337197972,1,1,-0.19891665221097135,-0.08147848967976441,66.39823051520817
995,61.80576769724837,0,0,0.10991391956266848,-1.4068947048951301,72.84839285758892
996,61.96651876032251,1,1,0.718795801113969,0.9820443382610574,78.98505067930311
997,17.546660799147617,0,0,0.19175658430788792,0.6844727104314594,33.84310470429509
998,64.5273163145231,0,0,-0.5572535085767931,0.621249865281361,58.08886770622233
999,20.510983606988237,0,0,-0.011500621433911678,1.5061949336662548,42.20010501153115
1000,59.71994631890341,0,0,-1.3037292691137203,2.3100508742275148,53.31971136891352
1001,42.77760387977814,0,1,1.2093039927818503,0.5280278458353284,69.666718469423
1002,32.168068614440784,0,0,0.7829534661147362,0.9252556865377307,32.10360881411317
1003,41.386686211057366,0,1,0.5068773140148396,0.6530547062978846,47.10405876595792
1004,29.351988589694884,1,0,-1.7227095337124863,0.34193176667446595,22.905385344648742
1005,49.27313411710682,0,1,-0.3099661872819762,1.1644689755104543,65.27081012820865
1006,63.78638538318861,1,1,0.1579508849010398,0.42078937194417965,83.41937761221716
1007,61.666474669138,1,1,-0.38580697569932537,0.7052872747530222,80.41426569389677
1008,50.14937078781099,0,1,0.7062859583021477,1.9724540291916435,64.32349789754304
1009,66.23587599299296,1,1,-1.5116016330461437,2.0614463156318577,64.56795071185405
1010,57.18051251472151,0,0,0.5707992817531564,-1.909423351288374,77.18022769214137
1011,82.34792257553526,1,1,1.1709992393560609,1.6674133267941562,100.41042494425807
1012,57.40404455823506,0,0,-0.48895375050127715,0.2201102431631407,75.89674942720512
1013,40.451044703182745,0,0,-0.5491855351595893,-0.6791919305909964,59.01878659567516
1014,45.10361724068237,1,1,-1.1615635720940072,-0.05553820278593759,49.16077505942457
1015,37.95321750238335,0,1,0.5442107567358807,-2.4793975141006714,49.405052030864425
1016,45.077477793874856,0,1,-0.19378396366001088,-0.7226277892048704,66.87362990672567
1017,47.315813758865396,0,0,-0.036902342922111586,2.1042108305839493,51.01513741385033
1018,59.967348167367426,0,1,-0.7117732211572665,0.7168921038687482,78.75772855675393
1019,61.41320292796814,1,1,0.49315654909325507,-0.14160247856955333,60.07178747523425
1020,50.323221178067946,0,0,0.018824495073165345,1.6291387118926322,54.04145008662592
1021,55.99000428762656,1,1,-0.1936833612737176,-1.226344003514555,72.44008766052569
1022,38.27562607348937,0,0,-0.4045537673444521,0.4668344562228092,49.85498918030157
1023,41.146324554705,0,0,0.35148671990749486,-1.1588812993602984,54.56358670826101
1024,11.943626851051519,1,0,-0.4387180526815479,0.6859505523888614,23.62129580379646
1025,37.651719415379276,0,0,-0.7028501533147353,0.06361504842488348,42.15862590361758
1026,41.902886661619505,0,1,-0.5377707216303903,1.136745269400943,52.09848864195721
1027,88.67055777460354,0,1,-0.5483747728421647,-0.8433689021622625,97.22419217751762
1028,28.846862380576678,0,0,-1.2045359751726934,0.25119084310688405,49.16557969909012
1029,50.48215685033791,1,1,1.7621180528674982,1.2764685760422148,65.26945424139883
1030,44.41020188657724,1,1,1.5597692753361645,1.0440538244968678,38.0102218091412
1031,25.4040445908445,0,0,-1.68171037480904,-1.1312843425554495,41.92401920682837
1032,53.46136722500622,1,1,-0.7488537728941391,0.2186684709623072,52.88101293858062
1033,49.6640385938783,0,0,-0.9976834697490181,0.10509439726986998,48.087352302730736
1034,27.194236506815198,0,0,1.5524994444916274,-0.56786495529603,36.85328158138418
1035,13.908246506834374,0,0,-0.5235592558852538,0.015659910265375207,22.91399033174357
1036,48.59084384377686,1,1,0.4181459063626093,-0.9141236581170248,74.44950241573997
1037,27.650605496353233,0,0,-0.8707384800863733,-0.7377257590037963,53.91890854402006
1038,59.76634187260083,1,1,-0.2960669905239371,-0.02734431035146662,78.79893550472666
1039,45.295167152070775,0,0,0.8465887207687078,0.18852104850569038,62.424254999649946
1040,57.66345616610171,0,1,2.155883239015603,-0.5049445717729008,79.63198403490628
1041,44.90847461226167,0,0,0.16616121391454625,0.4364780825904497,54.78745904660054
1042,73.12973344114984,1,1,1.4430072961555587,-0.31807155396849107,98.60722710503698
1043,60.17827487364146,0,0,1.6444270076264105,1.6842286056232885,74.26801641748885
1044,72.95851911937649,1,1,1.3654221700284503,-1.349951703214407,89.1662288944311
1045,51.5185135511244,1,1,1.338216838655612,1.219839343811286,61.68811388972554
1046,34.1447906639124,1,1,-0.6832549254659537,0.4737536880568024,45.912679143423816
1047,28.142630067952982,0,0,1.1174696725016426,-1.9464990162243414,33.453900945632014
1048,42.1396722449253,0,0,0.24468695112644823,0.5850788249391953,62.711376946574276
1049,54.27971294167548,1,1,-1.9256614290852996,0.22746572715751825,66.97453314873385
1050,40.256900042887324,1,1,0.6554766231771333,-0.03980339179353372,51.48012546583653
1051,87.38038179034471,1,1,0.12754507012705538,-0.6016440294075263,100.24158075200387
1052,48.95462987177202,1,1,-0.7483671930444248,-0.4907790861229794,67.15186889865865
1053,56.996785277553926,0,0,0.7410661243425174,0.673600249443145,68.50236018095774
1054,51.296911936901296,1,1,-0.7656180117581588,1.2647103671944935,50.21694831187453
1055,30.838037191246645,0,0,-0.3792267465038571,0.5916103504449094,44.282036459429044
1056,,0,0,-0.488909092833601,-1.0650866019755545,66.36606464562196
1057,60.03990536660126,0,0,1.4548524495904778,-0.19212440135365255,88.18086520337027
1058,63.38980350186556,1,1,-0.5657849692995459,-2.155255578461339,92.02729014451606
1059,35.928756299662,0,1,1.8464060696784719,0.03728497788058178,52.863744340324885
1060,50.52618587525656,0,0,0.59557430169827,0.5274841635937574,54.978170941225436
1061,49.66819371112777,1,1,1.4037788449244775,-1.4049789459720645,82.71928036052236
1062,68.20155305752327,0,1,0.24048807875917855,0.3218563382095028,74.49155850190657
1063,29.187926880054746,0,1,0.187274214794045,-0.5868609234932448,41.27888754714106
1064,60.661337259604984,1,1,0.29392360516175864,-0.4528984345339275,80.48447931269553
1065,69.82378585042035,1,1,0.9430297542305431,-0.9334269644801833,95.35609458305983
1066,44.02142823705402,1,1,0.49052655846060095,0.8560352084404057,54.923181772638365
1067,38.01956631676574,1,1,0.9621616572529755,0.7509400392602574,56.2194821586198
1068,70.79628941405073,1,1,-0.961208466538123,0.1473041535906435,79.70162522489262
1069,54.278586036999,0,1,1.2063393120711319,0.9651439156981233,75.84433568326276
1070,67.86632943223418,0,0,1.6253974099395825,-1.267733039496845,74.16056517766985
1071,62.14845733209638,0,0,0.8412357812107352,0.30316367933157495,65.50943612396425
1072,67.02492087676143,0,1,0.7428689363704007,-1.4399180214619058,91.7623146874155
1073,47.879837240998626,1,1,0.582563240926096,0.44805135904805815,66.59367329565453
1074,18.1670258224247,0,0,-0.4288592650584549,2.669070897611803,25.416990477705905
1075,59.83163735634133,1,1,-0.936571144245524,0.0965803710199691,74.137371486887
1076,40.222686767519775,1,1,-0.044880037285719016,-0.2974296099369447,53.765100634206924
1077,60.207427464725924,1,1,0.21192872417246764,0.9105005469027195,76.18306573668096
1078,42.67525855461342,0,1,-0.11418123849011336,-0.5679390283437791,62.038200078108325
1079,75.74845792133871,1,1,0.5393259200455625,-0.2936744484453963,89.66987627885051
1080,47.004525913690244,1,1,-0.5172241125415183,-0.16454249370176857,57.185081393882136
1081,63.523963219973076,0,1,0.0339726329435928,-0.6668858799278072,80.25395952331397
1082,67.84532657911774,0,1,-0.8794730032541541,0.03232367621155025,86.13076801255274
1083,49.60226233974056,0,1,-1.1122521984878273,0.3410558149425682,44.775745236547536
1084,55.83300993393022,1,1,1.5411999692223972,-1.294425857021248,71.27838071800245
1085,50.57347189027827,0,1,0.3618073810358912,0.540192143074163,56.65230744016111
1086,36.60553791589079,1,1,-0.06385266900558868,-1.0629086931583918,43.954046790863075
1087,73.42592071464792,1,1,-0.9069535877749358,2.105906408483008,68.54310338982827
1088,36.740518447621426,1,1,0.5013239549473318,-1.5671122272982017,61.36802224741322
1089,26.728547836967135,0,0,1.9558018924797793,1.418533064824386,31.273780516491804
1090,42.971693753034714,0,0,-0.6564464431423479,-0.3945377320785653,49.09435601182218
1091,52.70713891250689,0,0,-0.29833535303088227,0.9072819136714864,58.72028283412899
1092,51.724424146795656,1,1,0.46727825315878563,-0.7228422643778994,80.0668413049754
1093,45.45395775870663,1,1,-0.9103296090724404,0.8367048375789562,52.811836873115915
1094,43.68627473159298,0,0,-1.9732198949511228,1.3371277425098986,49.32534169820181
1095,17.700323467210595,1,1,0.7317926417352396,-0.4468174558682472,26.05043014275225
1096,60.20883096348912,0,1,-0.16791572395513837,-1.6122142405823547,83.53808183687413
1097,77.25693846518116,0,1,1.0899835786777778,0.604060881215575,87.51675651885311
1098,39.34593848009796,1,1,0.9324187762007147,-1.249082545055643,53.01000126537603
1099,22.840112253615352,0,1,0.1400722359650966,-0.7876575651489592,33.410331081745696
1100,62.01346616355247,0,0,-1.4130728499427583,-0.21214826864255368,57.61366436117191
1101,47.87292943535192,0,1,1.321201746547539,-0.5671723316951166,83.33461835533383
1102,0.0,1,0,0.5542931933762386,-2.0427069160531803,37.66080195332819
1103,38.901107244637295,1,1,0.25003500938740625,-1.1949253942696627,62.63174256655572
1104,28.062032271948194,1,0,0.18485782382779836,-0.37624731798899946,54.234181873064806
1105,32.38684490547175,0,0,0.11213635738157866,0.6825595223957439,47.70782897828628
1106,81.23835470956885,0,1,0.5752287687475681,-0.5830124563781296,95.73266849105441
1107,65.79395713385962,1,1,-1.0867739484040877,-0.35800794664663826,83.14728975848152
1108,48.146244272169724,1,1,0.22601441158826222,1.373177461867336,55.59207521030358
1109,50.87738534699156,0,1,-0.9523346448322862,2.0645574824743194,60.878727415240185
1110,74.98283887780683,0,0,-0.7779097329314767,0.1241174017845715,70.45798426795474
1111,33.74787756040077,0,1,0.01614151647013067,-1.514141563833902,58.77597297526194
1112,62.17559664775719,0,1,-0.43162645840126046,0.7799797790007296,73.83366285768408
1113,40.88634813801703,1,0,0.13449558327160982,0.20221037581324977,50.7610999113766
1114,63.70581423808963,0,0,-0.021271070701923685,0.2889056963677849,73.56458378351735
1115,54.23397115052967,1,1,-0.6041783003337711,0.9462728100372074,64.32034558258309
1116,39.2783001797598,0,0,0.6894945711082073,-0.3431486093361909,52.84746243692397
1117,67.28438216394295,1,1,0.4903202650786919,1.9332830459078256,88.65224342108571
1118,59.2562856241062,0,1,-0.2905610599139746,-0.8874846216683504,78.06789540955515
1119,79.31791196551765,1,1,-0.7405431345379417,-1.3593448096379672,85.23858615300001
1120,44.57748438574304,1,1,1.4696602769852025,0.18342037412410256,59.027328450963246
1121,53.010689697846324,1,1,-1.4094576339069689,-1.2976844691263898,60.93132445028862
1122,40.18270001577731,1,1,0.5726775538069167,-0.7137370312389746,59.001904727168245
1123,69.75313861606914,1,1,-0.7015329163844188,-1.8494380877494336,71.8356249750674
1124,39.122791072046,0,1,0.8047022101693647,1.0222854829291363,51.971052960705244
1125,50.595417762735885,0,1,-0.15970108898228572,0.5413343020399544,74.21681139180714
1126,71.05210712899579,1,1,1.8229714593001498,-0.06575388743181701,100.74203336664478
1127,59.03527753701987,1,1,0.4754154559980211,-0.6097418445765085,81.96777804935033
1128,55.31479154179366,1,1,-0.3024352356681559,-1.736754708320075,65.85200728127613
1129,54.93571370993196,0,0,-0.7013225927785525,-1.6907257244630716,84.54478616056441
1130,56.060828152473455,0,0,0.6418784201533665,0.1824501680673144,73.34330704157468
1131,60.82747655596963,0,1,-0.04330574416996277,1.330827091437548,77.49051676830568
1132,46.061975611268814,0,0,-1.6797976201643776,0.9589008183120324,35.555615230585175
1133,19.93739606733812,0,0,-1.2403479668582755,-2.2043029766304296,43.72080697716036
1134,71.44711765816,0,1,-1.7823385666771923,-1.3388016287123012,80.41785433975595
1135,34.30792062840919,1,0,1.6140258562908343,2.69342335236836,41.99103185915607
1136,79.28397056077367,1,1,1.3968905504070444,0.11277167329174825,101.73151850057177
1137,55.15825315770482,1,1,-0.12712691811914512,0.3797926033735825,67.03590468228855
1138,100.0,0,1,1.1320394058397443,0.1965776648257508,99.48154552275527
1139,69.00282275046119,1,1,-0.2014319701847443,1.4990935737731337,82.82030484135555
1140,57.278546935445036,1,1,-0.20932941467392277,-0.26972527560919457,68.22845417899632
1141,64.99244669878671,0,0,-0.1475639352012787,0.08150963086082073,82.2828019586515
1142,,1,1,0.6313324623753847,0.5411503953567918,42.531129480269634
1143,53.40240958639137,0,0,-0.5985164552760379,0.41301010142923,71.95291250194369
1144,44.9911029358348,1,1,0.3798770196162962,1.0835236904912509,59.11185421482314
1145,50.88133471745283,0,0,-0.03776432115736049,0.4161032067200206,73.14495196070504
1146,18.745843934914603,0,0,-1.8947921045380591,0.5815453209203982,11.72713989102084
1147,16.38567745967252,1,1,-1.4272451829368198,-0.8859228347308173,37.89691000869568
1148,61.63528190216875,0,1,0.760721564071088,-0.35790620962485686,78.32004380395863
1149,51.1377800490064,0,1,-0.2310125039344295,-0.33139414752616664,84.351130783401
1150,43.456798842834026,0,1,-0.518284463650391,0.5347054977200763,65.41547834486936
1151,48.84970855838925,0,1,-0.12078301816761383,0.5416439156885653,57.61799133612582
1152,40.12720236622313,0,1,-0.36511833863715193,-0.21518004330693183,60.06856078361365
1153,42.7553872988265,0,1,-0.08901048106561825,-0.4902525020805967,58.31725095792922
1154,60.833985053084604,1,1,0.8452476855798889,-1.9550466485223132,77.76531385766269
1155,46.51511660691587,0,0,-0.5284963195308717,-1.597804771202654,59.169884225520256
1156,61.014796360657364,0,0,0.28293340265676403,-0.3782672426785397,65.76383232514846
1157,39.10311579645553,1,1,0.9771829317961216,0.7560204586048832,50.950273325229006
1158,21.908146783116994,1,1,0.1871665689468456,-0.043458257411550814,38.270747927352716
1159,39.800350076629634,0,0,-2.165666616553941,-1.2486770889108332,39.175017023106406
1160,47.792843332707605,0,0,1.2395959182204748,-0.8793207609516672,59.93056380004715
1161,32.55372123205673,1,0,-1.150555757929846,-0.9931828465263026,56.31574278728535
1162,43.90693465277107,1,1,-0.5374793176367972,-0.09312334502184438,61.313850845790284
1163,42.07402570023219,0,0,0.5651557565994145,-0.12308784099132847,64.24914606672444
1164,64.33463602403035,1,1,1.8617243582185237,1.0093893699881902,87.51790019971176
1165,62.984841105862095,1,1,0.6641152363205206,0.7149663640292115,68.10763307019539
1166,66.91912935838977,1,1,0.09685487182970405,-0.027925843472001364,72.78882307728176
1167,37.919720481523434,1,1,-0.38339212517266885,0.5145460496349257,53.2486997695202
1168,55.11789938069164,0,0,-0.5907063014849611,-0.9707809887347417,67.8863419576474
1169,69.88745539661628,1,1,-1.0215050944819302,-1.876703226718872,72.3319432956689
1170,52.59278641293809,1,1,0.8021915847127254,0.5439742532192753,67.75948176576722
1171,48.718709694355404,0,1,-0.12429886251041286,1.072973853222722,66.54324059293465
1172,37.87529048673973,1,1,0.07846216568376932,0.4699187921837453,50.89320227381898
1173,62.806558516615596,1,1,-1.4015092875749562,-0.710400814090578,68.47474757512643
1174,52.5527060073996,0,0,0.15477092132771794,-0.9074998548482852,57.24750282158017
1175,65.38522574775949,0,0,-1.6916089466466544,1.3971902881745755,60.934258498734295
1176,47.45999673591795,1,1,0.45912779260772024,0.07260423815082996,66.21554013107887
1177,81.9183891487603,1,1,1.8033265367898235,1.110885917646637,92.54737058674245
1178,49.40644586341159,1,1,-0.9854551946203662,-1.6821362361240364,59.37810977606644
1179,30.689489115824447,0,0,-1.2347236874842649,-0.3058725281356289,35.87583027463
1180,52.98920234916909,1,1,1.2443934766739206,-0.6297770867917686,79.96458444110478
1181,57.32504730556454,0,1,-0.5951296604767342,-0.28101698377507633,73.65646888414255
1182,69.79732044102767,1,1,1.177524476343583,0.6753760703268233,87.72623045796968
1183,42.39703153893985,1,1,-1.357238194784445,2.619209186382878,37.80546013465275
1184,41.36208346058799,1,1,0.29649905363813644,-1.097569605983478,59.43854991421718
1185,45.609451733435534,1,1,0.9284809511763912,0.07982317259522326,78.4540161
1186,43.68234318499767,0,1,0.34032604241680164,0.6585550549960184,72.65437539748226
1187,16.83140848970737,1,1,-0.9714869870312332,-0.1676025431146687,44.097654450393726
1188,60.96343192308353,1,1,-2.7127228535868206,-0.04629325687642804,71.17013204743036
1189,69.26229359707524,1,1,-0.1290259855104459,-1.383263011882546,79.84132751311655
1190,37.947355668429196,0,0,-0.7928311015629844,-0.36868242365681525,42.074818323983315
1191,34.461618998746445,0,1,0.06406371263173129,2.2967972040779765,40.73155207494479
1192,47.59307456524294,0,1,1.6447000036169206,-1.0171327162991675,67.69847769722627
1193,37.12814151535143,0,0,-1.5799241596033176,-0.3821408477374461,45.17975009781503
1194,62.12576565985671,1,1,-0.37025203868645956,0.47450508457131074,72.02679348314413
1195,40.18270976779325,0,1,0.6573033710898938,0.22485288179847826,53.83696587247982
1196,59.39231456523138,0,1,1.9695990704562731,0.8190909671977739,70.06451355980914
1197,30.590488617393365,1,1,0.07004540200021532,0.2798413717658242,41.965163597169195
1198,27.946364772562653,1,1,1.1432632211470846,0.31364091732623084,42.874991406727254
1199,25.77602143751328,1,1,-0.8937533424490197,-0.638426177568751,48.81405044591599
1200,27.85946183165518,1,1,0.07768679562586484,-1.2475388583686693,41.655934241038736
1201,56.593359282348025,0,1,0.014473698046717954,-0.3701971250012918,62.60549684347272
1202,63.07369497167667,1,1,0.6736139964294587,1.5963605232123477,61.40523671634151
1203,52.207181790722885,0,1,-0.024161047286736126,-0.07565710329308578,65.52479883455287
1204,53.28035343246762,1,1,-0.11630449636483603,-0.7539263172171895,90.59764463279724
1205,15.686335937147987,0,0,1.0591170228311588,0.5068064610770537,36.160621485052175
1206,67.24635534651577,1,1,0.06541347757296824,-1.216105139768612,89.39369569485544
1207,30.78791568049865,1,0,-0.11883347402271816,-0.5496158717360856,52.951381871456434
1208,70.19326092292623,0,0,0.24080898268844292,2.3245724543542345,66.792508363708
1209,87.48096357908537,1,1,-0.12853688097405921,-0.04285052707906618,82.96483952389542
1210,50.94757733414009,1,1,0.9876955535862199,-0.3961479694697737,56.56245459050933
1211,59.64570966141241,1,1,0.6242689320866855,0.3762160522780424,71.23077904780097
1212,59.59835156491669,1,1,-0.8588796816229083,2.1714597262592314,83.14980793051367
1213,29.604393055443175,0,0,0.026076846949232995,0.7189721780259192,50.22546378873614
1214,32.47011120216587,1,1,-1.690375884202021,0.024383059741144547,30.060475133447532
1215,39.29984280326855,1,1,-0.9063062538964664,0.030016610765185282,42.17470133613272
1216,52.35271616756205,0,1,0.0007619870799512938,0.9496726017599804,70.48227578066708
1217,63.023002892455295,0,1,1.309918032994106,1.1325127302609714,96.54475428696489
1218,51.78693156310777,1,1,0.39760523739516646,-0.9076924704137271,72.2193696687849
1219,67.0705388861866,0,0,1.0661547905512967,-0.6095688280021704,75.76020759609868
1220,42.115916902554105,0,0,-0.6549022215661024,0.37998248896051223,51.04058153903184
1221,28.1039700165342,1,1,1.344434228659823,-2.0871922016540267,51.93768094550331
1222,50.459833343113935,1,1,0.6012155025592876,-1.0827243993811841,73.34212329949735
1223,49.14970082655947,0,0,-0.48448612996944423,1.531676651232489,52.65018449317977
1224,28.03412363698844,1,1,-0.4058254420786309,0.6911093755982234,45.15460080726743
1225,65.93370426601162,1,1,-0.1576019432572206,0.7827688691895393,79.89052997529593
1226,35.235157854957606,1,1,-1.3988383186409195,0.9037146665486249,34.80972846326416
1227,38.825257086552924,1,1,-1.4558179733836212,2.8567267935122183,46.16004894952861
1228,53.47223851586881,1,1,-0.716696710420497,1.2018271151963296,73.3233883403831
1229,33.39428217291409,1,1,0.27597405610455483,-0.19980697233172814,52.05166733093784
1230,,0,0,-0.09521413755473274,1.3450001906513998,66.29308967876314
1231,56.059533246438036,0,0,1.6920338095659218,2.1543039754616133,68.44797307968125
1232,57.094776624927235,1,1,1.0378938556913408,-0.310058305998684,77.5527363234525
1233,50.03944464363742,0,0,-0.33791258658405304,2.182053021125307,50.525651511059856
1234,42.73953692347156,1,1,1.1775721635009366,1.6969657000593468,69.41825535045068
1235,38.34995742709372,1,1,-0.36559314342681987,-0.32622824359750535,62.63844283998167
1236,54.872817219176994,1,1,-0.19716489737256446,-0.5211364966004425,70.24422540365747
1237,71.28306235386188,1,1,0.5928215436288218,-0.454716339776648,85.98027159076668
1238,62.33360131106977,1,1,2.5122761060416603,-0.3869089989848144,86.20014106075232
1239,55.94803072597962,1,1,-0.07161750738319363,-0.2873807875229703,80.68644887236051
1240,65.73941498491573,0,1,1.993648870683965,0.4074217634373246,99.97885288202791
1241,70.85217281850832,1,1,-0.11584880573256942,-0.8143347970625697,85.17226314104218
1242,30.954863104993883,0,0,1.2201953201505864,0.534447691424224,56.77334471943231
1243,49.734059337895964,1,1,1.3443415685960445,-0.3177046285843986,64.34943493951965
1244,69.27053372180686,0,0,0.803493406527822,-1.1726477408143796,75.83417307897628
1245,40.40860974736151,1,1,0.8418926423983537,0.7610005282837007,51.87437173094539
1246,43.25767948356676,1,1,-0.10140612269749862,1.0934373534590447,61.59136667266308
1247,60.00118494924459,0,1,-1.4842291870221869,1.3276237385799392,73.8013237016939
1248,47.117601859236956,0,0,0.16893674559045788,-0.45567730170710846,56.09606117829253
1249,69.19420571859366,0,0,0.17496350566671087,0.7776500170009836,77.55918657156613
1250,45.7695430540222,1,1,1.9120043166062546,0.08283627344133423,53.27679146621671
1251,59.82055496689887,1,1,0.23845947092884268,0.35274947738257223,70.64883762085601
1252,89.38514598643656,0,1,0.45311859220704365,1.4461236767006107,92.08905263588491
1253,68.37111129835256,0,1,0.6758703545997093,-0.6349262109142731,80.3472307628223
1254,29.743800431499967,0,0,-0.5482726492037037,0.27635112925151023,33.25849316585849
1255,34.58374550211273,1,1,0.3311893091318093,-0.0005663168783993623,39.04526277342945
1256,35.10469334681462,1,1,1.1772077902685347,1.6259004633615026,53.48537492523623
1257,49.872938908788036,1,1,-0.0146166447118013,0.8372743072317017,64.11597999300528
1258,29.016636332303364,0,1,-1.0075476211344272,0.23827490013875133,46.196923095274514
1259,59.21968421218864,1,1,0.17019719671339298,-0.22989648767659548,73.03094118845883
1260,77.18114499911306,0,0,1.1582669868734916,0.8926765783036583,87.54714325312462
1261,74.70581130948604,1,1,0.009094857510414046,-0.12576431379067232,99.16734016959951
1262,38.85528964817908,0,1,-0.36735936160940197,1.1018430725951336,58.40045399368424
1263,46.2439002648227,0,1,0.9167810912951312,-0.7316418736312641,50.624462398608564
1264,45.89474804350645,1,1,-1.4247133385974946,-0.23425691481816155,42.10405638199927
1265,37.76553198302915,0,0,0.12341636947103576,-0.3554777699375428,60.137054613699576
1266,76.63445691919611,1,1,0.062012129881143956,-0.2884165996792337,97.59067174605009
1267,39.870424950228625,0,1,-0.759869324294115,0.04900788718656193,42.06695106639292
1268,,0,1,-0.0038726316433559216,0.9964386925784735,46.06573294719589
1269,55.96756649710764,0,1,1.0771584885927181,1.7195196481043489,81.64920750954107
1270,55.541235451327914,1,1,0.9908074777894396,-0.3140203829894607,68.46637998417435
1271,73.87229163077609,1,1,0.26803806131580593,-0.19115207655569447,94.13220049700878
1272,74.00269712673307,1,1,1.1842795987063868,-0.16936732242149208,79.1109957256832
1273,47.51196158009195,1,1,0.6827685050293362,-0.3824110029323724,83.79530855145376
1274,18.06231553503003,0,0,-1.1485367030870464,1.3689174955646732,32.624112156353945
1275,60.69071191774714,0,1,1.0309126303933316,0.4091149155539162,86.87731329586856
1276,62.68369877606332,1,1,0.01489365527801165,-1.5247869846298754,88.28007964609802
1277,77.86257381373133,0,1,0.16935666002048141,-0.29087424955882685,89.37965188818248
1278,26.010457056077747,0,0,0.240385853533128,-1.523301735979986,33.83737597239958
1279,32.244768167237496,0,0,1.5073940108109765,1.5859751059504976,30.89218747252895
1280,74.06864084563092,1,1,-0.3833990815917164,-0.4725320713195158,73.46907662035125
1281,75.12177507959254,1,1,0.6597449516378316,-1.3136235043878934,90.62561433315224
1282,70.05801864240773,1,1,0.037515385566910364,-0.3690778798069635,85.3071479205452
1283,49.70764477676398,1,1,-0.43562954627235895,-0.34885155047249106,61.40943002876532
1284,69.85151476376618,0,0,-1.4969143380471714,0.4496142933692306,72.69962303807385
1285,41.465519206717275,1,0,0.7815931376534887,-0.7579322072085342,62.37275026616457
1286,30.809534361280413,0,0,-0.4180912446843228,-1.4171471405623772,53.78431020616225
1287,48.95296723485239,0,0,-0.2948350310964997,1.8527808790388565,59.59135581051386
1288,51.461612099677765,1,1,-0.012720943814771646,-0.5188152736229558,69.71312674395132
1289,62.22667494611704,0,1,-0.511973046507302,-0.52432894753201,85.27382601171163
1290,66.60893001897796,1,1,-1.5403502708650487,-0.9550809581476873,73.82076783132857
1291,22.699199551595438,0,0,1.6431101168091184,0.4287051964235986,49.50339988842206
1292,54.085221402136185,0,0,0.7389661818159761,0.9078624668453419,49.29084503607585
1293,57.19110994677622,1,1,0.8043604187268469,0.8109348519215651,89.41895035235692
1294,30.25483802802121,0,1,0.31384233372043857,-0.22838396344631356,31.46653804729592
1295,45.57724778469663,1,1,0.002794760608336825,1.371127764510625,71.6744147879597
1296,50.480955418346426,0,0,0.2969528948083485,-1.9931628701607176,66.14527932560493
1297,56.44127385692799,1,1,0.45139922889060174,-0.4244719764238582,64.45008796758523
1298,36.37504392211302,1,1,0.5375563993321106,-1.3148044463401587,58.77826495865497
1299,40.326706089689644,0,1,1.7015153002553685,0.38206006966647005,63.25602119414347
1300,32.61059331678569,1,0,-0.930612469891055,-0.23446529011464734,39.26385624916105
1301,54.74174222935029,0,1,-1.2970686675601335,0.4769130894040862,71.11886411649593
1302,44.39346310648202,1,1,-0.3904825914490271,-0.47948457489628,51.618549692399405
1303,40.45881975604095,0,1,0.6731485224372183,-2.218028194493822,52.306206514933066
1304,59.30306652391741,1,1,0.2538089854824999,0.5233218748074425,83.23530219531517
1305,46.85545193433188,1,1,-1.8264473481656198,-1.62038208157903,53.4624362583408
1306,31.057573252947446,1,1,0.63669827647424,1.3982553859957572,51.84087065865191
1307,66.86203151057258,1,1,1.4820691011145486,0.2974619057501353,95.34799821713567
1308,64.37217872517546,1,1,-0.22007313957502914,-1.339633660157708,69.02327385429108
1309,56.47132240172546,0,1,0.7555672348570835,1.461448426486778,82.33693731445106
1310,33.52481844382582,0,0,0.2634014267327509,0.5407962644005746,43.6482123178092
1311,66.41317481913092,1,1,-0.5993993583637327,-0.8516799374812009,77.876806409424
1312,40.404640406005996,1,1,1.2563925238719054,1.1510609117285249,56.66230146729716
1313,20.750353317610568,1,1,0.03795886394174763,-1.5950667007873305,38.67116092379321
1314,47.451845900245786,1,1,-1.3037983273555707,-2.2582558475154024,69.36085303419735
1315,76.99421210293694,1,1,0.9856727408080342,-2.4016066294283553,88.26819641947066
1316,42.52182604794451,0,0,-2.024372042287995,0.4241667200518723,54.42763859796385
1317,58.3701462588134,0,1,1.9824869388424926,0.310587533228513,75.18913630600126
1318,70.33768236656789,1,1,-2.2494348952623793,-0.8209551391630481,89.25198050693487
1319,52.218536296305736,0,1,-0.7581626296742292,0.5387073932227058,57.38719640946659
1320,44.60244540993953,1,1,-1.9407297088524167,-0.7779198288997011,58.034871116479394
1321,49.57888718544854,0,0,0.4762607931005069,-0.9261022845011243,65.41259893652854
1322,58.262175727764976,0,1,1.2489439266794171,0.38969158511595703,43.393115089390314
1323,41.60260975188798,1,1,-1.4130526892033672,-0.2727860119042501,58.79279320113798
1324,54.70105105247697,0,1,0.3393936461856645,-0.33630663944947276,83.69620635670694
1325,57.87417147671532,1,1,-1.3188658593715021,2.0584189514677558,65.01151107775001
1326,43.66069726403078,1,1,-1.8634206323338955,1.3112943692648487,58.31621667413838
1327,60.34821980093609,1,1,0.056465941855236616,0.3795442831329438,75.03984313187038
1328,57.93996385595834,0,0,1.066521656837731,1.533966009582777,72.76604946780051
1329,44.456287260735806,1,1,-0.02780212674471479,1.9384549869023686,62.77859559039137
1330,46.590579710399695,0,1,-0.0042231889331713545,-0.10440356910958067,67.47075476174928
1331,51.108926019899364,1,0,0.8630621363334686,1.0333718861352483,62.20450668800201
1332,47.14303913610107,0,1,0.2925554163124708,-0.14096325764616857,62.98714378948849
1333,46.23377950760804,1,1,0.8515079441376376,-0.06540564162445757,69.9517629353954
1334,33.88276726903226,1,0,0.8904850889979999,0.15520500102351567,47.981503332963534
1335,51.04791626454078,1,1,0.47221142261806903,-0.28350342530869654,66.20169876753185
1336,60.58133188910051,0,0,0.5179676311347442,-1.3143253769547167,77.34476529068942
1337,59.13330339668881,0,0,0.6837491048046856,-0.14007435275445115,66.57106365821885
1338,36.971407640782246,1,1,-0.10169122455323888,-0.3488989494147707,44.18668320760278
1339,57.94622342079253,1,1,-0.25327350792031444,-1.6183574159173695,77.20150335854214
1340,58.68914311490033,1,1,-0.6345058093824174,0.2873313576194532,78.17426730109713
1341,35.498559851837456,1,0,0.8398133170409893,-0.9358722376819317,43.49775509895398
1342,57.36180240705247,1,1,-0.47954427228428714,-0.05324524946624905,67.7204521461094
1343,46.84566810970506,0,1,1.122116101791669,-0.7203091007403479,63.57431316143865
1344,43.85538827772298,0,1,1.3340206855629015,-0.9026763884956674,67.47717204587799
1345,52.99235318888077,1,1,0.06632577383034251,-0.7626275098744293,65.53598666389657
1346,46.31431877640282,0,0,0.06803232449120694,0.7204231495694918,66.67090594808987
1347,15.837624833788475,0,0,1.5645486196921488,0.8793607113136217,36.154244421642886
1348,52.65369456922078,1,1,0.36061673838306096,1.0649340290686162,79.8918775094383
1349,32.59918580460274,0,0,2.057231684339997,0.38155402311882625,64.59670802003922
1350,48.0672653500789,1,0,-1.0213793137710234,-0.5525866661290593,60.120521652148994
1351,59.723564406205305,0,1,-1.341043752285665,-1.1903277396993086,79.06114928733655
1352,45.913976615456164,0,1,0.3346234563936408,0.5746391030479875,52.82821165050637
1353,42.70063360235663,0,0,0.3221227382392936,0.8976516213584704,60.994135148728375
1354,51.46956374184917,0,0,-0.22197848662348332,-0.0030027407771024404,52.646578191927375
1355,56.86355883048806,1,1,-1.370586815703273,0.02846621592706258,65.46345437176299
1356,36.818247075573126,1,1,0.11715292097628396,-0.906114811377862,51.79210025847047
1357,39.89259961819289,1,1,-0.2950149385771446,-1.0728882267232012,43.55831272288744
1358,56.888088206591746,0,1,0.6697841901185334,1.3332620407073006,66.1237913017459
1359,73.41423236062965,0,1,0.36121472337023686,0.006962287690894501,88.61588238880515
1360,49.356465862415305,1,1,-0.6393047997168413,0.27762633598904024,50.794242030266076
1361,62.538476368250834,1,1,-0.2809524834568025,1.7348389167501679,78.11275114639201
1362,38.23784989018709,1,1,0.919998748411874,-1.1310625796779432,57.53665415092338
1363,49.48006587217535,0,1,-0.10500021608924723,-0.000609026401601021,65.53599450935104
1364,50.41396446595572,1,1,-0.674297982230277,1.3740577589330227,66.6933893352985
1365,30.00789462528598,1,1,-0.3190770060326695,0.8640313066451795,40.559824193430295
1366,49.02902273101933,1,1,1.807350757438208,0.589184750215121,74.27593112602713
1367,46.48003458223065,1,1,2.2262340948551738,0.25624015495952485,68.44604497660158
1368,10.990954992339596,1,0,0.5995028167895935,1.0747109467661058,26.156140109048913
1369,47.86372222150508,0,1,0.8228980268526445,0.8642715827419566,61.93744736567014
1370,53.557389873410315,1,1,0.5643972954700386,-0.44105470020356674,54.35741107851213
1371,52.71028771829461,0,0,0.3844892677375266,1.0689644328540016,58.99846213177693
1372,53.83588162185149,1,1,-1.965330671934982,0.34115315821630626,64.32219818025825
1373,32.34410669798693,1,1,2.277534273233525,-0.6051063987152457,51.531425001892096
1374,37.93625386534991,0,0,-0.1616845711998071,-0.08816162861742309,43.04283824761259
1375,46.03710285440807,1,1,0.4623546765144806,-0.4836407130399073,76.34718211819998
1376,35.899255639080245,0,1,0.6374619771188362,-0.707653802876387,55.79148389070914
1377,41.850946566657775,0,1,-0.7887746497706806,0.36812269574354706,53.57130132784026
1378,67.09327944610813,0,1,-1.3813191659386015,-1.525706041009686,85.07203085830949
1379,35.6230865411201,1,1,0.6340887564524531,1.4974831356899891,53.80374351734294
1380,43.70559102978537,1,1,0.3583500834005175,0.2185737068054755,40.433139891660005
1381,76.1956738237388,1,1,0.6820247288299628,-0.0845867701021756,100.81111934765963
1382,46.85947020866201,0,1,1.6575989325672793,1.5538449533970202,81.34163128053113
1383,33.92496207223249,0,0,-0.9965250795692139,-0.583707803695686,41.56546201818477
1384,52.77782271404964,0,0,-0.6666397318915798,-0.5889755978310187,56.179095324040624
1385,51.66952538321598,0,1,0.4008706857905825,1.5253504197913725,67.26265231433099
1386,51.09894202129231,1,1,1.1307269614026338,-0.48992616263656136,69.43880217925555
1387,24.342808709836973,0,0,1.2856624703463733,0.6134951414648255,34.276902613700116
1388,53.37115641890247,1,1,-0.7667145970232532,0.6064773785178821,65.98147658507152
1389,54.86218057592284,0,1,-0.24219689939676903,0.8554895881407165,75.86324561453395
1390,79.97866432293864,1,1,-0.47120998135280817,1.6010402752795132,71.71808527704809
1391,59.541797373465535,0,0,-0.8380370329175645,0.1147103635161799,68.25695634872358
1392,43.043966465366054,0,0,0.43749956735075135,-0.3478203880449356,51.9133617287371
1393,54.290863659254484,0,0,-1.2071048936255455,-1.4971571171204403,59.80842775662966
1394,59.65320020670722,0,0,0.6473500412764774,-0.09618059754953784,71.57241106494442
1395,47.5878181354555,1,1,-0.7789432741414527,-0.7213459274051609,53.63442149683477
1396,49.1994916089593,1,0,1.9181413059653056,0.7767981739484219,73.24877381887076
1397,70.23926482815929,1,1,-0.4850176393305056,0.6413211678723737,93.09356573333514
1398,57.250259886714694,0,1,0.9719905594878275,-0.058619485455232205,84.77632359242543
1399,57.7216965041391,0,0,1.1512406190825197,1.1086533412218085,76.67528177058377
1400,35.80141212856861,0,1,-0.37814345747824174,2.057073036307296,53.47657225123904
1401,56.593818008787345,0,0,0.5607367739493725,-0.5320966777528489,69.28355865385764
1402,22.069304565436592,0,0,0.4467167079156552,0.5523231905293424,27.20519975313717
1403,68.6604159666464,0,1,-0.660898708857961,0.02552704793033549,67.83449599133675
1404,43.58928482689796,0,0,-0.15039784583082663,0.227172216643823,57.015293781505584
1405,59.96171038968402,0,0,2.209218629507777,-0.6603750814344984,73.02504941373039
1406,71.33760409012697,1,1,0.49942889105230387,-1.211441765665255,81.81852420209361
1407,34.553138246423345,1,1,0.6800793234870777,1.3742432974716248,61.214787117121574
1408,67.92141129069496,1,1,-1.6931267698004764,-0.10130299301675219,93.09132363212211
1409,54.14906722741358,0,0,-1.8608947918753656,-1.589881629689969,65.59205196965479
1410,67.93758968217412,1,1,0.5345877398915183,-0.4037730758946917,82.68145981528028
1411,45.50396677456258,1,1,-0.31394992153316065,-1.806937896572877,59.75959346968653
1412,40.676630025855914,1,1,-1.3236036262704869,-0.8272734012820436,58.24936646131484
1413,70.16940251903955,1,1,-0.8213766194044345,-0.0899618049418863,81.32713261488679
1414,57.249470722232815,0,1,-0.6797542972482337,1.4016706593409811,59.616800646573026
1415,51.77333230097844,1,1,-1.8884640919705469,-0.6466784764620525,73.14523246308737
1416,34.06759003722306,0,1,0.7791524958291692,0.4530487482558324,59.83236055318174
1417,70.65227813188545,0,1,-2.089386992413957,-1.7617138440336855,69.07155343004824
1418,46.13059919259335,0,1,1.9833425322099392,0.5920215798384109,68.90663476729408
1419,47.83558524141924,0,1,-1.8722099277595639,-0.4986250545411229,46.59947566072984
1420,40.833448680697956,1,1,-0.8202631301902598,0.2859112182877028,55.38373527336467
1421,51.24420852311827,0,1,0.6596995780982635,-0.7415036999436438,75.62584543594721
1422,59.867338296462584,1,1,0.24144493394293504,-0.38718196807082567,73.80320060559978
1423,50.14012258453865,0,0,0.9707791627230751,1.689084269682882,55.714112646456876
1424,49.730760996979136,1,1,-0.7246680835870584,0.5824160220945561,52.8755801321146
1425,42.83803880895583,0,1,-2.023668666031847,0.7107297168260269,38.2540155131363
1426,73.05821559964093,0,1,0.939234885985155,-0.7447122695791238,95.49898402336608
1427,74.98840508315675,0,1,-0.7564033006898564,-1.2602054670819542,72.75044133335233
1428,46.61215999720969,0,1,0.3084761094121779,0.7129333164903245,54.74938794226418
1429,37.888000540590674,1,1,1.3834402640707737,-1.28945720767203,57.166797302922944
1430,54.78111304942443,1,1,1.7357117149496537,-0.18163896243854677,78.53893100733043
1431,26.94758126850215,0,0,-2.066608838470903,1.1173519760388757,34.031144621330874
1432,54.485384911298006,0,1,0.4870358771387559,0.5552949448397676,79.51728498424838
1433,54.83188809011434,1,1,-1.4292770698376773,0.5145051195546823,76.88303888782315
1434,53.22227011184527,0,0,-0.7311173412257146,0.2584832896589389,48.60687429761009
1435,74.34385644683064,1,1,-1.0181365331204089,-1.4825666631119547,88.75398662924596
1436,77.91526318352905,0,0,1.569253897211503,0.6072076300973112,88.91945377780769
1437,57.42810376686906,0,1,0.2147079334753449,1.3742253374080267,62.31886309570227
1438,45.50496212764246,0,1,-0.8689084397790713,-0.6888113781515163,65.20305402340304
1439,66.01897444509534,0,1,0.9563145524641271,-0.6304967761730708,95.00308852439589
1440,67.65760149140294,0,0,-0.9194539325257913,1.0746944279575006,68.89209947223618
1441,33.13333473485784,0,0,1.3949265116403577,-0.4723724322173488,59.159617259185985
1442,40.01352331221407,0,0,-0.5097775446541303,0.5253634610080506,42.333691022564835
1443,46.96234988664337,1,1,0.5578798001529777,0.8095459984267965,62.592834925162826
1444,26.22840986518559,0,1,1.2955488994115687,-0.14241309085115245,42.09010055520682
1445,34.328711944346495,0,0,-0.9910313157584251,-0.1749679461520044,36.048073137835594
1446,74.93306378871662,0,0,0.8504559253455793,-1.1715632275848311,87.65327801632876
1447,32.15928977918944,0,1,0.5819832837021658,-0.6142212385711135,55.64818097534292
1448,63.24127259218059,0,1,0.4936289023661426,-0.2611877280873374,80.23403984935018
1449,38.88355901852617,0,0,-0.9650479627748061,-1.3139442787628792,27.261356919942664
1450,65.43716973594134,0,1,0.364071752575275,0.017215049499984657,79.12095392171464
1451,55.547634480663646,1,1,-0.5019009116286702,1.6915002224128084,75.16002992260935
1452,64.06836386225832,0,0,0.6081440042432806,1.3329502146580174,67.85037687643147
1453,30.30598605240478,1,1,-1.8100051226148188,0.8020298354070384,39.42874006296304
1454,55.0734465039403,1,1,0.006742605946898676,-0.6756475558626467,64.11849408496347
1455,42.41445967311962,0,0,-0.6859971205134063,-1.3928892985881505,60.18663522763821
1456,62.09115662882503,1,1,-1.1152518875739879,0.6482057013468879,57.82440167461151
1457,61.356111751312454,0,0,1.3770211043955278,1.2855138228248133,73.67201187182002
1458,53.32117563577232,1,1,-0.9472389228285424,1.6425642634368467,59.02922283951693
1459,48.92056849518567,1,1,-0.40064770264231253,-0.7220406968101539,55.06765885851539
1460,50.619992120762944,0,1,0.6452496545043928,0.8943543019060947,54.70537721940374
1461,54.48802070220925,1,1,-0.8515646856872983,1.6465570655949975,62.438197536235286
1462,43.261387090871374,0,1,1.2107514542406423,0.2800758464533407,62.86363425787557
1463,44.32698623259551,1,1,-0.846851025919057,-0.2930083537795722,49.478593520755304
1464,41.2713073973856,1,1,-0.9159485374193173,-0.493558216386298,47.808925040264064
1465,35.22152935346077,1,1,-0.40717645462962077,-0.18235038731809808,41.081644905604236
1466,66.12777688559586,0,0,-0.3000496662876051,1.242664082949365,59.159196487302324
1467,31.270862694423425,0,1,1.7231789717637946,-1.4126393937545672,51.72584326701773
1468,69.895799741489,1,1,1.0599200530591677,0.6649361659478725,77.13610901425727
1469,61.17457086613399,1,1,-0.2288006410533571,-0.46121481449205964,64.21585507334797
1470,25.52924601324743,1,0,0.9754233262986223,2.3597922874319455,42.73378714247233
1471,23.708902415025616,1,1,-0.8136385085674958,1.3305381135219094,37.38146874725731
1472,51.05668310826138,0,0,0.5384808753051572,0.6714395699490241,57.37008491295586
1473,34.98699254464568,1,1,-0.04393045829357023,1.581487927094175,43.451469597017386
1474,52.74477601551932,0,1,-0.5053569942022179,0.24507533612072122,48.96811126015458
1475,64.69025367193144,1,1,1.428196112985372,0.08265555147919487,83.84969406545956
1476,55.95643183851313,0,0,0.5064286735768655,-0.09358232895971094,72.65099610137803
1477,47.509171603243885,1,1,0.35649140333210205,0.8372592078683121,65.86180836905426
1478,48.00251038476166,0,0,-1.4706425398661116,0.3272024880251629,53.62360026698139
1479,72.39972586297725,0,1,-0.1357267129646915,-0.7804096010482146,94.93095062859805
1480,45.39957934673967,0,1,0.3688597076632263,0.8361621684190984,63.13540797051588
1481,76.33847329090555,1,1,-2.1189476401102625,0.04104520526916462,69.84980984101011
1482,80.91031588178288,0,1,0.9354637348799457,-1.0485010646799116,89.95301753285362
1483,45.47463346595217,0,0,-0.11407588935248035,0.5145613340412742,46.3150253426878
1484,55.27945642234003,0,0,0.08752992268208684,-1.1317742402901414,63.99990596001615
1485,76.23977401195599,1,1,-1.0025951243699212,-0.24209390101084383,90.8581383995216
1486,40.758436081969435,1,1,-1.8979294387177157,-0.7219884024283741,47.78744843606168
1487,57.407226070069584,0,0,-0.37101033968619324,-0.2093549518734237,56.17826378172438
1488,66.62364673712526,0,1,-0.35136002235308345,1.4890149284377734,66.64627255064057
1489,35.86436264523909,1,0,-0.19439958365281462,0.7455404214009584,48.93023043397376
1490,56.66382909894187,0,0,2.041937895722179,0.9501929083626974,60.17461497131076
1491,53.15070997642984,1,1,-0.2594328262180756,-0.4545770623363127,72.87918037882955
1492,43.49824868728893,1,1,1.984322111626318,-1.8291375449313938,66.63527510813448
1493,74.02547688109749,1,1,-0.41659169407130087,0.5533158240348519,93.78351576742755
1494,49.30835976427988,0,0,1.0083609587130427,-0.80700786868502,66.50103445678613
1495,84.95011169059057,1,1,-0.5677335520092568,-0.6066236650746173,89.49873173702542
1496,61.9138626870252,1,1,-0.2874128916865941,0.01934988499879142,68.61412573808971
1497,41.01225029631743,1,1,1.7875229151369436,0.21581319373207936,71.09233368810102
1498,55.29485593648815,1,1,0.707561300875896,0.8795570318240732,69.87607240007321
1499,40.13994262850609,0,1,-1.344988393058526,-1.271870193803569,49.51237655283529
1500,63.49120120122904,0,0,0.8855414492034415,-0.9415736211033718,76.21848128103153
1501,61.16240348064594,0,1,1.1318701424968909,-0.46085267532272883,73.03726589553412
1502,33.9392135806894,1,1,0.473070508422809,0.5105717214582022,61.130254006184686
1503,45.35408590041229,1,1,-0.6759096736641442,-0.3669159486403402,46.48561705069219
1504,58.42828548633126,1,1,-0.19222567677006056,0.6847625653266094,70.58148585977158
1505,52.322992311203194,1,1,0.5875634542421518,0.5374073629171007,73.3518260756608
1506,37.04690257945968,1,1,0.2385371012151699,-0.6242361643397818,47.84936895807306
1507,67.4763594830034,1,1,0.11886948543915599,0.37525206995549426,91.07994878504404
1508,71.47109379361572,1,1,-1.0904280186278372,-0.7593935772064072,88.68265218211081
1509,29.55426762897946,1,1,1.8150516142831394,-0.44859935173515386,58.44621999033326
1510,73.02347477455534,1,1,0.8558184920766151,0.7670718740570994,95.78261235339832
1511,21.264287344944847,1,1,-0.9293294355576002,0.09928078121790831,28.1437828424467
1512,49.20861145520015,0,0,-1.432634517068886,-1.2677782897325425,67.22307970266614
1513,41.38757928587121,1,1,0.9063933087654796,-0.08002025021108229,64.10734244741576
1514,42.99620412922148,0,1,-0.07634044482100993,-0.531365268404024,45.131913330165304
1515,53.76519005439222,0,1,-2.1023220775978593,-0.5309243703154537,56.715140240271985
1516,33.94889744899019,1,1,0.21404423470277004,-0.19134570600893838,56.45895544437546
1517,49.52982310444755,1,1,0.29503707396748863,1.3458718609491434,73.03688352235409
1518,75.76533665745698,1,1,-0.837588369351507,0.13882761856649678,71.69442383050122
1519,57.69628577260161,1,1,-0.809962698105099,0.6912184131970825,74.437550918598
1520,72.88697064428673,1,1,0.8322732820496912,-0.34317406612399626,104.8322931947099
1521,63.72082051687817,1,1,-1.0708656063858044,-0.31417387292875204,81.0982110583817
1522,27.148664889122227,1,1,-1.2644969799068162,-1.3777194413828902,56.63372665963179
1523,77.10464456916583,0,0,-2.0474995164092493,-0.2505539999277719,76.42866691271556
1524,63.56546640591593,0,1,0.09205844482055422,-0.8420364753927886,84.74275298010794
1525,60.68030328350286,1,1,1.4157343406892569,-0.07230817530521647,85.65977190608781
1526,45.49558443758074,1,1,0.10185104293755155,0.6170048787665035,54.92012072814315
1527,43.36100598220074,0,1,-1.4426307756236456,0.14634641517243266,59.96495210190668
1528,35.6218430337116,0,0,0.27769523615186226,-1.776957716314189,34.32130907523708
1529,48.811008648559046,0,0,0.8935565010652631,-0.08821158407709631,58.67574472131104
1530,52.70995047701139,1,1,-0.5788476262919103,-1.4453909396032292,79.62642778273715
1531,48.732515963640296,0,0,0.4334592562097514,1.839651613380144,68.18300573110572
1532,48.78811579584131,1,1,-0.1050439021545874,-1.766999372300023,59.378169015480125
1533,22.48423821608202,0,1,2.2050025834562947,1.2702257769641379,59.16214802893543
1534,39.923757992106225,0,0,-0.7865537129200815,-0.5997061181726123,57.92236563553319
1535,39.38254514647588,0,0,-1.7237910089175248,-0.08511455178502568,48.86581360424669
1536,55.337618674167466,1,1,-0.20203713400774323,-0.281360910529843,67.28840132190187
1537,44.299304619148344,0,1,1.263455654274399,1.5720145502719884,65.28308426125908
1538,44.28913208854584,0,0,0.074989415921597,-0.7540624181187945,64.09468059730276
1539,52.18573124216442,0,0,1.1727868470444458,0.7903040935057487,74.09439785076506
1540,43.9122841191834,0,1,0.34908117557788865,2.20773128306813,54.595769320204745
1541,46.690350801411284,0,1,1.2760266730340575,-1.1397170274492376,57.443916733168166
1542,66.87963735972903,1,1,-0.13643888912574376,0.09853231471437138,78.96806926836216
1543,48.42092398536872,1,1,-0.7486056514261795,-0.1295813613901214,67.54832964711775
1544,37.52053689657054,1,1,-0.8980655152300433,-1.090498577333253,46.244125665653044
1545,59.53716149019725,1,1,-0.538712197722867,-0.9914771691221137,85.82614799219361
1546,62.507666545345664,0,1,0.30593433981721724,-1.6408039136118893,77.26246850960119
1547,59.95773478252364,1,1,0.9544859005974853,0.12232883897932115,75.17213610981969
1548,31.48266880057487,0,1,-0.5878441842709936,0.11788484019863098,50.49781256711634
1549,64.5610020141285,0,0,1.3073324383213163,0.33144510034537256,98.60994927682455
1550,51.45263519047458,1,1,-0.47014413468379884,1.269661671802116,63.51612179608859
1551,52.70448101473583,1,1,1.1154688640618324,-1.0386975919999522,78.87868303293325
1552,52.078914506803336,0,0,-0.6181808608215934,-1.3167877681765192,54.39861431673637
1553,57.52801029491637,0,1,-0.12019490253557252,0.7682983816980853,59.294916878758464
1554,57.96319934507149,1,1,0.7061738021512884,0.6952904170695634,82.0253599660476
1555,72.35191574402707,1,1,-0.14552953085788894,1.2201744400355996,110.50005544482113
1556,54.46626258410606,1,0,3.1280082522888755,0.8077843121749496,69.84204753913629
1557,49.65412792666292,0,0,0.5277076316774796,-0.9252941742399365,66.83642712214466
1558,60.29408791623795,1,1,0.9227467993785997,0.8536869888451878,82.39989387731131
1559,49.38042060784792,1,1,-0.9344234769088101,-0.29326376643058744,47.5611611287957
1560,66.84399017705925,0,1,-0.25544387937595653,0.6803067635132578,72.88427572073387
1561,53.21888272476951,1,1,1.379380209866772,0.9451421275701871,75.52942678156762
1562,61.79717494525036,0,1,1.1621087833608554,-0.42371485753166144,81.34924748474667
1563,43.4690219760949,1,1,0.5513565657035538,-0.5034761077291603,41.78894741628903
1564,65.41549088887017,0,0,0.4381919192965188,-0.32540544089188317,80.2771587317574
1565,60.07899551243007,1,1,-0.6112215294290172,-0.08205831274240197,70.0698322601769
1566,38.67437593822336,0,1,0.26271047028815914,-0.7931509831196106,61.91919462278364
1567,45.52498726725043,1,1,-0.5603724830493908,-1.3853349655002725,56.37491259941149
1568,52.235342843592676,1,1,-1.163255466527136,-0.4991455777263593,60.13052404430523
1569,31.813190086281605,0,0,-0.1275023838564365,-0.025043593557376162,50.1847965726732
1570,35.16587519740515,0,0,1.747166667983731,-0.26649780599243167,51.68014893449151
1571,58.024638022569654,0,0,-0.13417363824216735,0.031036391315485582,76.26083186180038
1572,58.265892484094486,1,1,0.5943737016661355,2.275146659184914,67.34014124149284
1573,70.4540060424759,1,1,-0.7519693795895855,-2.421010360593253,92.60795069768928
1574,32.25323988813598,0,1,-0.12350286252322956,0.3889789841652176,53.43865072161724
1575,45.58165097588326,1,1,1.2625053256732364,2.245568900514377,48.480960993424915
1576,21.450327627787736,1,1,0.3652966567349915,0.7582986959242336,44.27992410900713
1577,76.26016282569104,1,1,-0.21732067776988775,1.4587905166615756,86.10327338798507
1578,31.660727351045807,1,1,1.386756971950369,-0.5266454944766747,57.13623154035595
1579,47.2625922807617,1,1,0.23902567830088509,1.524483292049003,56.817125873364326
1580,78.78305885999178,1,1,0.9618837346649929,-1.1676661906927543,100.06508756526507
1581,71.52585249397515,0,1,2.2424585717774463,0.5392940605599634,89.83743158286897
1582,38.22688868585798,0,1,2.4121288047199925,0.5005495257814744,56.72984994582986
1583,83.50462580408275,0,1,-0.9293201304469366,-0.4129782408901274,80.88705167162277
1584,57.283577368807435,0,0,0.48072686756714883,-1.854468764776185,81.23783460764757
1585,35.781322232696795,0,1,-0.8433758020563715,-0.6038237317811359,46.47609119180933
1586,54.48769714558102,1,1,0.08847169651158955,-0.17556717394736576,76.82942818265148
1587,59.94586308422688,0,0,0.5482527780041596,-1.0149465216269167,72.55939171853271
1588,59.763925417395946,0,0,-0.3819828835894846,-1.3390055176628517,65.10267351826384
1589,19.76106518576595,0,0,1.4465955791550802,-1.2576070711851344,40.996473177612245
1590,77.2562082751712,0,0,0.05295303572653127,1.2868355700877652,83.0727790369757
1591,27.259263780113237,0,1,-1.5438986506421775,-0.9495732642356898,40.729852865960666
1592,47.40784896952125,0,0,0.18683370589886653,0.6388510892567663,58.36932963373041
1593,71.31204625653695,1,1,-1.1975117928489432,1.3133848347078936,83.4753386465663
1594,56.211949403409875,1,1,-0.4342506368527947,1.2048958022844678,62.45790275009661
1595,49.970704320159356,0,0,-0.7310461832080489,0.5784009315417974,53.47920166069304
1596,41.68260949447683,0,0,0.0761956438550375,0.08268024070937717,39.46910328085217
1597,58.85546832432186,0,0,-1.6914551317091793,0.8729240185578877,53.157241541528904
1598,70.54159339850924,0,1,-0.46261965910167435,-0.6699943197775087,64.71250814157783
1599,42.51292112091875,0,0,0.27981557529092776,0.4634610068006957,36.31525133459489
1600,56.667750732800656,1,1,-0.6676101911608501,0.8720115532828047,67.95765737181237
1601,45.113734551296794,1,1,-1.6389918167349324,-0.004360597901205952,62.65358259292245
1602,44.45759270636886,1,1,0.44069010677951337,-0.1605691338005928,60.145371277994606
1603,20.427644235637562,1,1,-0.10719217967405228,0.8158092316860112,36.31827303369281
1604,54.33286676727904,0,0,-1.115213214199343,-0.14759918313261833,62.64097444449141
1605,64.24910488301649,0,1,-1.3368102716297463,-0.15394672888907307,62.01598895364116
1606,48.48952160850093,0,0,-0.3408418714548931,-0.23927681643420742,63.04504723747906
1607,65.9234081863636,0,1,0.5938577629349272,-1.7804822263123683,79.41306341829267
1608,53.31070475626745,0,1,-1.2042859310733707,0.44793758140612977,67.49967780215222
1609,68.60869733319547,1,1,-0.48966631960088364,1.5366053759389298,77.73798848200326
1610,53.04105770534861,0,0,1.4435585260798873,0.18787586058675462,61.51938445856405
1611,45.619238340343315,0,0,-0.08833263959989063,-0.6907832954502863,59.40515495649132
1612,43.74291139710216,0,1,0.18450261342893853,-1.0296727351542099,64.64771956503942
1613,52.319010302388854,0,0,-0.015670944075481308,1.3079337015322225,65.33322794404289
1614,55.23257918086423,0,0,1.3801832441824244,-1.1645235991515759,79.00596308208713
1615,39.6618467886347,0,1,-0.9202985465463931,0.7528743183108085,49.61686147467977
1616,48.84365977490003,1,1,0.05733401579574495,0.05992369504909601,78.71333934799856
1617,31.701792788452504,0,0,0.09646054416265468,1.2325336935286022,52.5092389475229
1618,31.583573137634932,1,1,0.6268156539232544,1.2379974860550718,41.95508635805243
1619,60.41781808359423,0,1,-0.2019336325967698,0.542381592705096,72.90629059342213
1620,56.3552193066937,0,1,-2.2739449628676978,-0.4398107291069628,63.56244577045814
1621,63.927671521711375,0,0,-0.9989725793013583,-0.296572473976921,68.11710476806019
1622,53.159659922755864,1,1,-0.04162308746325131,0.7186818233897164,65.99181875477586
1623,54.70745060740225,1,1,1.3725580879685149,-0.09856307535133511,65.5786790072186
1624,77.70755858118505,0,1,-0.9719815888835762,-0.5242545787049114,93.58059265252331
1625,39.024746873719735,1,1,1.4006271739873946,0.17019746238389594,65.49070640486936
1626,55.29445007294433,1,1,-0.3288121098925398,-1.6476503508494187,64.88987969617072
1627,73.87997576038589,1,1,0.5807254901137435,2.0839988701000562,89.34311267484578
1628,80.51665295217889,1,1,0.3543571760374447,0.9713178310022539,86.43657640100736
1629,59.26709154642774,0,1,-0.9554437534417497,-1.6763506293236186,72.77375740878588
1630,49.51940501779944,0,0,0.24470664158833935,0.7610358833151224,63.155991568062
1631,35.86892799702841,0,0,-0.49999004088294025,0.2758413632572976,49.99205731317233
1632,48.789295732838774,0,0,1.2689192579723425,-1.1807204521207424,57.83041228767413
1633,53.227372149997485,1,1,1.3105459195914038,0.6466272782612944,64.29722855456552
1634,51.27415687596828,0,1,0.37402380701554633,-0.21198929253080795,82.20872073184331
1635,58.28720744243783,0,1,0.2714778721456048,0.38246759841709577,64.68133325505138
1636,59.17706805990136,1,1,0.27002624160739236,1.077814923226569,76.7533057034035
1637,44.180353890867835,0,1,1.3235198858210484,-0.53532074684537,60.85536991854644
1638,38.077727114178785,1,1,0.2935515226025374,-1.1420758373294382,53.2810631868452
1639,46.72870566825952,0,1,-1.1641949867914791,1.7125408810860268,53.02937656340203
1640,57.18531375788572,0,0,0.39650110458714777,-0.22803251149551151,58.505977937883195
1641,74.43019048344051,1,1,3.1930734073273057,-1.5146402977607205,116.1166703806642
1642,27.373432212441745,1,1,-0.958887333656449,1.0183862835249906,24.13155513334978
1643,66.27415770703207,1,1,0.7550808281065934,0.5467472848475211,82.07985589631326
1644,46.71839211460079,0,1,0.178190541686312,0.7025301430987392,62.65850464109221
1645,66.60019809157176,1,1,1.3709982915984864,0.24119814442831738,71.40830952359065
1646,77.91359469867501,1,1,1.3460776622714465,-0.1777725643673113,103.76549991144344
1647,57.97180318537645,0,0,-0.19902898846762565,0.49838047632334614,56.45032287019203
1648,34.32345685742292,0,0,0.8912044276244165,1.0760048723891003,58.630690677677975
1649,44.724023507178835,1,1,-1.055725474890547,-1.04904404840793,65.54460447991988
1650,55.92735125312926,0,1,0.3765029987201325,-0.1618742258978619,78.7983740170364
1651,45.95189421199688,0,1,-1.4892347687714405,0.5542043628368848,58.0809508214706
1652,49.692355809822935,0,1,1.0666624497848225,0.112945219795271,69.86155355814898
1653,39.533225305747365,1,1,-0.48872841531358846,0.3073528894632936,41.629834734097145
1654,47.460456581022044,0,1,0.5272826674624355,0.07589114635124405,57.649499776722394
1655,41.67102079766093,1,1,-0.5909226060192591,0.4188824403221801,63.16352679147441
1656,62.94979228846686,1,1,0.748391761647564,-1.4714283739685567,96.45312455936002
1657,55.012673944217504,1,1,0.023246370804851115,1.901156774677607,49.414155375094765
1658,61.22782221349717,0,0,-0.7502177809032317,-0.020932528114395506,53.866546730758095
1659,27.17370082364927,0,0,0.3581332222226916,-0.7772420642080722,40.28238033206054
1660,44.11730021670586,1,1,-0.02354657336649624,-0.6492389554806429,72.1684460237617
1661,39.921323511255856,1,1,-0.6911682718970789,0.10046708381162174,53.010479705788455
1662,44.388781672687784,1,1,-0.5101116575429041,-2.5481331576858097,65.49393105678386
1663,37.9925462695703,1,1,0.3951863532603338,0.9001353480433283,67.24659740273378
1664,40.18672951301021,0,0,-0.8502765443597808,1.6853385264920464,46.00346909343194
1665,73.17080637305072,1,1,0.48779666973020336,1.3001904419967476,80.35605761134313
1666,46.69134028433795,0,0,0.5183761368907821,1.3695750196791514,54.30525966389701
1667,32.541690090873885,0,0,-0.3258670244282225,1.154631011603362,34.40637330952095
1668,46.31362271340958,0,1,0.5025731533862415,0.17306621603655237,62.782723922028346
1669,82.79002306090703,1,1,-0.9275931578765261,-0.05173064994036687,82.20967557188794
1670,60.67063703388811,1,1,0.1997411207175826,0.0583297311913635,82.89741966631763
1671,37.21773317496882,0,0,-0.4661753638593882,-0.37817927412979024,51.15390469040017
1672,46.93685433222068,0,0,0.8735255413353064,-0.8366375664865134,55.37196875915775
1673,49.476251982359415,1,1,0.7433040045394851,0.9376343953706713,60.94016398862882
1674,51.005161617183546,1,1,2.3096626187674776,-1.4038701409250192,74.11842466659205
1675,23.95401418056833,0,0,-0.4181197466419601,0.6575560551212852,42.58495362314298
1676,36.908732690608275,1,1,0.7850568175441492,-0.04566042127094085,51.60827309989481
1677,48.04337097689986,1,1,-0.22344187585528383,0.37438488518491125,62.51034333800686
1678,25.771087202393556,0,0,0.7402559829455779,-1.7454897939986993,44.14653471934283
1679,47.81688933051494,1,1,2.1041279611411907,-2.0714311043652778,55.78379799280323
1680,51.456854864655625,1,1,1.2401491173368355,-0.005191534626082436,70.27973312571123
1681,61.5306429284091,1,1,0.177508806291703,0.16023437208802044,81.14054030074814
1682,65.6375205446456,1,1,0.1303867962232547,0.16261013104173233,88.66729460330828
1683,47.772246418273895,1,0,-1.0408109200997808,1.5489725374831125,56.18909167768947
1684,53.65688128069442,1,1,-1.4114857460730008,-0.7242040701902385,69.5949917615355
1685,60.126911164814494,1,1,0.16280118953435768,-1.0328030444648018,83.7146478956676
1686,64.94012065752128,0,0,-0.5733213187625953,-0.2551880977200538,65.18337375714175
1687,51.49742139307536,0,1,0.7582622094536607,-0.06342305143162211,61.4626255241213
1688,39.6769399816719,1,0,-0.3129637972448483,-0.9355069370287606,58.23332488346134
1689,58.919506770824455,1,1,1.0272930956252038,1.0426906969114953,77.34226353109108
1690,62.64754056581695,1,1,-0.5385080098404365,-1.1111740829649195,66.2838282578423
1691,52.5575346054265,1,1,-0.6435689985226489,-0.030311006800347443,49.19673382009592
1692,58.652822885039065,1,0,1.7819027868615729,0.12634009496716647,66.2700600594008
1693,73.25476756844928,0,0,-0.5851146400799695,0.6006981007522505,70.33760431680454
1694,43.26127314068118,1,0,0.05867972029991997,-0.9531271597676604,47.028738563390526
1695,40.43180815732493,0,0,0.25397514860429254,-0.161668778206543,59.078405854737994
1696,34.95147889542294,1,1,0.5339705130493109,-0.13165361773865408,54.26394579770264
1697,55.49490162144684,0,1,-2.129180259662608,-0.7802435663460507,55.35732368251819
1698,64.06351925876544,0,0,0.5696544364398227,2.5869323684100918,67.88107820887753
1699,43.266769566080484,1,1,-0.9369185114717521,0.019251115819313408,60.22434415299937
1700,76.43728621424897,0,1,-1.588631032817345,-0.42933022700390233,75.71957614569148
1701,42.211724904497956,1,0,0.8405712453827486,-1.311971709728944,47.07016269068386
1702,54.41654422701459,0,1,-1.1153438114514398,1.8629411461649892,73.1356360113225
1703,48.92424317204778,0,0,0.7527512760760083,0.5513858148368322,44.5471406913739
1704,70.39109892410313,0,0,1.2391527144467922,-0.3072176945252717,71.05529274070022
1705,41.57253867894178,1,1,-0.17276387318508746,-1.0927717829435368,53.88112268672429
1706,74.18745987021336,1,1,-0.08357684258586445,-1.25703409366055,91.71470034747607
1707,48.109473434345084,1,1,-1.6724976064946009,0.31617427850544544,52.11995580409432
1708,31.425153193576865,0,0,-0.661434605159203,1.7209591830031798,35.16857038316539
1709,42.46417996067907,1,1,1.9275016641392444,-0.08749241784412588,60.45528256517563
1710,48.313601735372785,0,1,0.6449678327516004,0.23045655709826274,62.54606334370986
1711,74.66780878645042,0,1,0.7961391495948019,-0.126172855101932,90.47167242569907
1712,43.757949419769645,1,1,0.854758378094747,-0.15778196902278094,63.442568900450546
1713,50.476001662497524,1,1,0.632907673484234,-0.9353390375590684,62.44958843163979
1714,80.31406698302357,0,1,0.7086613491543137,-0.42080524585332535,91.7496574650922
1715,52.83099819790916,1,1,0.7745687229449008,0.033745623784169045,76.75289134660103
1716,41.561998412798275,0,1,-1.4489567366968092,2.491258345292095,49.020691009370665
1717,39.96893955976865,0,0,-1.452773087284959,0.8951139983275884,43.43126002581422
1718,28.19808623249542,0,0,-0.38780585902427844,0.7015278953006102,32.620147086413155
1719,55.584562292425716,0,0,0.6209960287489011,-1.3610147201365188,46.97534156317547
1720,67.81246373835236,0,1,-1.3533534376619027,0.23192608836407447,87.45431469598239
1721,45.24160346955401,1,1,0.6872234803000767,-1.050118555531704,74.64736767851431
1722,35.29563187332035,1,0,-0.9307399469918152,0.16403485618528035,49.461870155011304
1723,54.30555716908894,1,1,1.830985675133978,1.1528454462121547,73.32475298095746
1724,50.440468209992176,1,1,0.891819789546263,-0.5569077961724683,69.79995286268479
1725,48.2902746189302,1,1,2.3453875135112376,0.6004671087276555,70.33180052207672
1726,56.68408355756239,0,0,1.2508161287876864,0.24902163436651625,78.24786893103473
1727,50.67102764088554,1,1,-1.4510557795565828,-1.156157318559253,63.991374133755116
1728,44.94703919880916,0,1,-0.03980749797045447,-1.033859029456048,70.87487683660515
1729,64.4709637869984,1,1,0.5897002358904649,1.401983638418134,74.63993539354927
1730,,0,0,0.5633353403187061,-0.7835802637229808,51.08911780552512
1731,33.888578377171214,0,0,-0.44466314991255285,1.1585895081201754,48.00348572319853
1732,46.042730040980835,1,1,-1.4527580357642726,1.1615059509279455,40.417577592009295
1733,30.595833788079023,1,1,-0.9513754295973704,-0.03111194516048066,34.75044414175952
1734,71.56858346508014,0,0,-0.3681052991709575,0.8650036033086721,72.13626308204095
1735,18.523652233647407,1,1,-0.1581979103011458,0.07529115948483381,33.94696569391949
1736,59.967370004125044,0,1,-0.6349449933831702,2.396632918472048,78.12479964189198
1737,58.00000419679309,0,1,-0.6108023889849632,-0.25161561803752797,70.87342284358675
1738,54.73546362874087,1,1,-0.23294946114525156,1.2215358344235985,75.73049366390957
1739,55.92301715490604,1,1,0.5411929872736113,-0.5629268461979338,71.66126897902174
1740,41.62827741602998,0,1,-0.9024756651975335,0.0022343790612328407,56.82414264294318
1741,39.45524633212018,0,1,-0.09759449909945422,0.6676074939554056,53.13453094915555
1742,70.1208126024316,1,1,0.7184395327612404,1.5940277633373827,84.7676027654025
1743,47.6466264571663,1,1,-0.7669912493087646,0.09327035185645381,40.03054108263497
1744,28.728787711424847,0,1,-0.3825101922035241,-0.36764850516250375,42.720624204245595
1745,31.98049739995176,0,1,-1.47429731131472,-0.7484207557715107,45.589996839719106
1746,27.614218178970358,0,1,-0.2516998356655871,0.6139315112404705,45.049519261458705
1747,53.567986676386674,1,1,-0.22304419467548492,0.955034330949468,73.36263118583142
1748,66.1462382764524,0,1,0.6633242738114916,-0.6771532319612281,82.33265952799209
1749,45.22829255310522,1,1,-0.002591795686707157,0.5669738220221401,55.79475983970369
1750,51.76753134319409,0,0,-1.238776618805413,-0.11689250805017015,71.66821359502437
1751,42.4827472403151,0,1,0.16510197256582473,0.9047802438882956,69.87721223614179
1752,62.55710009514697,0,1,-1.0951709524048412,0.03740434704000086,68.13114696039412
1753,62.45583882209016,0,1,-0.7203796737298238,0.3503718148122008,60.28913487543994
1754,63.209401656040896,1,1,-0.6603640858523946,1.7576501622067584,68.52935511084846
1755,75.8050283656503,0,0,1.988152466162145,0.1560597392621126,88.69196617649058
1756,32.35208564998472,1,1,1.3481789154430301,-0.4009957429157838,35.14731465127082
1757,61.60577117471835,0,0,-1.521645313273135,-0.43025977981017133,50.56464532317169
1758,27.85079766790245,0,0,0.3427537506300772,-0.5958272035854413,53.060147153287986
1759,60.58389374878316,0,1,1.0216323655419555,0.8777638864071922,95.19074127142275
1760,61.98250899463649,0,1,0.833245777343381,-0.5672856290326156,71.1740980402629
1761,60.75839506689641,1,1,-0.02959128527238791,-1.649256535648656,78.64201370871632
1762,61.953520614744974,0,1,0.06510085101711835,-1.2458142294010797,80.80584623130613
1763,48.61890009475518,0,1,-0.10590081955375845,0.7861859571144358,73.4121300749973
1764,41.461261662180235,0,0,-0.058229726265157315,-1.1640363910889682,38.6171386407098
1765,61.585795730995414,0,1,-0.30448353811340323,0.27242634650464764,84.47129695862921
1766,41.666802253539615,0,1,-1.1563374336373133,-0.8224100622538052,53.878420043315586
1767,60.84293435846393,1,1,0.7878985612884428,1.1639438045870252,72.83449245462154
1768,38.57091654455341,0,0,-0.5059637378677702,0.006425114121059142,36.772903564373706
1769,55.57788930444096,1,1,2.0351318480849243,0.04752792069136313,77.99265455524808
1770,54.883733823221554,1,1,0.2745467992109248,-0.9500556740988103,61.419396994902684
1771,38.82415606320111,1,1,0.2323700490901088,0.8408468507778059,58.73424606324035
1772,46.223934826633396,1,1,1.1458940526939632,0.6058168084864265,60.06980502465515
1773,63.901207329789045,1,1,0.4769165854730136,-1.4686534633921868,96.21145078259536
1774,51.2858552886209,1,1,0.24452671673291995,0.08957380985182352,55.74441705247723
1775,58.28438678287908,1,1,-1.061258485409949,-1.4680326397197287,74.27452334209441
1776,43.02791980274343,1,1,-1.1046192243085153,-1.7252677552202795,66.0330670895642
1777,52.49170776911881,0,0,-1.2490905162382666,-0.01695274135665105,54.48840455175621
1778,29.895615420676084,1,1,1.0883207129755526,0.3510870563533687,30.095609543139645
1779,39.85818738730086,1,0,-0.49654684575585617,0.10341850039867373,48.057886407873376
1780,68.69783762158895,1,1,0.06546211779478187,0.34883254511062783,79.04730050536598
1781,58.66982742756476,1,1,0.27055920009882406,0.1582955874678325,71.05629046964997
1782,51.085663336015955,0,0,-0.8409058015742316,1.3180722810246077,61.15413989674409
1783,52.85670967266181,1,1,-0.020856586517341562,0.30902621426293975,82.95551738789024
1784,31.7068416860725,1,1,-0.45654944271663545,1.7018193732169986,33.410279832396824
1785,56.82216375472642,1,1,-0.9608109789806155,-0.952786239984033,70.44611574429469
1786,33.37361911876991,0,0,-0.39166504730898366,-0.5376760791095286,41.68271417492393
1787,40.39768955920712,1,1,-1.078444893759177,-2.403168259293724,65.25972527315992
1788,,0,1,-0.16220557311377556,0.29274289833343947,80.16197421228583
1789,40.2097556822977,0,1,-0.24397663620046023,0.5899218649746175,47.19034606137031
1790,43.355658081967604,0,0,0.048364025345335335,0.8767495963495071,48.06314815002249
1791,49.38030294934807,1,1,1.5042372667697141,0.9216526139875707,61.02821803610799
1792,52.00571669537219,1,1,-0.13098624526114327,-0.39615201958150614,64.24190890394156
1793,69.63995100610792,1,1,1.2666155188428483,-0.05636748004639792,86.40108006620017
1794,26.202849850207915,0,1,1.1423795690751897,-0.745127985836707,44.5125544138122
1795,44.63312167095102,1,1,-0.5310923449962319,0.3974385100273026,46.29424700377001
1796,58.78172374478039,1,1,-0.7925040771205709,0.16258521053075495,68.66457183307946
1797,43.40260099468038,0,0,-0.5956022792896495,1.4688488964098338,43.00824025655555
1798,44.71318800947882,1,1,0.7059982324651545,0.2645315029038527,61.52457514917002
1799,38.71134774965115,1,1,0.1841692206688495,0.09578489925916796,49.783440988264914
1800,45.867929591526824,0,0,0.4551012784225318,-0.8455745850367479,64.45384624751317
1801,59.451138427613124,1,1,0.6216502505951653,0.1023725246493684,71.29530025460285
1802,67.89655540117279,0,0,0.5149010145807426,0.6528240772767966,80.09226238149648
1803,55.18373752017182,0,1,1.2760914336132465,-0.218556756342566,78.53777114055941
1804,69.78708393353648,0,0,-1.7563123008121446,0.2522212895422014,74.61401346060079
1805,51.64309595254545,0,1,-0.17393866690857482,1.2879274767127227,56.720487873068635
1806,26.630879777806634,0,0,-1.2571665029938386,0.8902368172685383,38.15003285368613
1807,60.92210165408634,1,1,1.3012590535801762,-0.32211868087208145,83.11914524023516
1808,21.5157285176416,1,1,0.09052563253153129,0.21564525758920952,33.109137906999905
1809,49.335735532059104,1,1,0.23299151510910873,-0.7727337625271855,59.141910027615914
1810,50.14588023775703,0,1,-1.0558698919711011,-0.5833862191209949,72.04989571917294
1811,34.024592085677014,1,1,0.19433899453220804,0.8107602941788391,54.124671788139736
1812,47.22429430510377,0,1,0.7286349076146003,-0.8922905815512261,52.15440126442836
1813,42.399348271788554,1,1,-0.2071030627992753,-0.7993948506751207,63.19154711142301
1814,52.1336142015917,0,1,0.36945528624471446,-1.243504095014442,62.581370223886395
1815,45.83478207190621,0,0,0.3250186657667785,-0.5472000741950661,56.99761576686387
1816,58.79206132897957,0,1,-1.0872785605955293,0.5151256089102906,66.3567730898472
1817,44.75061232123353,1,1,0.23041570280844056,1.059930576771326,35.066112127357655
1818,58.77093763946,0,1,-0.14895673263064757,1.5307569125168201,53.38847474120375
1819,50.132541392751165,1,1,-0.683630311036497,-0.1339796205027301,55.070590813878994
1820,53.61454599913674,0,0,1.3777504770749587,0.15709313499432262,79.68829451404888
1821,51.83975508549962,0,0,0.801670434621466,1.1341338604391917,58.023959146565126
1822,43.3976983249022,0,1,0.035954055222339014,0.14225096820926966,70.1930345283126
1823,65.98673020765774,1,1,-0.2443569509100362,-0.8914200165741983,64.22808547498605
1824,58.423541675295084,1,1,1.1211557190963897,-0.3977350502682793,73.54084187726994
1825,17.999477155800513,1,1,-0.7664949388664982,1.5480522699519346,24.688537081107704
1826,32.856340266539064,1,1,0.653159733838459,-0.33634321532763545,48.90141166664708
1827,74.27720470061244,1,1,1.3361437165944654,0.37066271638821324,97.33660437125755
1828,,0,1,-1.2866853272134016,0.09692662311934234,57.451480618581506
1829,89.94834622629331,1,1,-0.044696184896835994,1.4043078267538318,93.49716749734345
1830,56.30727995588609,1,1,-1.5179805937566837,1.736632423954192,60.68755134634332
1831,56.58707833544386,0,0,2.859622683261199,1.445214797190714,70.34706140612118
1832,43.61197819166926,0,0,-0.17805532196147705,-0.1506013132208957,70.07019116210691
1833,47.04084040017345,0,1,0.45768461922877574,-0.06489737412788618,59.03690511624973
1834,52.42215740049166,0,1,1.4794195646379458,-0.5023596807387956,66.18078672380186
1835,63.046893240275395,0,1,-0.7708335579978615,-1.1201269507650193,72.33293569003725
1836,51.51781002700245,1,1,0.4656151487752079,-0.11167916616326579,69.9175924233799
1837,49.50720940825773,0,1,-0.8555162060890914,-0.2496867338426639,78.83814877062571
1838,36.14164672406443,1,1,1.8532991701706896,0.725400710003074,42.282468192952386
1839,43.43356529076175,0,1,-0.02303326120151037,-0.6205217181282543,51.77836479763809
1840,43.97136893458629,0,0,0.5240816167595587,-1.4949009259639634,65.3360792008971
1841,48.072918446821596,1,1,0.11905791879867475,0.6223455690860002,67.96262636457573
1842,39.479181935889585,1,1,2.1379758879050685,-2.279568186785819,67.35265960689591
1843,34.34045666455161,0,1,0.429751671394817,0.015679979850279725,44.52069488881678
1844,45.31189136465788,0,1,-0.21102962753732762,-0.37590797694658534,64.59210868331388
1845,14.837797615359072,1,1,-0.6908415459223792,0.08071799028313605,35.0469806640306
1846,28.18409107293252,0,0,0.5223136644928182,0.4469024140726768,36.33066080749344
1847,37.75551600687019,1,1,-1.035765682694331,-1.5018737706514902,55.50352646247133
1848,54.78922263667555,0,1,0.3094537714553639,-0.08960847447645073,63.7820808022359
1849,39.30014459369772,1,1,-0.1652063498430121,0.02111082092134834,59.12660767431719
1850,33.61939309382957,1,1,0.09979004107072452,0.018537963661077843,41.14757789118225
1851,58.43552655034472,1,1,-0.8664877796613177,1.9069560028963672,61.472265625887026
1852,46.95597775121751,1,1,-0.542010186291381,-0.35861812968832385,57.48705336722105
1853,67.90962571182953,1,1,-0.8774803564426086,-1.6748067082020928,77.84472907045436
1854,45.60232428705705,1,1,0.08334735907755542,0.010188098925912242,64.77371463616754
1855,38.57255408997401,0,0,1.548745382223717,0.2064782932107623,63.69573420191598
1856,43.26922841045292,0,1,0.8910586423038139,-0.8497147610856913,61.44856744988138
1857,73.40831234114296,1,1,0.9409210986003508,-0.3479504029939109,85.6796067887092
1858,70.07535352737892,1,1,1.7796027306431783,-0.7471071950800574,111.72692987463823
1859,50.544983774271884,0,1,-1.765504849430045,-0.9513234143806446,63.994799819942784
1860,62.96388498225829,1,1,1.4612830997781576,-0.2634082322853136,86.73327637358821
1861,28.69315512129719,0,1,-0.9570900426615216,0.8686738110820671,42.573666864399115
1862,65.91901784801638,1,1,1.1670064249945542,1.0409637946530426,84.58276043666989
1863,53.03292287457798,1,1,-0.042060320299591065,1.0140217819138642,65.48385756733113
1864,46.963514711413254,1,1,0.6885382672016482,-0.6167270123060645,56.40613524428258
1865,48.485443519274305,1,1,-2.6224097900360923,-0.6055619446616854,53.02501138240321
1866,51.651658161397734,1,1,-0.9219408892781249,0.8387276281967958,63.239294557524104
1867,41.686320480896974,0,1,-0.024473945615239613,0.4338054529930247,58.03236491158774
1868,42.59546261411802,0,0,0.7959248542354878,-1.1852320399552567,63.78156593220529
1869,30.786470507279923,1,1,-0.8231287172505741,-0.6809225080542497,39.14993638387458
1870,69.77193744306776,1,1,-2.4964176492566432,-1.1764790777435927,67.83900484120012
1871,35.08177509782854,1,1,-1.0668429678550997,2.857769617769134,39.821732783179
1872,45.31191349967604,0,0,-0.829038685173568,-0.10933289350302505,51.7655656772086
1873,61.87521760017837,0,0,0.7116065861035885,0.8021325983717295,63.41653413590542
1874,64.46684704156552,0,1,-1.2755090670131708,1.0994815002109817,78.18228848899528
1875,67.33538933435469,0,1,1.041596155426754,1.2394713726911073,79.49018842236583
1876,38.75314514077475,0,0,0.017983838325029734,-0.291672394209717,50.36305927396061
1877,40.68219334977651,0,0,-0.017414760319088844,1.8609796831060594,63.38641894249424
1878,45.850528371138616,1,1,0.3733251553377117,0.9423726465145766,68.62399817070224
1879,20.68136552566212,0,0,0.867492946783281,-0.5199859126784948,41.84569031999329
1880,58.9384521026795,0,0,0.29802147063567586,-1.4473093276950058,73.45840687151447
1881,23.499241227980434,1,1,-0.37494010100074826,-0.6394374590384276,34.04226831204059
1882,44.535440687479145,1,1,-0.3643505760206255,0.8984486509866683,48.803107009022625
1883,59.04728630584871,0,0,0.01016323564007154,1.2382069076762714,63.3633019539563
1884,58.06327507913269,1,1,0.043708986449714445,0.6026447279211273,67.67813930347194
1885,39.965929440218005,1,1,-0.6814307998461475,1.2188964233364536,55.570435333840116
1886,58.98447997742467,0,0,0.26032449538258307,0.7198695984961201,67.92658096840681
1887,61.279583108315165,1,1,-0.10561468627360239,0.42836877109098526,79.5851569601977
1888,22.31407789293699,1,1,0.05131016614332069,1.3319206023168897,25.87022498414545
1889,42.35504055231644,1,1,-0.10995150152449333,0.0007011808179374694,60.918818008235576
1890,,0,0,-1.5693439168149328,1.5567143485583252,60.10970590492771
1891,52.13990954699465,0,1,-0.6561205533892621,1.8064667030671093,60.77665814124839
1892,43.02738638167936,1,1,-0.20953786588533466,0.7132800051759549,53.6870820903284
1893,44.488075352354514,0,0,-0.6590895571415404,3.0682254633909025,46.78624795776801
1894,78.57767467055123,0,0,-0.07486546417374555,3.4103383345005787,80.35278380398306
1895,40.902176077775984,1,1,0.42765631372254637,0.20431042163567056,54.71152699107374
1896,60.983321194816,1,1,1.9264891861654945,-0.9645917304716212,82.59525750175902
1897,29.325268579191185,0,0,1.2932079517256039,-0.6939183715229907,31.720236737766363
1898,53.58032616243799,0,1,-0.7741464031800117,-0.618980965580855,60.96934141743333
1899,60.84090166913826,0,1,-0.24580291373690913,-1.8678709085222545,81.42955072799764
1900,40.455899353626236,1,1,-0.41823663353905083,1.484133911581277,47.85700811364812
1901,37.69689397984651,1,1,-0.7472456628418227,0.4772809848296629,52.580156510504324
1902,72.69897717097356,1,1,-0.924419384970601,-0.10149434878342692,83.95561500374838
1903,43.99374935533718,1,1,-0.4962857022942217,0.8753455738904836,53.46995642472135
1904,61.35545671017821,1,1,0.3042007498305752,-1.9929509616488335,82.4103796194221
1905,26.711626593943915,1,1,1.124159015014031,-0.7132324392333608,43.62381576066095
1906,71.23593666845511,0,1,2.1354053581770565,2.0252723171416815,79.69246562932055
1907,19.432506101053995,0,0,1.1366852343355773,0.7752923659137104,36.90882408435906
1908,34.554326792231244,0,0,-0.6884372459365287,0.9428369965622467,38.05886038066983
1909,39.309369581935144,1,1,-0.3222215303916537,0.5404330241276272,51.10547812299231
1910,,1,1,0.7197851330693983,-0.5684064924544693,55.82216400557995
1911,50.739396997419746,1,1,0.7793883604257044,-1.6552091264869044,71.33589751387063
1912,70.7147366008245,0,0,1.023706786743024,0.6392802003373973,69.89878292038321
1913,77.70358695684672,1,1,-1.611119467651547,-1.6832044089554228,76.72588783180313
1914,74.94977112505634,1,1,0.6185188952147918,0.20715735958468898,90.72097364097002
1915,60.19772082596753,1,1,-0.2552950726711012,0.8813649008439672,61.511775802740345
1916,51.63352207657608,0,1,0.9255388716540541,-1.043525775276899,56.720991792425195
1917,19.541899088642047,0,0,-0.6993184483342236,-1.5346247524744407,23.362082286616186
1918,47.58943208171166,0,0,0.5043394062642654,0.19838729984107012,73.96272889166221
1919,40.64155375724141,0,0,-0.7426681777583373,-0.1008135802958458,41.83456667218473
1920,57.724500165935794,0,0,1.09749308045961,0.17717094607715225,75.52600031703743
1921,34.66368579299578,1,1,-0.1830797283515252,-0.13637248416079048,57.64234695825149
1922,,1,1,1.9389562937229883,-0.5044585399040048,66.08279189905923
1923,38.470749105423025,0,0,-1.6510995673448043,0.1642449754689178,48.21441210415071
1924,58.11473654677248,0,0,-1.4143687569747398,0.19439915744687838,60.09230601803666
1925,51.42302673191128,0,0,1.14133921323052,2.8281828700120433,71.13880952374579
1926,34.55405628453667,1,0,0.27357620138711936,1.5927800094994595,36.244462663993914
1927,24.63280785161703,1,1,0.014303082462738977,0.30096252265070805,41.43604717383755
1928,40.985007395851,1,1,-0.5602263183076075,-1.0002623092405818,52.36230637798716
1929,40.00235608532924,1,1,0.4262963761494392,-0.11928303389313007,67.29732384468443
1930,41.273020647888536,1,1,0.5973750892472707,-0.08241937836923043,67.86313717445802
1931,50.18413077667149,1,1,-0.061589850648290215,1.0207190846061458,71.60010913026392
1932,59.31548613633305,0,1,0.671855903173871,-0.8065415336027689,81.32337251499342
1933,60.132363132509106,0,0,1.9774210690534029,0.2972501305245301,79.30169162401097
1934,39.56728406159636,0,0,0.3974953557322691,-3.671078684632497,62.72279147321411
1935,38.30617269448149,0,0,1.4916621328852466,-0.7440914858451759,45.18385786747901
1936,70.53159657203284,0,1,-0.27321312747461496,0.4416541248013563,64.08263604091785
1937,45.78377331885418,1,1,-0.4576734749612094,-0.08603612115717632,68.2030454616905
1938,59.42297788231856,1,1,-0.7702882047204676,1.5026260873411814,77.76995528129054
1939,51.978352826474264,0,0,-1.1916440632077103,-0.8077366517290375,67.00507246319486
1940,54.742653070100886,1,1,-0.7892977427057519,0.5951808203904158,57.993593669394656
1941,71.96098118576913,1,1,-0.5890080002756916,0.8764154553159154,85.14448234830594
1942,46.12534495471451,1,1,0.4295820908000972,2.3092195274510137,46.84422429626983
1943,65.13607206822473,1,1,-1.4627596560692062,1.2766327888143851,64.44832037635177
1944,57.117241280892216,0,1,1.3454746369073616,0.6005482496126495,76.13925249573647
1945,47.56828587305258,1,1,-1.5609506487519929,-0.22065449098121764,60.034455535832834
1946,43.10422848088896,1,1,0.6758267687737722,-0.6559363260689083,56.14084150698366
1947,42.25289895388693,0,0,0.3933177396749035,0.6006434527225998,46.86188211940218
1948,66.12284762673832,1,1,0.33186896394473453,0.8177468725608475,82.1105151217217
1949,63.84775256670254,0,0,-0.35968538612831535,-0.2606813021110345,83.00625554250631
1950,37.8277713632042,1,0,0.591543569752139,0.4744066721446696,57.95328153058097
1951,55.52597666244154,1,1,-2.182198637927217,-0.05637230682128525,74.9667635410116
1952,24.159825051625738,0,0,1.6857858906518746,-0.910924624774822,52.0529121418843
1953,50.682384771065166,1,1,0.514832597657926,0.2296543755165207,64.76652092138455
1954,78.98843017925999,0,1,0.54860703737324,-0.035412027250734106,88.7699290123315
1955,33.00836891589407,0,0,0.021850947436223362,-0.9599084345686324,40.3600230008477
1956,54.231482983945966,0,0,-1.035278001808245,-0.3044527361925724,63.66792207987903
1957,41.1961631158535,1,0,-0.4506445718145703,3.399063148931465,49.145336047687294
1958,51.17063180163985,1,1,-1.4109174413463808,0.6766657306064808,67.60783286213307
1959,34.908671239094204,1,1,-0.16860923457503088,1.3478377648953406,49.209185869634986
1960,52.60588808820741,0,0,0.48846354188025354,-0.0020575948975576994,63.65892881723791
1961,16.828015291898453,0,1,-1.645866531684155,1.6049395126852768,28.236672046985092
1962,46.23503762734954,0,1,1.0380888345130102,0.5280224803386687,60.15424614126061
1963,45.372887215105266,1,1,-0.06277480233120537,1.4356592031203836,62.42126354053419
1964,48.52637182457706,0,0,-0.29959103321131014,-0.050477227059948414,40.95806879839664
1965,78.52308870474113,0,1,0.6968270175999078,-1.0893413615738214,101.2233341337382
1966,33.31417022873149,1,1,-0.21337619630060964,-0.339304817760181,62.107939435880304
1967,39.93681347358242,0,0,-0.1825927977605715,0.4397708554843919,59.830124977498684
1968,30.3046997512163,1,1,0.053480003299499076,-0.2892885755134691,57.66818679175388
1969,56.789091895060636,1,1,-0.7774991201175903,-0.32446248765103497,56.34476788370593
1970,49.843930834504505,0,1,-0.11293522139482717,-0.5297653309452156,72.92532209908899
1971,32.874607993640666,1,1,-1.4923419230088308,0.5668423114350829,47.06204066360295
1972,62.857068449802526,1,1,0.11018918147137399,0.6723832469441826,80.77996621962073
1973,53.451817773557785,0,0,1.7751617573380476,-0.1433129184974415,61.116119522149766
1974,69.8958658088999,0,0,0.2698170274992223,2.255523976920182,72.26098048109321
1975,60.32419764423395,0,1,0.4684292545718132,0.4356608211774074,69.10398370431533
1976,50.68055690928857,0,0,0.5123128770837039,-0.6400941258395251,68.11778786426615
1977,38.31167815612643,0,0,-1.0737415486392055,1.9673081143837678,43.24043071796901
1978,18.728204372398938,0,0,-0.5036811911056233,0.34499759369853134,33.31399073762842
1979,40.812193975003765,0,0,0.05065578888517833,-1.5712170558250853,50.5346739905574
1980,65.45590114485117,1,1,-0.018635109332400406,0.07718911306032385,64.74100267210538
1981,45.90497758479142,0,1,-0.8623625732635992,-0.1425123183149501,58.922158007962985
1982,37.18868182122861,1,1,-0.4056128820543889,1.4992003125682785,49.6083322446295
1983,52.71891861627642,0,1,-0.15385285438219706,0.12031745391501071,56.16412636788577
1984,59.68929444583745,1,1,0.21116255240897938,-0.3220601812136569,74.45128670111966
1985,88.91862209100624,1,1,-1.6753377929433415,-0.8924258607924707,94.2049455162083
1986,35.03113149013875,0,0,0.45743498504785707,-0.7918815036753492,68.42400420004304
1987,44.11651848365955,1,1,0.3729030109613483,0.22429337379556838,66.97832228443367
1988,32.826712862800946,1,1,-0.5947274935984302,-0.03977819960083309,50.51913342400076
1989,38.6143948592324,0,0,-2.202948325278736,-0.6933875091303011,42.24807755900385
1990,62.0674422618053,1,1,-0.2039759338049724,1.5465059016676397,78.73247858677092
1991,47.423197575460144,0,0,-1.5304634497686713,2.1197948688618258,48.949385297643154
1992,28.05563181290873,1,1,0.7408282164094364,0.6496647970618014,55.36172438745941
1993,68.03487135251905,0,1,-0.9877933401337042,0.5594909555475288,66.47980774069853
1994,74.23445425217041,1,1,1.0151687622073144,0.11151564343594672,87.81799076985173
1995,60.243819815184914,0,1,2.053481405898888,0.39527956909850326,79.1643832697706
1996,34.63507677684703,1,1,1.010179221850936,1.1049798193344227,61.55452722995963
1997,33.53493977619416,0,0,0.22901078172433628,0.9805720632640627,58.34700477649268
1998,67.26062963964051,0,1,-0.8285350890778228,-1.052569418482923,82.18051425587053
1999,34.272863272787475,1,1,-0.05237556980818217,-0.05675592284095206,77.9405173952016
2000,40.681916975389285,0,0,-0.0037826227436893738,-0.9895891838731099,63.01884828582399
2001,27.85489387996543,1,0,-0.9605765378637445,-1.955126138987915,54.08384117987143
2002,76.17108741597868,1,1,-2.5310172080590787,-0.9196825528119028,102.01617408261204
2003,39.09800552796614,1,1,-0.353131138917731,1.6518192481972818,49.191891654814384
2004,46.25836436538483,0,1,0.4997904016366379,-0.6347598921782563,65.40058863583418
2005,37.948565065008836,1,1,0.12256004023002312,0.15536930313461325,47.51345064883073
2006,38.88868148422526,1,1,-0.31874836670282436,0.5829049904485268,40.452876455908594
2007,31.85191160213568,0,0,-0.8267237836438877,2.4231905683415986,33.56871336485705
2008,64.45934672485839,1,1,0.09385221443504478,0.4252733104808534,72.08466386656208
2009,38.71801751446136,1,1,1.1395630584890877,1.2587895796619577,71.69685011361142
2010,69.40963021152919,0,1,-2.9319984571774143,0.6372986440838914,73.77711207344798
2011,30.018476595417983,0,0,1.5317428736121168,0.038775863966912946,55.372730320097716
2012,55.29451168902574,0,1,-0.4078439445584862,0.6060433347241194,71.87648913040961
2013,62.26721756301262,1,1,-0.21051306500467934,0.4556107689997085,64.05339161101767
2014,31.74768000014225,0,1,-0.16875639693467712,1.747068285674773,34.03302234939481
2015,51.81916162004624,1,1,-1.2906215540678798,-2.1080198771929113,58.92708922640565
2016,40.08595926201643,1,1,1.091477369053704,2.134563697484466,45.30201410347156
2017,32.40953156572583,0,0,-1.8972189049488688,-0.5075751207450417,50.01034338284811
2018,42.090950012702066,1,1,0.4443553779859192,0.15486699061859674,54.661620902898534
2019,21.14742919292485,0,0,-2.0204489601147637,-0.080359163689228,34.47356320448051
2020,43.876362025665735,1,1,0.8975933742724143,0.12285152043052378,65.21897043293282
2021,25.838906590829517,0,0,-0.8586275627685398,1.2275112853183487,30.346083181994455
2022,57.567491493656846,0,0,0.6456456418674039,-0.5482449091508186,58.4915329753087
2023,69.96266054479581,0,1,0.7339526505540028,-0.27843099907471236,86.08416367284387
2024,68.28507554315995,0,1,1.339294031437794,-1.2016294562246483,79.08605217476182
2025,37.46431259919755,1,0,0.01236541693101709,-1.3527062384697406,56.883436644209716
2026,46.078215560558625,0,1,0.5543485270898749,0.6770623179997662,62.685067617623645
2027,76.60733669876217,0,1,0.8655492991255864,-0.8271100400794716,110.474946880538
2028,66.51898670775168,1,1,-0.5772322171198495,-1.46085687589917,68.89308960048793
2029,57.23116660644294,1,1,-0.2195257354493107,-0.2839200835261498,86.66863875282003
2030,17.319038103385274,0,1,2.2083227818786355,0.2809714027750436,35.37860543608778
2031,43.294501822136645,0,1,-2.0858037359898844,-0.317486078891299,58.79522385622725
2032,80.22888287139665,0,1,1.4962718865005362,-0.22195710729742904,88.20579101948803
2033,54.934017770499736,1,1,0.038455344085317616,1.0125991333847202,58.03892522029669
2034,41.755013921472255,0,1,-0.45086817290220854,1.2375486788138272,48.16679370495023
2035,49.447508971566954,0,0,-1.5276841156598244,-0.03918681329841229,57.385479304136055
2036,83.05381446392715,1,1,0.07820596782564529,1.151351444506979,107.1315231961952
2037,66.98810477055555,0,1,0.8887808256470878,-0.14358073958714185,89.2826170526297
2038,29.63400053562887,1,0,-0.06792558390406002,-1.46892903505745,47.52821111835296
2039,31.74879972255012,0,1,1.6373938786538402,-0.400548610009671,50.23408194638571
2040,48.87492861825342,0,1,-0.740523220806757,0.14995477843449248,42.43808981519338
2041,67.13574456187072,1,1,-0.3860623500103515,-0.4539366457161314,67.76544648191681
2042,37.24277133202037,1,1,-0.008429738157918943,-2.1699360199440485,69.71821412897839
2043,39.953258326068834,0,1,-0.5585298338933702,-1.71420550347979,61.360624556666416
2044,10.970664882434534,1,0,0.08621103612303678,1.0925524647378513,18.615848527973334
2045,39.07091649373321,1,0,-0.7359004206419646,1.2143019427353874,47.52445852686432
2046,56.863388723097856,1,1,-1.159540741110234,1.1949996689930296,62.56819256923068
2047,56.88325797639201,0,0,-0.5338783228103147,2.349253859307598,63.19735189804933
2048,26.543237530355526,0,0,0.5031505667061679,1.3351221510989053,49.20404357463318
2049,59.46117822441053,0,1,0.8138847651716102,0.4414569964958413,67.95320009132547
2050,35.63356523411224,1,1,-0.8901712042617139,-0.14787045484620095,56.98655475036707
2051,26.896468159328958,0,0,1.1585998445265497,-1.549940131953493,40.935808352109895
2052,54.90750969957618,0,1,0.10778548233859998,-0.9584768950087689,59.33495562435999
2053,23.513661076835334,1,0,-0.0789181706619821,1.3096079971773058,35.653862565720246
2054,40.44189024536698,0,1,-0.8817642725005822,-0.9616430647597637,62.76392119354421
2055,34.40982231733638,0,0,0.08247694709926622,-0.7913634658928715,27.640860615390714
2056,44.92601949160794,0,1,-0.4237218733935361,-0.19468948252831572,61.95337314992114
2057,50.23227344185479,1,1,-0.8742559369649964,0.07531016992898505,61.10269967274253
2058,40.44598802376397,0,1,0.7371283174362746,0.698200445447782,40.03133793884663
2059,34.60111213667864,1,1,0.6549756534025684,2.063036297894197,59.82423321627212
2060,39.34344281736584,1,1,0.019596962333242995,-0.21774601773795843,68.2616358320174
2061,11.690560673979348,0,0,1.0671327944347613,-1.4442814928350327,47.17472571746692
2062,45.08689994962056,1,1,0.8887523466481441,-0.9467749651168338,63.59774746695707
2063,77.22917463640422,0,1,0.6364611385781053,0.24897597876534558,107.76491932242719
2064,52.47803713693956,0,1,0.18847268834807235,0.21993964676577715,69.36831050439173
2065,64.4150088351203,0,1,-0.7739898492528509,0.8140836452696344,81.38011742566383
2066,47.79580112771782,0,0,0.017969358225963697,0.6146473191865,59.16336715779275
2067,48.083847601374316,0,0,0.737956896582232,0.7523585440414777,68.7916357879595
2068,54.568320956524005,1,1,0.09622481137965166,0.6521628491888496,77.39583435723819
2069,57.94838962532606,1,1,0.08714312270452233,0.01851879648341441,62.4129421584301
2070,57.520969690453946,0,1,0.27623688873909247,-0.43859953059376844,62.369818273849134
2071,35.88864541303236,1,1,0.9392668180961377,0.5092995698302658,62.66924407655789
2072,48.55639897364168,1,1,-0.8081039956103192,-0.9336528010128073,69.7900374683919
2073,26.289398545784312,1,0,0.8010907993822731,0.4744952304838639,46.62512758522635
2074,63.589419840207526,0,0,1.5707281730460145,-1.1193090930767782,87.8818616525047
2075,47.86857875011783,0,0,-1.3779793319681197,1.6702773770549981,35.44623626421797
2076,44.18625884116681,1,1,-1.1010470365577147,1.327331673498591,39.75677383536003
2077,29.704096617013267,0,1,0.16823280335017085,-0.0031497151601494887,46.06010221436818
2078,55.3111150085677,1,1,1.4569144224506372,0.9489170670874197,74.89891626998788
2079,63.168175966166025,0,0,1.438316498227587,0.5509794322239038,65.86369715835795
2080,55.96097450306021,0,1,0.8034958856510197,0.28701132098387594,76.57421327027373
2081,64.77977311546748,1,1,0.7138764421295245,0.17933744092692508,78.60753827117115
2082,37.154766522501845,0,1,0.189262949566827,-0.3913692148448462,63.098241217937755
2083,62.22427798827087,0,1,0.2708862276593384,0.4313002048267475,80.25421367572899
2084,48.63855390989478,0,1,1.345102097520541,-0.917252351502232,73.84186895744175
2085,9.270997228316823,1,1,-0.8762068021990873,-0.34823871123615263,6.982539174418182
2086,52.83135153100626,0,0,-0.23273970800087943,-0.1298632925635201,61.47516766647283
2087,34.03154858554611,0,0,0.5664641440415912,-0.059732842932552405,56.69045313193082
2088,46.6352113005383,1,1,1.5876036311405346,-0.5997418480181569,50.76467692943899
2089,39.07647593845633,0,1,-0.7745543529660952,-0.8496546264534088,48.64743796773546
2090,35.96981435920533,1,1,-0.1287067344010376,-2.2098129600165155,61.366937923020636
2091,64.58396496632264,0,1,0.42596857018032475,0.4029088356093322,80.63799538646671
2092,40.91152591725479,1,1,0.7732599015434574,-0.07354325634575196,63.293275168773754
2093,51.76642628707847,0,0,1.8412946620132409,0.48995950510480446,68.74926847377128
2094,59.49795193580035,1,1,0.9302246587488014,0.8119474819689646,72.44974391319408
2095,43.59940942176694,0,0,-0.44616456495263335,0.41687430368069295,42.54316409714731
2096,30.979360024682816,0,0,-0.896781352711038,0.923357660754239,28.06733396209912
2097,50.38669485995683,1,0,-1.1861983046263114,0.534162306690179,69.16546878300663
2098,48.0913065215336,1,1,-1.4031234381117559,1.1168432276167544,45.765871360308786
2099,36.218908652701465,0,1,-0.14177282226066937,-0.9272620173415226,48.83186507791028
2100,51.33665309263887,0,1,1.9689122616417587,1.0542928994827339,69.27912840437712
2101,68.6048164624691,0,0,0.21138951601969022,2.299406975144046,76.20547592523221
2102,64.14122367199919,1,1,-0.4368605688875049,-0.1878325107487273,68.29752110034948
2103,72.86762391990052,0,0,0.11216370549900698,-0.8936008802072938,94.96185890434818
2104,70.50639436689457,0,1,-0.36523628821357956,-0.38309694941842776,78.72242908415913
2105,52.99308165803707,1,1,1.6356713300344312,1.8321977774929592,71.31055048692095
2106,50.36140367387396,1,1,0.5272584810636305,1.3158810340315454,55.85423135222372
2107,34.05178969829962,1,1,-0.5792283155407788,1.59288155246763,40.34543890854887
2108,67.74835636170904,1,1,0.35646783255205916,0.1457075115027484,77.17216265334251
2109,41.79445246009872,0,0,0.5308249076991685,0.07508251659352652,60.71962699438814
2110,58.77574803131169,1,1,-0.6862540624561417,0.9802025146698791,61.151777632388935
2111,74.90370231325691,1,1,-0.9956922058879556,-0.717421338626108,79.72303707913122
2112,52.08633039676727,0,0,0.03423866159321491,-0.5643685269579365,79.91825628291993
2113,28.244374873646215,0,0,-2.3302091261559172,-0.388984032735942,57.54730724939984
2114,34.88672457881882,0,1,-1.2438211629393154,-0.07150485309630457,57.50405590159031
2115,45.03717750253753,1,1,0.33941200557148393,-1.0459290960109655,60.10700240624654
2116,70.02554614310853,0,1,0.715328289949519,1.6927921735019673,69.53329182450165
2117,45.381385350700576,1,1,1.6375940719378468,0.1634503780077007,60.505998741390314
2118,48.14599311703443,1,1,0.46839891055371663,0.31814447275088403,53.78301390100387
2119,34.198104344515954,1,1,0.13564400226952433,1.1861722263249057,54.38973201666121
2120,55.29684360265886,1,1,-0.363193325841051,-0.14765777706590427,65.81487469436343
2121,51.59939219901093,1,1,-0.37874584938780925,0.24572242529391958,74.06008369554206
2122,62.02672365047882,1,1,0.982716617919782,-0.6669972212251145,94.91174485151218
2123,35.98563354078157,0,0,0.4496991478355501,-0.27046101951143303,58.372580821834724
2124,59.0334189982953,0,0,1.0609128830707668,0.8846216928733688,75.78202443451713
2125,28.88923783331009,1,1,-0.43948181174486184,-1.2439712252781707,44.21580231316761
2126,39.8704259681233,1,1,0.943124277966993,0.1582188281671267,70.35510179079944
2127,41.62054818542957,1,1,-1.164640427683221,0.1955027009478519,41.8131562173908
2128,46.7497552155027,0,1,-1.521565848015752,-0.5176438270549666,50.89249551261885
2129,55.6083431854083,1,0,1.0915431352263953,-1.6319280297002885,68.15492064681078
2130,14.990693393448794,0,0,0.8688568519082334,-0.3835044149630366,37.11067297421443
2131,48.32390593379121,1,0,1.0463251043025814,-0.2498754842998057,52.31111686901215
2132,43.664451223735284,0,0,-0.35700704725153276,-0.08635125329949948,40.85703167444545
2133,29.721628282002868,0,1,0.7265738766835265,0.8336935186651518,41.52465197047564
2134,44.916859575428546,1,1,0.26019235879569685,0.07983483903237425,65.25632152629997
2135,56.14551832120796,0,0,-1.1600973558270264,-0.6707327483597786,70.76539900164693
2136,42.74296108255788,0,1,0.5105418393729231,-1.4929435151154646,65.24043498643373
2137,42.22005245556962,1,1,-1.4604603077951834,-1.152432871482506,59.940951048220185
2138,59.65594796750791,1,1,0.3220781378320287,-0.02186447370845044,69.16630653042222
2139,38.34647296738674,0,0,0.5101746184867907,-0.8079067642495552,44.32678585315176
2140,65.26898923083341,0,0,-0.8675033113932487,-0.6852995656994216,86.706677025331
2141,55.35596772646058,0,1,0.7780122657109444,-0.8191466221593923,79.48690661094221
2142,56.084258439516105,0,1,-0.9409985759927354,-0.14013650251351184,67.60570210353765
2143,58.56451591916619,0,0,-1.007146082712587,-0.3420634271354671,52.10565661943893
2144,68.38439965205973,0,1,0.6792535805528401,1.6589719681357449,77.10519960556734
2145,39.19261898082654,1,1,0.051960058420038056,-1.4951687520055874,74.88328305004377
2146,66.94931122951351,1,1,-1.3550737869019283,-1.1189366797223175,81.49052104668914
2147,36.75684994121573,0,0,3.0418101545275764,-1.0344123679671033,46.080059177840845
2148,55.445146525181826,1,1,0.6297574440896964,0.002569803486415581,69.90010032734027
2149,58.970787454425356,0,0,0.5652603452687393,1.1063477301672653,66.13015678189859
2150,52.20622328494793,0,0,0.030426777061189243,1.944693833536631,44.61212323910553
2151,33.47572908642785,1,1,-0.6027136065587589,0.8697892933916339,45.265053057006185
2152,31.936793212970326,1,1,-0.014714791666858554,0.3402077833016939,54.53282836048673
2153,33.59516080773072,1,1,-0.11454434298805154,0.17663166331663588,44.20018240256481
2154,49.36151533466387,1,1,-0.4791824820144128,-0.13617271244482854,56.32413397476512
2155,52.63940044496259,1,1,-0.628926864446415,-1.1456509309996328,78.4923850354804
2156,58.384632801563654,0,1,0.7024282165133406,-1.1665256630720484,92.13940862516729
2157,27.382869025533417,1,1,-0.7261700680243662,0.17358822037296454,46.089854970637596
2158,54.79527970642953,1,1,1.4400829029596964,-1.1204312062993809,85.37279434915327
2159,65.30715454874189,0,1,0.9931338234767051,-0.39849497931889044,77.52861969511154
2160,52.57364703179283,0,0,-0.2808867260070122,-1.1780519791282285,50.5537545719207
2161,50.00279408372757,1,1,0.10745272683351469,-2.0859517212816217,64.19405677731062
2162,62.317844552050005,0,1,-0.6709014251334803,-1.4923351554530797,83.83045354202531
2163,73.74051480056285,1,1,0.11234030898488037,0.44689861689859245,96.27336437243066
2164,72.34682809036423,0,1,0.2089506389380095,0.6985971057951386,90.20883908253106
2165,73.109621092919,1,1,0.2685401094014849,-1.2832458795586719,97.55359838495232
2166,31.515432452608195,0,0,0.32868040387832387,0.1410714061444766,32.15172134549804
2167,71.92002394736276,0,0,0.5154962835918033,0.192976712271302,73.2424055170351
2168,45.895671708581496,1,1,0.7632694024036901,-0.8583094718773148,47.14202492749982
2169,63.106266753241194,0,1,-0.5242480206316237,0.24116011056292608,73.67904307014217
2170,41.67703658878018,1,1,0.17774920382007678,1.305533311030972,53.44627160985228
2171,56.124159894371275,1,1,-0.9713421303562746,-1.0651873881451046,65.83868993599397
2172,42.1157387337046,0,0,-2.3973557890962405,-0.6986906325940849,44.894869006613256
2173,46.39375469745412,1,1,-0.9638537695709459,1.5398636013884015,70.32205592426848
2174,79.30080619325861,0,1,-0.835313091307086,-0.7492533056510448,81.75551992878351
2175,32.9167695955426,1,0,-0.791739748609737,-0.38138087934869724,40.37355656409377
2176,65.26935747670893,1,1,1.0131764055148285,0.3882087731632246,79.0746684090915
2177,51.701090686297924,1,1,-0.3998797285098975,0.5324994417786715,56.898400274085404
2178,34.309687486254774,1,1,1.2220449729858325,-0.3640935802108348,64.59766430756179
2179,70.2648764167487,1,1,-0.49576217126172456,-0.5398934906572044,79.27128773123168
2180,51.27929519600152,0,1,-0.8054631661036987,-0.24001005490146224,57.775511298068494
2181,42.55048732134874,1,1,-0.06944010215389743,0.46709950299089753,58.371213932275204
2182,55.8121434994445,0,0,1.80618118837509,-1.5189797882214735,83.13349178570813
2183,38.95108739266933,1,1,-1.1886757953917926,0.019607073953669372,57.827881605900615
2184,75.64234486244142,0,1,0.3447401317885519,1.0394284857388767,85.21053034807213
2185,28.821399689589388,0,0,0.9133418569934743,0.9681096510902814,36.869708912979455
2186,43.29433856007082,1,1,0.9766844094429101,-0.9125165164853937,65.4378331107206
2187,21.156375474165277,0,0,-0.48541901610206195,1.0538813997844054,26.173055142820953
2188,54.57753171647995,0,1,0.5515332868787994,1.836524232761721,72.21212613146501
2189,63.08198545167069,1,1,0.2831499358712599,-0.18993463721259385,91.92783501748512
2190,64.6919257674537,1,1,1.8314495372286936,1.3272508247395995,88.08706700888948
2191,73.92550823666284,0,1,0.2336094910899414,-1.2922145538687824,80.6999322019943
2192,50.89139795880074,1,1,-0.2108896801302601,-0.9395565595315973,54.34141641934112
2193,44.291787142048975,1,1,-0.7450950331279436,-1.0993205565775626,48.414025137429775
2194,64.7771773336424,0,0,0.2752246913821454,-0.6443928866615585,68.84486088983815
2195,42.19567464151029,1,1,-1.660320752294909,-0.24460606094277115,47.50597140640979
2196,56.18257360509476,1,1,-2.1738739924970685,-0.48417847225145194,68.35830958196885
2197,44.21185745447355,0,0,-0.8412915136958535,0.6108429855873523,58.27511078722608
2198,40.44463387956181,0,0,0.9190299856586617,0.6592439669309372,44.34231575063767
2199,,1,1,0.1724907300701309,0.3505908943024809,60.3061704238397
2200,67.88578083218759,0,1,-0.30193291592123045,-0.6522258813442029,80.1264264022597
2201,64.79905062925766,1,1,2.193487263246056,-0.35722062052874554,66.53480127940833
2202,53.42089321224779,1,1,0.24183792265762583,0.519043973045445,70.08978457824708
2203,12.461050790996573,0,0,1.0398953186481217,0.10061656900699383,27.83803097984421
2204,51.59319339669993,1,1,0.35775708431915054,2.4344473290254927,58.795665028045946
2205,57.146624632060835,0,1,-0.550031960021342,-0.0711458383524729,67.99831194419015
2206,59.604010310028244,1,1,0.49567559327556326,-0.6755999067617527,65.27570488823876
2207,40.90423188651391,0,0,-0.5029485259171871,-1.0720388084358698,53.57119785695663
2208,66.52490990947251,1,1,-1.8501835726991207,0.317610243214483,83.5502674862655
2209,56.49860931136894,0,1,-0.5037910785048014,0.5104945211583375,63.96299691700405
2210,23.40058671993375,0,0,-1.6048623007164846,0.20259180159110923,35.82763997773586
2211,62.7514360867749,1,1,0.3835748128296772,-0.855706060894761,82.39061513081788
2212,75.95797474886886,0,0,0.0740654428728873,-0.9379059392640314,87.24525093995443
2213,55.63003296590237,1,1,-0.7874664906723838,0.15518092246515872,59.8739353301286
2214,39.95781506049249,0,0,-1.6953823552014828,2.5674810898982403,36.96312836389804
2215,78.71286244543465,1,1,-0.979883834240256,0.11436974582085256,87.1915624011081
2216,66.67264241066732,1,1,0.6811384893208424,0.6489632473503817,76.71471248771924
2217,24.51783782943114,1,1,0.387516453005505,0.6913948398266053,27.912752313878983
2218,67.41041606839268,1,1,0.7130044002324513,-0.6041947571069158,84.71089503689632
2219,57.70809334843057,1,1,-1.2215745376497533,0.06615190048304381,63.71421572551201
2220,55.90600168169637,1,1,1.4710111199097968,-1.0893742784801745,55.324007951527086
2221,25.40599286399746,0,0,1.0722616634814899,-1.4014774456937484,50.27300116728345
2222,26.57033895537871,1,1,0.1558975015918232,-0.15659711130873888,59.21758907650969
2223,54.080015073504484,1,1,-0.30560252914072034,0.24242820215135377,64.69269247694594
2224,80.06328070977914,1,1,1.4858764370609185,0.11577979807289136,108.82113920992512
2225,53.95724049856147,0,1,-0.4461425324956768,0.0038560535145798877,59.769846546934474
2226,52.721064214636606,1,1,0.8899770213949527,-0.6503254294848086,72.50230599806986
2227,42.118475055496674,0,1,-1.098807035926238,0.5626681396191527,61.71626725261763
2228,45.34073606685738,0,1,1.0981044983439456,1.562132611260326,61.45667288051997
2229,66.50772891473409,0,1,1.4638773184450347,-0.5937306412324433,82.78310612474428
2230,39.55367904421962,0,0,-0.37968926122591096,-2.408349194695621,68.36058895629651
2231,78.96779096461186,0,1,-1.2358196464140638,0.18510333897692835,84.70773517191711
2232,57.98989494166948,1,1,-1.6776596167089306,0.11789813933066537,57.916832695208385
2233,55.46539380488811,0,1,-0.1076782391329235,1.2052864981464328,72.29005711218173
2234,48.740173229684274,1,1,-0.116327745588521,-2.7788159230278686,70.77146898083043
2235,39.735832128097556,1,1,0.44374654736480357,0.9758533076162543,58.20000988480519
2236,46.63453574929248,1,1,-0.9433631602898109,2.427661158508495,57.957737144563104
2237,28.56971462684361,0,0,-0.7045869113107585,-1.1149048900045804,37.03430553203838
2238,51.119236463941036,0,0,0.8226448088712863,-0.04400727467165835,76.622551224827
2239,21.614524265995808,1,1,-0.15661588893296371,-1.8676132379178378,41.2709394327408
2240,82.66597703341,0,0,0.23451988422298162,1.1656504726231718,86.4036481280296
2241,48.70257390989213,0,0,1.567888797014216,-0.8244604669060657,69.65988568661153
2242,26.683124834968776,1,1,-1.6627217229001143,0.5884588063913818,34.52721660047972
2243,53.16798988507966,1,1,1.8855768773191364,2.1344483675207337,79.98159879200185
2244,50.970367700751076,1,1,0.24196543393788725,-1.4464783194024213,79.58221574132149
2245,40.85768551053981,1,1,-0.28079345234092706,0.6305859731118895,59.40776844715631
2246,52.83985602804149,0,0,-0.5353670819055791,0.45544095834632975,64.419201025237
2247,36.95187141723766,0,0,1.2824673102206372,1.200943419481486,59.420235748875875
2248,46.93971975425822,0,0,-0.8114326005662543,0.4312751245906782,61.5499162849742
2249,46.136102221941094,0,1,1.5998325935065272,-1.8835952673439447,69.62683262544334
2250,56.12271247073909,0,1,0.5262374742906588,-0.07326582906488864,80.52777326533469
2251,40.5537292198198,0,1,-0.727309939790134,-0.7574443457193728,62.359699561274134
2252,53.087319816955144,0,1,0.09767726278250582,0.3535202692805545,61.076749412736156
2253,6.721744131550665,1,1,1.6231541198077344,0.22914704043092876,31.862794863069865
2254,64.88934757620076,1,1,-0.6864725637057809,-2.077734277792311,75.75741903171004
2255,51.602198531663845,1,1,0.02725310902679074,-0.4098097183786839,80.67356744939272
2256,57.09855095180939,1,1,0.4126356389377099,-2.0306251654371272,89.37649311529607
2257,45.3189236460723,0,1,-1.7544500447026532,0.0889626429569255,60.444960243201706
2258,62.19798189630764,0,0,0.2820635392639657,2.196468983000412,61.54178022401405
2259,48.51274459333711,0,1,-0.7956653174224181,-0.3357414774506353,66.11015716890569
2260,52.216233943954876,0,1,-1.8032875699564745,-0.251800902917324,57.077374551804034
2261,50.39207729832633,0,0,-0.26508288638608907,1.0631206037754626,65.29703523841735
2262,41.228328667279776,1,1,0.032454970766025666,-0.20066444930659721,56.616997919791835
2263,35.73751089238901,1,0,0.39081762764048417,0.44591323925071374,39.23637166348062
2264,57.34522423124633,1,1,0.41814274176818617,-0.1977524665336625,69.07734779337468
2265,58.84428185316704,1,1,-2.02727029310424,-0.3308999099548717,76.20076628834401
2266,48.72568782352001,1,1,-0.8666491530637661,-0.41817708957549166,62.70356757636408
2267,68.2501934753373,1,1,-0.21074798609568499,1.062973157981759,74.36930345012996
2268,51.62336063374444,1,1,1.3675306093741837,0.6994314770672933,71.03911074487816
2269,56.99652138993887,0,1,1.4864622644743501,0.830245312632998,74.08098165099749
2270,,0,1,0.7640385073278857,0.16870260809517054,83.6704875747945
2271,60.42907024730361,0,0,0.599146292750197,0.2528176971789666,69.5546352884827
2272,47.07871371486943,1,1,0.6135582968023248,-1.2122856716861754,55.87407151328431
2273,33.56587977906695,1,1,-0.9304370126810249,0.11337098164788986,25.70309265560358
2274,38.4466875752223,0,1,-0.9994388103408853,1.654892587395539,43.957075705545435
2275,34.14818302143477,1,0,-0.8440707384595402,-1.0781099258968676,29.26090999571095
2276,61.65935496494249,0,0,1.736386157789618,-1.5333223231368218,68.94536168866567
2277,0.0,0,0,0.38403894395819715,0.6513715742336038,16.644517521392252
2278,79.85966662910567,1,1,1.9338011539791904,0.06157468788797255,100.28884304303958
2279,36.58038432477315,1,1,0.9472394929351506,-0.04392110194312719,59.2991315798108
2280,65.98820978680209,0,0,-0.31489568630711795,-1.4706980902195164,85.45203450704474
2281,54.432304934065314,1,1,-0.9020364013002261,-0.8108146689270173,69.17360104135092
2282,57.969146531646246,0,0,-1.1571777625315673,0.36682749198275416,65.17413981779671
2283,30.542553454942805,1,1,0.816208247416049,-1.82598379290088,50.32911681706527
2284,65.42781383779747,0,1,1.360990098153499,0.8582958623422626,70.72984231469461
2285,48.59464153239809,1,1,-1.1046070352131763,-0.3373611359821032,60.7186853095031
2286,59.352866618655526,0,0,0.23207272066317253,-1.2668641131200014,88.52606012539627
2287,36.04402476310564,0,0,-2.0946731799793357,-0.02573416967122487,44.04826141621506
2288,49.550139760087966,0,0,1.8830094834583604,0.17187695395583008,74.18937070870044
2289,39.53878903562734,1,1,1.313841915951111,1.317037664701477,45.682555448987685
2290,54.78982744125975,1,1,-0.8262576372618028,0.004682222265652917,77.50742233710378
2291,60.34360813267932,1,1,1.4367813726736893,1.3215124564338634,65.76800387755296
2292,46.76705679045645,0,1,-2.027593809869522,0.4102841171601737,62.95862127951904
2293,56.7409277368023,1,1,0.6066950961807102,0.7223969073268879,64.45932497996894
2294,57.796093679548555,1,1,2.215472968184029,-0.36240124427407855,74.17353777646396
2295,49.19623734964794,1,1,-0.1159684817333867,-1.9250232017622682,60.7284469002927
2296,46.07025868939221,1,1,0.6257598926986915,0.06467764677083843,71.49257874452492
2297,21.288705934726067,0,0,-0.9938229332911177,1.7618526103198673,37.302295974700804
2298,65.93527150699073,0,1,-1.3892934575815312,-0.5890821034060812,69.2691893383872
2299,52.684247927605774,1,1,-0.10193012474458044,0.1607524810074109,53.39687760505436
2300,46.43782878049188,1,1,-2.1861526524177832,-0.5208746221804483,59.36494026372684
2301,53.285575044699215,0,1,0.4027389583780399,0.6825352066316935,68.23019373700811
2302,42.37062775171102,0,1,0.6332551768700897,0.6988918606706928,66.85332663126077
2303,45.50211625017783,0,0,-0.747467426409544,-1.2501959365817805,45.0472546211248
2304,57.566525163712114,1,1,-0.13123263939189,0.2798740970402387,70.39173502372057
2305,27.625038429068535,1,0,0.5718339374388894,-0.022266635380965214,25.984087099921155
2306,45.58172491494816,0,1,-0.5699667426398679,0.8260267091143552,63.80821465740222
2307,53.79203871722599,0,1,-2.523205513595607,1.5886319917706104,47.11811497010393
2308,26.884364661828364,0,1,0.2089436191761071,0.8122138840731952,50.04491187578722
2309,34.04411176627204,1,1,-0.2772825546165409,1.3603127775245316,29.504947703718262
2310,68.93098138117924,1,1,0.009944080726643809,0.10033508890839953,90.58712198951312
2311,82.8972735315958,1,1,0.39087531609735754,0.6975463903254713,100.83851084397595
2312,54.867262528864046,1,1,0.7993833164447889,-0.9791986992210742,64.3782539377043
2313,60.38383426558032,1,1,-0.12863300824918072,-1.1082894303328057,84.85139751148026
2314,37.646618205397175,1,1,0.1895590924120528,1.146716656414677,53.20340099047594
2315,70.61193511245183,0,0,-1.3321444326957776,-0.7877415451318501,62.809620858330966
2316,49.74091831663444,1,1,0.23256542258195123,-1.169396881350408,55.818868895367885
2317,51.97992490129127,1,1,0.22825354590540958,-2.1433685467971593,70.14783951855185
2318,56.65186047358568,0,1,1.5289649722232772,-0.23016602238791234,76.50919448143071
2319,42.15360220570965,1,1,0.016786551967762416,0.2872741478828042,61.66969226683799
2320,40.20402963688259,0,0,-0.9944152894251638,-0.9662294318473444,49.89534077413162
2321,50.207729271448784,1,1,0.22074763790992166,-1.2320332556255982,62.538234518866744
2322,34.835384869318275,0,0,-0.8770140134578601,-0.06618846912743769,53.8147893528552
2323,41.89718120407119,0,1,0.8260025434274901,0.6359229505254621,54.73660309439174
2324,12.097072744548193,0,0,-1.1259997334323428,0.11300364403736887,45.513361250451524
2325,35.47361913198877,0,0,0.7289980477903885,0.5870014467949244,40.018701874804776
2326,57.33257392513988,1,1,-1.0957959732545937,-0.6436039332200784,59.936356011295786
2327,66.89939335423594,1,1,0.34256961163155036,-0.7308836628346519,67.56487148070525
2328,59.44884094178875,1,1,-0.2940072130503638,0.6374113990210326,65.24499628714901
2329,37.944712485915545,1,1,0.7252077996552727,2.60998059389517,70.35003546051986
2330,51.521168743946234,1,1,-0.318653426408651,-0.5310887763484702,72.49430740001037
2331,36.25506969330043,0,0,1.6956066957704525,-0.48801324926786116,52.96304580710955
2332,34.453043436064874,1,0,0.2127470320195732,-0.17083757488167892,52.00124685206916
2333,64.99206889062293,1,1,2.016953216970783,0.13836205008939473,89.27959172340749
2334,44.74914039040169,0,0,-0.04880733639049465,1.8006711013604961,59.59811250127965
2335,45.459759704876014,0,0,-0.6921507586000782,-0.499093985940256,51.26414150666626
2336,53.116410683325846,0,1,-1.5560009703774274,-0.12233721093532476,71.7683956205604
2337,64.1931368056339,0,1,-0.31021986365411536,0.8566451697109684,65.93832341844976
2338,52.25747643209775,1,1,1.4552304303221242,-1.0485326693142525,70.26765655706991
2339,46.86297100834228,0,0,1.1596142889774472,1.2959679636768444,56.822516778003106
2340,55.52824458448936,1,1,-0.09182517596589444,0.3299807184406186,52.94877968544769
2341,,1,1,-0.4307383742895443,0.048126645709264476,63.48304356317363
2342,46.07387466926141,0,1,-0.8538825692223949,-0.9461707230637563,64.52172965456926
2343,17.944447218199223,1,0,-2.195334039642216,0.25389402621235335,16.31235847367862
2344,37.84837419540629,0,1,-0.1443566317839065,-0.5176682718101219,56.653338939728805
2345,48.97442754609684,1,1,0.022503858055653494,-0.6635957388870956,67.70028624058006
2346,35.83130319773001,1,0,-2.6999028245153665,-1.158488508738876,52.95980410332692
2347,78.5727928698389,0,1,-0.0875220356836127,0.6534727990718913,104.14295307814824
2348,85.2209653732968,0,1,0.9183416766511656,0.6070513567330311,110.07778621538768
2349,76.61971055595932,0,0,-0.3679824295963963,0.02695707503994668,87.53391468406396
2350,38.103557973750284,1,1,-0.9467080829203643,-0.24197402543530636,66.18412357354858
2351,58.819199642324975,1,1,-1.3483190926214905,0.336160150171262,79.84487905637658
2352,57.784119695246645,1,1,0.524757397885726,-0.009772919231873123,85.01305646203683
2353,56.88615923620647,1,1,-1.5310491972980897,-0.4816817701542578,75.08359147210464
2354,28.15578198045074,1,1,-0.2105513952327624,1.4194636962540124,41.09652097195636
2355,65.54343343825127,0,0,0.8871996400223373,0.47089096832711813,65.49683845656405
2356,76.99741997970101,1,1,0.5806781832364429,0.508535702689382,80.04661820310679
2357,64.0209047002866,1,1,-0.612189170930639,0.6355651619161855,76.9247930811324
2358,83.40490690141806,1,1,2.0676957262762388,0.8926495339390468,101.66921108267826
2359,47.62815472560678,0,0,0.9521378046796645,1.216337870316519,52.80090245776465
2360,62.34443025227462,0,0,-0.3773032700728631,0.9949597117145413,81.35018690417617
2361,71.37561028802551,0,0,1.1607152154672895,-2.4326883365043472,84.35961589268874
2362,38.558571750484006,0,1,-0.44793634896066536,-0.5819445887868827,62.39199614794863
2363,50.4806037314099,1,1,-0.1565670261131116,-0.09811910287814214,69.70713038787036
2364,41.23230275430743,0,0,-0.3601308357356567,0.7364903692503662,43.438211984112144
2365,65.408150956568,1,1,0.06367137394480114,-0.9907178713927973,77.12118675404656
2366,35.61527705758916,1,1,-0.2604262112307551,1.49945159217399,50.72474348790043
2367,57.01311859455434,1,1,0.07463255825320016,1.0741075451540598,59.6251347288015
2368,44.57986388924054,1,1,-0.5831764880761534,-1.4557350325108758,67.97885194610792
2369,65.717601504149,0,0,-1.5802113090955197,0.7981904371371873,60.51577689673533
2370,44.83548277674329,0,0,1.6537481337564215,0.48236538937382323,66.62622036827968
2371,50.15473923164018,0,1,1.0578902858652257,-1.0816201341797071,63.18287768908973
2372,56.209235023512846,0,1,-0.6800964633498763,0.5961010423968204,56.30369927868949
2373,41.30257660705276,0,0,0.841739232909823,-0.7632450907485091,49.30110515782457
2374,46.0055583850503,1,0,-1.7909200981424336,1.4250910323966157,47.20240818707664
2375,48.82131118779065,1,1,-0.6824930961027496,-2.25155456262665,70.46881688195646
2376,44.94341024297602,1,1,-0.38603605036936917,0.8105028430373531,64.70746370148142
2377,56.14288888976378,1,1,2.2393790882544016,0.5067641142864412,77.2049310156057
2378,40.90065501205887,0,1,0.7981628395873438,-1.6074290433828493,61.90581509936431
2379,53.351626746245756,1,1,-1.5698333554052066,2.4530895329621263,60.60770815326838
2380,47.41566833526774,1,1,1.2078021893665551,-0.39413316825590966,63.16862391808768
2381,42.34798778534295,0,0,-0.2936914911586897,-1.8911249555977767,55.57603444311735
2382,35.24379673648439,1,1,-1.1609215343311619,1.733386240138723,42.06427393118062
2383,23.56550713813582,0,1,-0.31022704832209,-0.5122122096956625,37.82520987143488
2384,40.77796302389473,1,1,0.1232375513743862,1.1211599721278565,57.24456598744909
2385,59.0916141698702,0,0,-0.02564331874853122,0.7715761288390288,64.99268197724773
2386,45.772874498494446,1,1,0.47082019010366877,1.558052187833439,59.967525844827506
2387,72.88959280169564,1,1,-1.3165810346928195,-0.8562206741439146,79.30368742707077
2388,36.09207214029311,0,0,-1.4121361113980118,1.064537578262353,40.43467729608053
2389,44.71588352387833,1,1,-1.51161919601789,1.1317030458690454,50.43518336654891
2390,26.877086807555486,1,1,0.03180401467570483,0.08620067144587211,52.694934223898045
2391,66.89285617680153,0,1,-1.500885496803046,0.7483086955612076,74.06950166062313
2392,30.20842468133604,0,0,-2.7160103778935594,0.2979383264233743,46.15285436533145
2393,56.506343438070566,0,1,-1.72038625971703,-1.6921841508452091,68.02633340575376
2394,54.189356700246705,0,0,0.05571817851279929,0.13345174056461284,54.99662766949369
2395,88.28353985095313,1,1,1.3873976523625584,0.8623356213185058,116.99113978152036
2396,69.59806616959655,1,1,-0.46281710725446185,-0.8672453221037734,91.76157450656673
2397,61.61673802022034,0,0,0.04629076366730428,-0.28725315901217335,75.166216459224
2398,52.110785546434265,1,1,-3.1162814663632123,-1.4706686390749493,67.02158591925559
2399,77.78134650126854,1,1,-0.9826186898857187,1.3876164918548306,102.10859041895793
2400,44.81359735755571,0,0,-0.05037242274699598,0.35180177957191583,41.032247812538195
2401,31.943324904990423,1,1,-2.1302750671011967,-0.4863019173707818,36.63039712055373
2402,63.16530583505264,0,1,-1.2835805018450823,-0.30830199846567113,69.87604390062327
2403,49.336545497516234,1,1,-1.5847707582097756,0.3565817791429142,57.25926454145431
2404,39.92960513306098,1,1,-1.0427964400809515,0.22643318043725272,60.71275566908294
2405,55.316914471808296,1,1,-0.5448059333053775,1.5639021032201497,67.70042280439311
2406,57.80075976805975,0,1,0.777920144319864,-0.005224925880223378,75.58906166952872
2407,27.41906837847438,0,1,0.6889644188993614,-0.266957951433346,61.04947827216988
2408,64.65197020942819,1,1,0.039787343738325334,0.14289587368717244,60.99281622923153
2409,79.70440123975092,0,0,1.0700914877194108,-0.3141832087837169,69.12112721479356
2410,44.58305393525877,0,0,0.8550854837929108,0.6438532761939596,65.97773047319109
2411,28.16890096205076,1,1,-0.37048699585818584,0.850323537527558,30.412769964876674
2412,54.26202089832947,1,1,0.8823718459998051,-2.399818430593048,70.37886375326325
2413,48.591210466141696,1,1,-0.8714134836852653,1.4291344034710434,51.3143822818992
2414,61.92599159239984,1,1,-0.6722355670908619,1.6456060170046944,80.56645448019083
2415,64.08796122743198,0,0,-0.644522886680485,0.5512339832787169,78.37341426380006
2416,48.64102969956284,0,0,1.331859028223998,-0.07639427437721821,67.41036343427047
2417,72.9890863387585,0,1,1.6684036081175408,0.36036613994098965,92.95111254991346
2418,21.97181810075659,1,1,-0.204227421143632,0.6183878639234527,28.769675425169833
2419,40.071395995023494,0,1,-0.7559637054189423,-0.6272041190619854,52.439285021594046
2420,53.203168582437385,1,1,1.6301633179626998,-2.30176583232653,73.2032458290676
2421,56.38182852617814,0,1,-1.3599754243630349,-0.4752469978515459,79.25240474251216
2422,49.14802003017658,0,0,1.0196317847630527,0.7437404366617961,66.74064370559981
2423,57.24355426170227,1,1,1.009936517209038,-0.6606365574521244,79.99302206163311
2424,31.381909010719454,0,0,-0.9359313776180813,0.6279721451327378,37.154384193902416
2425,16.343178956694523,1,1,0.7374682238888413,0.33096192635979166,27.93632027681557
2426,62.8504151343304,1,1,-0.9768359866222439,-0.15397663423208854,72.33301018875441
2427,70.48645157119452,0,0,0.15888842041179727,0.657914685604632,78.00813383668465
2428,50.73977366088376,1,1,-0.5316708988767777,0.30718160707767656,71.98670981899008
2429,33.42438467810783,1,1,0.24945595821614222,0.5703994801635295,55.29283671336187
2430,40.33824005658393,1,1,-0.5163000230113984,-1.629980252746348,53.35036894049892
2431,59.76945029173694,1,1,-1.003626584648262,1.5543801608804944,73.55190565050567
2432,53.97903813396614,0,0,0.08553727783392791,-0.43771483549334034,49.77453557901138
2433,70.3915465483685,1,1,0.502185400877403,-2.4381877996262205,87.84765922946549
2434,75.38138318766471,0,0,0.26352304780668473,0.9679544921505664,95.23798199788527
2435,69.26675325950512,1,1,-1.1763966854092482,-0.555348780906555,86.80294533626167
2436,47.53620785053534,0,0,1.4540193464553817,-0.9320126047534179,58.869113017800345
2437,66.51070515682176,0,1,-0.49531230055395287,0.8350995202736325,70.22495354294018
2438,58.46639231098722,0,1,0.4139789811643975,-0.9083091166370656,87.43622446722898
2439,54.07162993349301,1,1,-1.5095909924424236,-0.4410845356660567,80.65414129610133
2440,53.570082184768886,1,1,0.02922930396164686,-2.354218349118934,63.64164116522463
2441,49.534366504456,1,1,-0.7845267687523062,0.2665374759580236,67.66712286599967
2442,35.71290511601583,1,1,-0.2642913328451213,0.47604668151893814,59.85264933419221
2443,56.24196918099017,0,1,0.7711001699797038,-1.0966126383488741,69.06632191785134
2444,39.268096727852395,1,1,-0.3271161066056147,1.004000961951023,71.29683822145523
2445,49.93342757160799,1,1,-0.2436488282375853,-0.4605207664950606,71.11264383217735
2446,62.49241632149158,1,1,0.7697823674591332,-1.592508380394006,87.44225435836434
2447,62.15050556018356,1,1,0.6542933963111991,-1.2999213468389024,77.78539504335947
2448,23.054284966225733,1,1,-0.7209075850679708,0.11990046965419894,33.20207585203925
2449,40.40345234188945,0,0,-0.4801382081675985,-0.21475638270318242,38.82559130110921
2450,34.151549530730854,1,1,-0.30949242492477136,-0.7296620053033841,63.37592410910948
2451,54.44811096770589,0,0,-0.7779230850277902,1.434673370865893,72.20135109885548
2452,39.355487072847694,0,1,-0.5071263377858565,-0.0647497665440434,52.386183056082146
2453,64.22349722432583,0,0,0.6691167179687376,0.4179303566413088,62.307443690699095
2454,43.513634046701746,0,0,-0.8301468915350463,0.04859363275697846,62.8738889799998
2455,57.12030363185474,1,1,0.3236363598706048,-1.250617926598404,75.71035713657014
2456,35.70725126807844,0,1,-0.8429864351972127,0.354258040414641,37.366476192024884
2457,39.14899022031553,0,1,-1.8412413280846225,0.543992944528709,47.82680267457718
2458,45.96785650995859,0,1,0.014578238946100015,0.5870917201532961,63.99744471434762
2459,56.53277663826732,0,1,0.27928965120019644,0.9798504672930971,60.09702394611867
2460,19.424494911863995,0,0,0.39460537507428123,1.8018597212667053,46.68563696292112
2461,51.11051231514028,1,1,0.27278092951722227,2.2896475337835636,46.69539534991804
2462,28.336206688797507,0,1,0.20431399560154734,1.7507067273400136,44.83274722515364
2463,52.398818137126675,0,0,-1.8427318031069713,0.0816392315412826,48.21011480050598
2464,23.161003965460026,0,1,-0.19553669966037687,-1.5712875743661343,54.97639683089756
2465,,1,1,0.7851943966067132,-0.11989686649059537,68.53435934202092
2466,67.46602407901594,0,1,0.6651443585288377,2.2041783697311943,86.57458793054414
2467,71.1812998133891,0,1,-0.48408614562059227,-0.3061960198383016,103.1500099035585
2468,34.54609077274854,1,1,0.18360790995102216,-0.519570335665037,51.80964387231819
2469,74.74808652290619,1,1,0.6163252507365191,-0.9455865755718523,99.72051866919828
2470,43.15311934978693,0,1,-0.1840879480193428,1.2349181806680618,52.58970261663079
2471,49.96064425269713,0,1,0.195494521517784,-0.4237215872658668,79.83553205928992
2472,56.92720423016685,1,1,0.7876717983483298,0.42887668455617894,81.7652138747691
2473,50.94207665309786,1,1,0.3719999195704189,1.6112695392618555,60.414160101070365
2474,54.624019961554914,0,1,-0.37605935383895217,0.7232844174889257,63.814380838869305
2475,52.11089602846934,1,1,-1.5351347993581086,0.6673322788251189,64.62547101377818
2476,62.090892923940736,1,1,-0.6926277958260032,-0.12282062196905767,68.6784563756824
2477,52.47907461933362,1,1,1.2717437680414136,1.1837698710943307,63.92540992889056
2478,42.69805522354382,1,0,0.16190160231587863,-0.5319857550933933,32.919113756109425
2479,34.207496484172545,0,0,1.3409282337882293,-0.9110257505599293,54.6685243676723
2480,33.591551229467036,0,0,-0.16671840352732992,-0.08096789095718757,49.06366449682298
2481,47.76885662744911,0,1,1.6927084625818054,1.068055705947081,57.26381058636136
2482,59.55063731365716,1,1,-0.9671788138990747,1.122585585215867,56.095853362803204
2483,53.661256020319875,1,1,-2.0306603809380093,0.011423557048381985,50.14289333937293
2484,44.385180449547015,1,1,0.5594179335519803,0.31576077364172156,56.30383245075685
2485,55.26156413517399,1,1,-0.2294597073909391,0.2801398330104728,66.66158693187481
2486,40.47320012346023,1,1,0.5863131124929359,-0.06920819793925777,55.42340979271831
2487,50.604250538573446,1,0,2.3262641897275236,0.1422856069121609,73.16954798000704
2488,55.57684554937578,0,0,0.23985205586919967,-1.788364723778195,69.24167625974053
2489,43.292430123390936,1,1,0.6924425932327343,2.057253652892046,65.53055071466237
2490,68.5588155916193,1,1,-2.3226137077524065,-0.6936338517875659,94.57401480662227
2491,65.39310440322402,1,1,0.17602642595163748,-0.9813706532210058,85.559338400389
2492,44.51927786359373,1,1,-0.6595894123131081,-0.6411904726839248,58.83789496925378
2493,58.056222768436776,0,1,-0.12207883149337166,0.7180748761777863,71.038078752808
2494,51.70471328274385,1,1,1.1759078746853233,-0.2054794636878014,81.46786904796087
2495,53.697700136363814,1,1,1.0523064617547648,-0.25866456860294423,70.94097431948786
2496,53.66818461356494,1,1,-1.201953109231385,0.8080642404960079,63.453176495336606
2497,68.41797760971872,1,1,0.07632736167387509,0.2919621463464544,88.93700238599078
2498,53.902949032217464,0,0,1.4885449345758701,-0.24312315912518073,65.54207658753359
2499,53.62542180735925,1,1,1.155934141923692,0.39115341909734896,72.63020368707203
2500,63.0591209523933,0,1,2.657216288860356,0.5982147107256494,92.26031479378078
2501,62.584122207043464,1,1,-1.1624103842045599,0.040639667978762756,71.5314712283232
2502,74.80281688924042,1,1,0.46124841696885194,0.13253240796286375,77.6929363782031
2503,37.59750794590899,1,1,-1.3210365018257348,-0.5976298806291429,49.37523508002612
2504,59.51462822924835,0,1,1.7450510288326173,-0.4060920754836994,89.99906728698355
2505,22.74213644653864,1,1,0.9868803526823601,-0.286935317630213,46.64660338748736
2506,50.24647527731153,1,1,1.6531268277713584,-1.2095228111974383,63.87184423061974
2507,30.952918726307146,0,0,-0.01184915703695975,1.3843543750566951,34.64462270783976
2508,30.49977750924843,0,0,1.522726340906632,1.0913146742738538,49.55182211914184
2509,48.05793014618723,1,1,-1.854264386712052,0.28363770472222427,39.67926503347131
2510,34.11047066269262,0,0,0.4662266631399154,-0.5503378513504449,47.0245007780836
2511,45.5693065073984,0,1,-0.9300989950427887,0.5635160405510113,58.84930499325094
2512,9.921448422393894,1,0,-0.47109931324365784,-1.180681950463111,35.07806631191943
2513,69.98978721667869,1,1,-0.9447432678700916,-0.20158671146249746,67.22459290022495
2514,10.506596610476521,0,0,0.28662741840626804,0.30459218415721745,24.50235497457577
2515,39.98733862058927,0,0,-0.1199503400648069,-0.06657421898793861,56.98757013857252
2516,74.70905368360022,0,1,-1.0095988977967891,-0.19882859656145882,94.77531076957627
2517,29.74847498540441,1,1,-0.5882830507356195,1.6231413923072857,46.150959315487285
2518,74.86055005450312,1,1,1.553869004597209,0.3981320788266743,88.82618890318217
2519,66.11104635639268,1,1,-0.16357415810626225,0.5561200193353767,66.32892602502324
2520,48.71511212185989,1,1,0.9499030511551132,-0.505808099500487,66.08138445682535
2521,44.60086389567181,1,1,-1.2265547268033885,0.5531999420247263,60.62701037279847
2522,45.737428223696384,0,0,0.5321350600419255,0.5508334889769362,62.28220288503991
2523,54.03976043470618,0,1,2.1639458575926405,-1.5780333943070692,74.02462949927295
2524,64.33856255561658,1,1,-0.5302110451588504,0.28319900797659153,73.1184458132667
2525,69.50092384002016,1,1,1.5192726636835472,0.4388009290931357,84.60202150156786
2526,19.008815716635347,0,0,-1.1161306441486814,0.28196539139132976,23.684903476859162
2527,62.86010880532646,1,1,-0.5493622470524258,1.3052640472498163,57.10251093975939
2528,59.16174213645761,0,0,-0.4560864484074534,-1.1256461175618901,64.28525865434838
2529,32.003752409734545,1,1,1.256243419048385,-0.9469921458887102,50.21434576949157
2530,63.222321815342,0,0,-0.518656386167442,0.4197326720938816,65.72760007952574
2531,63.773589129692745,1,1,0.28020629351322923,0.9747649044344247,68.53636941527688
2532,63.54730497419263,1,1,0.2860613572537911,-0.29468595268256026,83.8789257179732
2533,49.123655533544536,0,1,0.8250306022996452,1.4290740524916914,69.23195615698232
2534,61.73561243594043,0,1,0.7015526886113809,0.5725998184920634,71.92750830363346
2535,68.00277949272423,0,1,0.7440950442383608,0.7370831184127347,86.2344684631343
2536,40.45730225552994,1,0,-0.6963513187023903,0.5665773749231057,45.965596611174945
2537,42.77004236389742,1,1,0.5773135826942385,-0.8517390449235724,50.39647451151566
2538,41.468596419365326,0,0,-0.8141161055364116,-0.8745826000094569,47.758413762637595
2539,67.48574358035017,0,1,1.1123529750286718,0.7637865205875245,89.94800285727717
2540,50.417304797524615,1,1,2.3100350697821095,0.3412001378428631,74.96827637014565
2541,39.34352956734499,0,1,0.868684361677204,0.5557474388009764,45.41295731631827
2542,34.950225994894964,1,1,-0.6404116740685777,2.02713159800439,54.95124845239227
2543,31.279122887728622,1,0,0.38539481663744557,0.47797960182873195,45.654866900825525
2544,53.34581423706601,1,1,1.7288856338213103,-0.10491677164040202,84.30263122542696
2545,62.42717620739114,0,0,-0.35008806488914185,1.1126862013891783,65.29289584121986
2546,68.76428206045543,1,1,-0.2041239163210443,0.21247809249363,75.9991477380293
2547,35.29608130195318,1,1,-1.8933372264087778,0.612889778082716,36.99446566092346
2548,35.73832518311538,1,1,0.391885985499195,-1.0076829801014588,51.46619817751742
2549,35.92165017461077,0,0,0.4430434002367924,0.9391922975966503,51.7489450595452
2550,37.21684820679654,0,1,0.7949419534073059,0.4463889236812021,56.02796861485912
2551,27.61028538340277,1,1,0.325563177688906,0.024744446637754262,45.36750181226672
2552,72.33712884059496,1,1,-0.5739547741633005,-1.2683406616666262,75.4304759245021
2553,56.56001435700967,1,1,-0.3238857908839653,0.4328582829183063,72.83214150218522
2554,42.17577862146946,0,0,1.1215074824965665,1.9830278728557469,47.33397898967758
2555,11.9447873437676,0,0,-0.9675177742592708,0.8991475787993033,21.72842138147019
2556,69.59674319963615,0,1,0.8709563132303602,-0.5171323724549809,94.83955690639083
2557,60.88167237692845,1,1,1.1934848753994773,1.1404340503942627,65.46353792673588
2558,51.28079215473206,0,0,-0.24408946279800406,-0.3896308356566002,67.58887179668322
2559,59.946055677689195,0,1,-0.8117022913981866,-0.6106941423856171,71.22062875443433
2560,39.33009464005868,0,0,1.2436951178679516,-1.10896734227821,60.03410158058699
2561,58.882103058647175,0,0,-0.8345035111231741,-0.042656218597455046,67.72694171946601
2562,41.32003317151758,0,0,0.4332712644924445,-0.1275759797539763,52.82418807757108
2563,56.093709659042204,1,1,0.1340019098108173,0.5690173533771137,70.86629535781721
2564,47.10666256643819,1,1,2.1111206230591595,-0.7514771597608789,78.87107331935762
2565,30.042755647832212,0,1,-1.4219677059995595,-1.2262934885292172,58.923224795757
2566,33.50695225714748,1,0,0.34385122891537645,-1.2496195755039332,51.56253313523276
2567,65.21169323768228,1,1,-0.0033722633496389757,-0.21442713291716584,78.07472902432936
2568,64.02725218814146,1,1,-1.6967207821068633,-0.33189992950506725,75.66481388941926
2569,46.60613025325219,0,0,1.0305280044231244,-0.9411572753069826,52.83455937250568
2570,38.91614298142421,0,1,0.7584152468789848,1.2149109461710903,78.92905627378262
2571,42.59076713051048,1,1,1.3706743858528962,0.852222978900821,69.20083390479063
2572,54.87271718747654,1,1,0.1592456492695736,0.17947120331008243,67.21933258288324
2573,28.96834993339005,0,1,-0.19785307569377622,0.3322351108878316,49.52084510054293
2574,63.49347562428938,0,0,-2.7488269269648113,-1.0415973730840289,70.54878790928043
2575,37.21651099258784,1,0,-0.20940187193723103,-0.07336635488671642,49.310380566464
2576,32.61681586397753,1,0,0.8139193893451601,1.4897545764282532,56.08993372421214
2577,48.7888865996218,0,0,0.5383821712527795,0.5324379774004189,49.39878531704193
2578,77.46867325037151,1,1,0.9178776523694949,-0.6711020939631434,93.49264200303486
2579,38.90219152881237,0,1,0.8043528931748665,0.650508800394036,50.91904465511744
2580,43.67120500581463,0,1,0.07362484762829528,0.84415563699001,56.37459027557452
2581,32.04872747915144,0,0,0.9257495638603708,1.148267850143973,41.76430949695951
2582,52.945046980096606,1,1,1.2125438895883076,-1.4306657979722661,72.7151967580798
2583,53.28160861096427,0,0,1.7883512720028518,-0.4048143522879454,65.38216383012652
2584,49.08374242180169,0,0,1.1556673947740272,-1.4310785260193557,70.36017227770566
2585,43.49514164497895,1,1,-1.284298407505202,0.9920727359660576,48.670256044720716
2586,54.66747529986095,0,0,-0.1071669536815239,1.5974201440169937,48.33622622009747
2587,61.066628550299924,1,1,-0.4368934282203706,1.0293720135550588,58.39428016193656
2588,42.597814499718396,1,1,-0.18640208439545541,0.2990175789656022,63.60252089361438
2589,45.513674990727424,0,0,-0.18134752821040426,0.21835130471217185,61.16421442257236
2590,39.69234983722985,0,0,-0.43194433616018,0.23607614511128033,52.84190446075651
2591,40.8907180768171,0,1,0.4579634365999314,0.28255092939260906,59.51041531153419
2592,66.7649247256449,1,1,-0.7321520139087009,-0.10476377632838582,72.83276410933817
2593,34.23954910241901,0,0,0.9046237577355276,1.143909822235885,50.31077786229392
2594,51.63507505698184,0,0,-0.37622570227856644,1.6666085236630241,57.72420066986752
2595,64.30289240863115,0,0,0.5984915393623567,0.6786251150902067,69.7169717353338
2596,41.49564769241615,0,1,1.7246321231777666,-0.45419014674503555,68.90228793903043
2597,57.46979224000299,0,1,-0.6182004632599247,-0.20966937730020116,59.80445077380361
2598,59.805903081162114,0,0,-0.7257846436360794,-2.614116325824742,67.91334131147893
2599,27.395136291476902,1,1,0.4131839478808826,1.0810008388215677,45.17196492767286
2600,63.247161845078544,1,1,-0.5916987885436652,0.8812464929007654,71.08461743082651
2601,33.88375561217961,1,1,1.2419789095000793,-0.8865308742344219,58.70830417269177
2602,50.63947255966689,1,1,-0.6401644355115141,-0.686607973529686,67.08861677792167
2603,26.21356110319789,1,1,-1.2300944524301254,-0.23992540745948981,41.64412635102424
2604,24.843993218578888,0,1,-1.715357058742397,0.4284156298892752,33.77910770575494
2605,45.03213286131627,0,1,0.5050442480222931,0.363627648389796,51.34063530274058
2606,72.64348645338112,1,1,0.02532017327123049,1.235146699818402,82.11661041656157
2607,86.65938519510681,1,1,0.49761810672836115,1.5373185723827711,105.37426778976926
2608,89.51714941540035,1,1,-0.5456374687359863,-1.52121074042007,94.29965069824422
2609,69.10699588707317,1,1,1.0944087836901786,0.9163473545766452,88.96372953352169
2610,,0,1,0.5327828911935685,0.36714847923732846,94.5185190516655
2611,60.540964196788174,1,1,0.4804919977485101,1.3579873625930428,64.78813418465751
2612,59.13170230077459,0,1,-0.3679617391119868,-1.2596123813320412,71.64475051387467
2613,43.94159288930541,0,0,0.8680396683715691,-1.30741583265975,58.0109846738613
2614,42.60770426905265,1,1,0.9810174860831147,0.04733602428955808,59.59498700304842
2615,55.65739833635766,0,0,0.030857645001237277,0.7246375177301527,62.494284745457605
2616,56.32930684930944,1,1,-0.41371410959197885,-0.3454075307672653,69.69694448558823
2617,40.23191902480636,0,1,-1.4472064870078751,0.11550581114470608,48.396164747986134
2618,31.75455343256783,0,1,0.13510457989720018,-2.3373603009846446,60.33905839207196
2619,38.55061660317852,0,0,0.35762194068273206,0.40866678631940795,51.543676878944396
2620,99.09365468886995,0,1,-2.100159728183162,1.8613290850838744,110.25655335710434
2621,39.01718955923196,1,1,0.9628671335422878,0.36743499644726035,55.92219120227325
2622,70.9526615275075,1,1,0.01710593746519205,-1.2275232072154216,77.98351055586873
2623,67.63591876946256,1,1,0.43521184637627197,1.0269454075637707,64.24051653557257
2624,65.51307596442533,0,0,-0.056580215787736435,-0.5835563327658881,82.02806720061653
2625,40.431775822609865,0,0,0.31416499262276937,-1.1430230625465216,55.84193742875102
2626,79.57726690632543,0,1,-0.9781015794281982,1.7775369024448298,89.62215347935454
2627,53.93204706899155,1,1,0.5292739561766707,-0.43456872157813803,73.21745859207815
2628,40.661475043345426,1,1,1.3921562920432113,1.4594266328719945,60.410750575836346
2629,38.916008136545436,0,0,0.018972193210811082,0.5890777214313047,58.81620728694309
2630,47.45995089859027,0,1,0.9779782197742536,0.8305111394009652,57.55253806930145
2631,81.06208672032622,1,1,1.0067816837046215,-0.3376859077273816,94.27180258948539
2632,30.293575446767452,0,0,-0.03024954451404748,2.335620670932477,42.497520134827894
2633,39.49576717346292,0,0,0.475327765964629,1.867080167797211,36.078369888616336
2634,49.69536254488809,1,1,0.9507841968120164,-0.9701024671434371,69.9407864457605
2635,56.82929022035075,0,1,1.3076082475213113,-0.8278540909468705,85.56881741842702
2636,33.623542848238365,0,0,0.0629516510247477,-0.253833251006933,39.114994877930826
2637,34.66403460517577,1,1,0.0417602859309201,-0.339847567895891,58.30317330133883
2638,41.15833909080142,1,1,0.5392575372502963,-1.418139659632206,65.02351426800178
2639,59.38556089101273,0,1,1.2231507360204419,-0.05973742493086425,80.64509696764645
2640,46.86322498346304,0,0,-1.228352525437284,-0.333964623113647,58.74622742270481
2641,45.980128532359736,1,1,-0.16824668477897775,1.2215764950986823,71.5602343460378
2642,52.29275054441,1,1,-0.38542896051712844,-0.5520454647243906,70.27382970818032
2643,51.00550969401174,1,1,-0.28476548626993303,0.8434811282727307,51.516674220317604
2644,63.43145438107071,1,1,-0.0791505246676279,-0.25050865566633485,81.64223173391123
2645,38.46068217712309,1,1,2.878550440818663,0.37495644914680476,71.8686255956369
2646,49.39107080047435,0,0,1.461219480448007,1.3854017885281842,59.34798801550794
2647,39.74510989682918,1,1,-0.19875294846599764,-0.8318127355777813,52.552011273987624
2648,60.16970000291925,0,1,-0.9231060580346324,-2.2004603992180756,80.29166259263766
2649,61.65698890429593,1,1,-0.013384596080675933,-0.9457483454603275,76.03825772806904
2650,45.76159648527204,0,0,1.24096065129318,0.551713854253279,50.87585702146278
2651,66.99972244106003,1,1,0.1286610238340131,2.522817610260013,81.09246433297906
2652,46.57407276215515,1,1,2.8026037949562927,1.9836366335159545,80.69746374019984
2653,70.25528437468982,1,1,-0.2110480089864905,-0.2956089438513789,85.93338069183318
2654,43.69201542580376,1,1,0.14552561204249578,-0.6364396401596042,64.01468438971635
2655,42.898884169538576,0,0,-0.5822535848606843,0.7377808113067494,55.31376762951095
2656,27.311766093478774,0,0,-0.20284401790081583,0.43727235647775,42.11270785626591
2657,34.35340040623928,0,1,-0.30192113587441377,-0.6696077074088724,49.28481822593589
2658,43.66955519418222,0,0,-0.2393735206749174,0.06453401744390218,40.84511889388452
2659,17.87029076728532,1,1,-0.750544889944457,-0.5477735968108213,27.92032947832191
2660,49.06570114462054,1,0,0.11602012940971561,0.16054003396240324,62.61229819179185
2661,62.10936566121857,0,1,1.5550940524775596,2.515287339642437,68.0273260712723
2662,57.4089290182549,1,1,0.2849771464033885,-1.514564070666762,76.57831524679973
2663,52.28566007283436,0,1,0.7474026681866028,-0.30517299123544833,69.81319515495855
2664,59.38887602003213,1,1,-0.42779607566071,-1.4555331090960713,70.76565589351434
2665,40.925058158653776,1,1,0.24771053931730516,-0.17315494917994628,58.049330786526276
2666,42.256923122026855,1,1,2.082368446215895,0.09585005915245398,65.53321071696188
2667,61.83393978811846,0,1,0.23117921977327469,0.06393732386782067,71.68155500791488
2668,47.347034730694524,0,0,0.18233438789908216,-0.8893593209657599,49.492979144447794
2669,64.15455547182319,0,1,0.043640300375404784,0.05806611413092427,77.33762601828225
2670,42.28062466552429,0,0,1.8159846877942682,1.4958660009697153,79.32751501432722
2671,59.52601753205421,0,1,0.08293745200187855,-0.34565614155355406,75.44449381796092
2672,67.91808965340152,0,1,-0.6958477658255006,1.8800887676846085,77.27088964546303
2673,48.16097370090954,1,1,-0.4547079719479352,-0.6535171859137048,56.748770948150636
2674,74.76049252425418,1,1,-0.9184409167021425,-0.9173299877263975,92.203012542956
2675,72.7304333193542,1,1,0.15080677885466945,0.13647364884603153,84.08670715677398
2676,13.32482879453621,1,1,0.3154030295124496,-1.7121359703400305,21.41270883550761
2677,89.03459280920538,0,1,0.5079617230917959,-0.07736755322810132,110.58995421102036
2678,25.363818803895988,0,1,-0.11693218308573913,-0.5444450332085938,42.92451791965913
2679,86.23580765315177,0,0,1.3290192845623636,-0.8259844639548684,93.65172378169311
2680,36.11724294438396,1,0,-1.9290220914742338,-0.20744561367633002,41.229341521848035
2681,17.884438709172855,1,1,-1.4990498361228064,-0.6775154729269606,45.66078409363756
2682,29.20042690983819,1,1,0.9187886979199307,-1.8673649296177386,48.231724363685885
2683,56.31443328330069,1,1,-0.4144882337373897,-0.3290294469170103,73.69966088720489
2684,34.22274637473447,1,1,1.1387877964053852,-0.7677759010492732,59.18770971779892
2685,40.90168808297483,1,1,-0.40353702476050646,0.8517525441228756,48.27871740542183
2686,67.51177427865096,0,1,0.22219032754300827,0.5991247280979113,90.89490989721642
2687,34.30393442437247,0,0,-0.740283714171699,-0.5316915530703342,54.36552190042626
2688,56.76994457661646,0,1,0.9294962635199588,0.3677130171120215,71.42817672356529
2689,68.42001793020751,0,1,-1.4107085589670467,0.07213629212431866,96.32279449923676
2690,21.654647233014238,0,0,-1.2234513321289873,0.5760484880178008,27.18147309714017
2691,31.829905045710433,0,1,1.696126806766069,2.2481121299300457,41.860678881224736
2692,52.64522829236314,0,0,1.6909720594115123,-1.9317879476738984,63.76029492837136
2693,49.317974499888535,1,1,-0.5836588951225955,-0.42775095026399823,68.71058982843957
2694,,1,1,-1.142212674805304,-0.7027160769050129,64.563657548781
2695,19.39412838244494,1,1,0.13303498682944725,-0.28099012295944337,39.16219910982981
2696,36.76350065091442,1,1,-1.410871649886456,0.49976067918545886,47.407894735317484
2697,55.38452065412831,1,1,0.18288606300045648,2.1113945143662014,69.81868862354187
2698,58.31717978216572,1,1,-1.1240254809796852,0.43917013400523397,83.3195185594765
2699,68.52674187463,0,1,1.5339918267792068,-1.7661298263492116,91.08487894732264
2700,43.762858749050274,1,1,-2.324866692635977,-1.10890593572009,48.27227829950122
2701,38.659250027820235,0,1,0.6490568092192057,2.1718771021088976,59.45018176281976
2702,34.899107721203976,1,1,-0.906271646117421,-1.1594399832963722,63.864586720831326
2703,35.60449217330873,0,1,0.004979224663593863,-0.6482251890115899,63.74857481204453
2704,18.814370251233616,0,0,-0.9451817049883464,-0.9692772468290746,32.762897259042134
2705,74.84787232658209,0,1,0.5633812691454911,0.24736391487993734,95.51501045794659
2706,42.74062247228417,1,1,2.160729360773033,0.7098855523124381,62.77368372900498
2707,38.75909094659212,1,1,0.20505498672770753,-0.8246060046445267,51.68775925857001
2708,39.772575876539946,0,0,-1.6588581875917638,1.4502102965012784,54.006274445178974
2709,57.620893925625026,0,1,0.7584505539274106,-0.6677802371189492,65.60085725384957
2710,50.751111914478315,0,1,-1.541926527163151,-0.1811392168881284,65.44360735850024
2711,37.450334218285796,0,0,-0.17256534960369946,1.1743468498088871,32.33922813191539
2712,64.21787679191327,1,1,-0.6881001664858849,2.136849748494075,82.90315660204054
2713,53.092331312924685,0,1,0.6118456273326367,0.3214083680105532,78.0900956940412
2714,46.209744472048186,1,1,-0.22925906536737695,-0.41230772811706295,67.73112286675786
2715,48.965225816910014,1,1,-0.16474647217925603,0.22917283462943908,62.437295800097395
2716,66.73625158746438,0,1,-1.3837560277368581,1.6544200450444955,67.62987784466645
2717,59.508362492528605,0,1,-0.6096127221274874,0.7841937469819119,76.65430574522551
2718,47.54351902468314,0,1,0.2735481487195533,1.8577335911283426,61.056836592989626
2719,64.5553765606629,1,1,-0.198561067316741,-0.8560831877789014,73.4825681993028
2720,16.517900966665778,0,0,-1.1467297053612977,-0.8503546538256122,23.176230945721652
2721,59.72135524952244,1,1,-0.532096172640691,-0.621876060555185,76.42085569969123
2722,36.29713756908133,0,1,1.49270396609078,0.9743163775005305,49.52517925823022
2723,39.54570291077694,0,0,0.7237441845550736,0.574590553728608,48.91302554114697
2724,45.356103832751884,0,0,-0.9457449655725226,-0.9839150858765429,59.25761312449499
2725,77.1080277824727,0,1,-0.6220853531975339,-0.8176837392998656,87.40833305948853
2726,46.51586057961127,1,1,0.31452406285280016,-1.4604324168619296,56.44412526094088
2727,46.82030822227733,1,0,-1.557916762060222,0.22268023942984738,57.73900179828525
2728,57.937149572825106,0,0,0.3207158567252,0.6928484211906988,72.646319104143
2729,18.80773988756718,0,0,-0.01639442968551448,1.0554073348875872,18.10079691162794
2730,45.49691590005455,0,0,-0.8546575464806282,0.48797959987293793,68.539004523572
2731,59.25889697950346,0,1,-0.36619975536177274,0.8225484808055071,70.35230663646395
2732,34.02331959394951,1,0,-0.33507209871390997,-0.6327251632199686,50.36821945197954
2733,57.705391367584916,1,1,0.7678708472540926,-0.6638813048586208,71.66564196039684
2734,37.586597968966856,0,0,1.7610301136126716,-0.5450995767385396,58.90287451298895
2735,26.40093306821871,1,0,1.676206813133475,0.13357522472216596,26.53732997710881
2736,62.27275724838397,1,1,-0.6168201810531798,0.1599847614393807,69.03807339358282
2737,50.26007522913303,0,1,-0.9616671451163143,0.23656417213685435,70.50217998623843
2738,60.49334333023967,0,0,0.020887334572033248,0.7283814852026526,62.87529613507561
2739,51.756471070502,0,0,1.8675954950397113,-0.45510525223254006,63.88164836242227
2740,33.06595629690909,1,1,-0.37542180981453255,0.8816052557304305,58.95123125444219
2741,64.49884816644723,1,1,2.3292997158272377,1.9562894033477363,89.58146296222944
2742,55.67869554508714,1,1,0.25774731949114954,-0.9104055187816898,71.4602029576471
2743,55.6180516209088,1,1,0.4593338245628492,0.08670466890229174,77.56628485702878
2744,43.66982469959894,1,1,0.6257226417879687,-0.19469887724397153,58.420879067573175
2745,33.04040068197574,0,0,-0.3728519537630858,-0.03499172062346305,37.62271171305035
2746,71.19566792568774,0,1,2.0482652321614756,-1.1749303689932047,105.5236620218984
2747,61.59231669012795,1,1,0.28472327509860723,0.16092522338744392,82.19832419636465
2748,52.62614394053189,1,1,-0.628505548591074,-1.2412451311179542,57.95733407674137
2749,41.01717676797767,0,1,-0.5651715162355085,1.6502703217087515,59.63960627307019
2750,70.01277692126092,0,0,0.0645910703799089,0.2596955175221619,60.0221325592413
2751,37.300548023852635,1,1,-0.48527728098461337,-0.14897506736643198,54.37427281332707
2752,38.520460965734166,0,0,0.7135089786249128,-0.2779016164357783,52.934387606938415
2753,82.01123956389817,0,1,-1.073981921659271,-1.564200728235322,74.15327306587491
2754,59.15161654111897,1,1,0.18412794284785208,-0.3276468285627804,62.71879833714362
2755,63.82734961940623,0,0,0.4523512920785265,0.037688425557185636,79.76491836060416
2756,60.85206668350962,0,0,-0.4580146034508586,0.041129196162813283,67.00677189739469
2757,81.77439820908572,0,1,0.05716221546909887,0.45186384760418147,81.25321644458545
2758,56.24902781823447,1,1,-1.4560285118953027,0.4174772115901177,55.869963836891365
2759,57.708710510429,1,1,-0.5829432153383864,2.8267239239798565,69.14432855652288
2760,37.15917714610371,0,0,-0.13269699439579824,0.7279794915408612,39.023026058235594
2761,50.88612473189489,1,0,-0.048886853771745224,0.11842771735094085,53.68089589613892
2762,27.33920453151629,0,1,-0.7640264625860742,-1.4339187638109427,39.95109987698229
2763,44.5109961671443,1,1,0.27213781108732205,0.8630379209580844,65.47637888950194
2764,49.91038334457548,1,1,1.4974644588438706,1.0609631851908323,63.64420502488349
2765,60.9546349155766,0,1,1.5196727556969176,-0.5050487353255331,83.65714808616713
2766,70.44814699401958,0,0,-0.3584873270984611,-0.22610194686998508,78.7753835235293
2767,39.927830454799846,1,1,-0.5694906079890423,-0.15125502279702308,48.17691450953794
2768,34.090704392596244,1,1,0.6128942986716404,-0.2252790972245601,60.09246287274388
2769,54.18617071904741,1,1,-0.6946452254400776,0.19627262716749613,75.11878345385182
2770,37.04548836279176,1,1,0.11597925137050662,-1.0818111303008888,68.37980124889341
2771,75.48730559412809,1,1,1.1633453184859632,-0.44263674449663415,96.33604831467989
2772,68.99770573207327,0,0,-0.45803266974198725,-0.3346854090906397,77.32038487774847
2773,35.440243387776356,0,0,0.4177353145988861,-0.0906703216028339,60.73872086483516
2774,53.45296898693034,1,1,-0.5394439755857351,0.4183383257607804,64.28580220053966
2775,69.30012244350289,1,1,1.7205622981170063,-0.5678296778566859,77.81125400214653
2776,36.40404724539989,0,0,-0.355110030841722,-0.5236558715526318,44.635931528768985
2777,42.79615245133746,1,1,-1.7219406610722834,0.8123421164783078,53.450682511823956
2778,48.93475349020515,0,1,1.2129869217013414,-0.047454107734508755,73.70844462990837
2779,70.47163660402566,1,1,-0.11504778831112994,-0.8032233584946344,92.80799020518647
2780,57.11087115823953,1,1,-0.6407174288469163,-1.4627409058847878,76.67715590689552
2781,46.419594142564996,0,0,0.3851131213736343,0.7206351547458479,63.71760444866204
2782,54.86351183410253,1,1,-0.46501436243759026,1.36940772928306,60.32700118661222
2783,50.55073517952724,1,1,-0.8415886116148851,-1.316132569448111,59.56261569846139
2784,52.580036737536005,1,1,-0.0029428377439453166,-0.22636742452162545,77.52715150876392
2785,57.06877397508743,1,1,-0.666171364961766,-1.2843671492554762,79.74698571235311
2786,53.42435552321701,1,1,0.456606072532445,-1.697676824948616,72.76629488341686
2787,59.58299798997206,0,1,1.301757207597147,1.3710948767534548,68.87350330940508
2788,49.94700328213331,1,1,0.8571948993827709,1.7646314619388859,66.84153720925515
2789,45.56946240551036,0,1,-2.7025495014494165,0.627611565020187,46.65480244215476
2790,45.176456605535556,0,0,0.26212466544378593,-0.9020537766961859,43.26154006317351
2791,25.825702619783037,1,1,-0.7406403015010249,-1.4152816839479527,44.33980069200299
2792,42.352456297304784,0,0,0.6054743463083971,-1.3187591102734921,54.46313973694625
2793,76.31104399234253,0,0,0.17128265691775116,1.3215863481487293,71.35923817660452
2794,48.682621982842484,0,1,-0.168743975505034,1.4110000432438,68.90009491973376
2795,57.15916729728861,1,1,-1.168336568273057,-0.5127861029231816,68.05034098777396
2796,62.23722579778668,0,0,0.2780674696014485,-0.6278588182420166,70.85110838683053
2797,42.12725793870121,1,1,-0.3443676587657797,1.4311680338803388,50.56887722379622
2798,44.26951017378426,1,1,-1.0418619668981524,0.05955113243971776,54.92176489012094
2799,57.01155772868027,0,0,1.1940155452552779,0.0992484988913929,79.19701886372884
2800,35.440137639506204,1,1,0.680768193811614,-0.6926605334461053,56.32657288176554
2801,62.652059205186234,1,1,-1.6215893723573775,1.9120450271119251,60.80171826048541
2802,59.33671497871189,0,0,0.003129865252453417,-0.37590752799212074,70.91306331357114
2803,52.73322725568609,1,1,0.5036628481753352,-0.7790912579814323,85.0471002829212
2804,52.9773058583801,0,0,-1.123282101701672,-0.26594348563275355,54.15261092657485
2805,60.115893704908274,1,1,-0.3601806100208108,0.09381695595736025,75.1432037788493
2806,50.806085886019275,0,0,0.13324380148983772,0.4406139166334271,79.09591576677732
2807,12.155661107220496,1,1,-0.14531825310975083,0.1728293106912241,39.58897941619972
2808,56.88266003415103,1,1,1.8673235908805572,-0.27020959602995437,77.1998635614229
2809,35.335157009124686,0,0,0.5497026214944652,-0.9817005346909633,63.81270099460941
2810,41.94830654519171,1,1,-0.5591031782076393,0.0727581032358043,52.62216255372389
2811,43.05066219886304,0,1,-1.1575978999034333,1.6162758881777801,48.8594178707991
2812,43.137685508616585,1,1,0.32991574580636124,2.010837558626952,58.62738390700459
2813,24.472085037313516,1,0,0.9778433452752552,1.9004021967368268,30.30952951810101
2814,21.11217567581953,1,1,0.16626101599473123,-0.47096765590057693,38.35152111535485
2815,48.34874811348976,0,1,0.801631342437376,-1.8215464850130314,63.54095402305936
2816,50.22665949094676,0,0,-0.2701794798975895,-0.6024182557665954,59.58163222496706
2817,55.903759061837405,1,1,-0.7845965278624099,0.7339454017944783,72.19897452745938
2818,30.768265671798538,1,0,0.6285000387818884,-2.431187407347124,54.402027890423746
2819,45.20912606750234,1,1,-2.524246529415999,0.6553423540699894,56.48680392734094
2820,61.537176120527995,1,1,0.4894995757668086,-0.6923304951114706,85.22611503379174
2821,44.34224444756155,1,1,0.1947991696494463,0.5204047451034917,52.823655374054326
2822,41.14136121111846,0,1,-1.6389569522842151,-1.3310285861039597,60.948423742628385
2823,80.15259744720612,1,1,-0.637391167854573,-0.4491701455186029,82.15989942876242
2824,25.195550115728608,1,0,1.3341833472720417,-0.4245793027536483,49.89746557011999
2825,38.002567835174574,1,1,-0.33823319527608836,1.7640388165485463,53.53657693731757
2826,33.63751057861778,1,1,-0.4304102960717876,0.24293200675769086,47.24212749398649
2827,42.53463764553645,1,1,0.5842949296228259,-0.7381249523606391,50.869042491505994
2828,97.17298982680958,0,1,0.1196753438378653,-0.26305445660979915,101.80617566636332
2829,34.53971279032368,0,1,-0.05082176169754883,0.21173328014598342,53.01318392124469
2830,45.93973829509123,1,1,1.3115881778588212,1.5918710951558137,73.32779469786954
2831,42.04362533154118,0,0,2.055614109846863,-0.4773782630945245,69.82474866727306
2832,38.60115352293943,0,0,-0.9137547346971842,-0.3672790492655464,35.07234495169726
2833,62.46346511607393,1,1,0.35753465548354707,1.0269466979686341,92.24457317650611
2834,43.38562806651218,0,1,-0.5414468259802668,-0.04537658361201999,51.15149380793608
2835,66.27279494641328,0,1,0.5136326219386561,-1.3754472098602892,87.86220955745313
2836,71.49620194558634,0,1,0.16003904767669203,1.8595016245887934,75.19102949722449
2837,43.13700953220975,1,1,1.3463880382294546,1.4592956493693237,54.182456940656685
2838,71.45649842564336,0,0,-0.6788040839586841,0.7611691382859563,71.78793540504995
2839,32.75325222610892,0,0,-0.949551241943885,-0.6901114575574997,29.237545830211534
2840,55.50309478530609,0,1,0.19656662489517834,-3.1311808298188293,75.95230786459716
2841,66.08939319739736,0,0,-0.6439684335972936,-0.41830734712141043,58.43502876184222
2842,35.44872791639069,0,0,0.7696995626078215,-0.7097482573762083,46.488309384955215
2843,49.89212915097321,0,0,1.3516906608780765,-1.9260811648724308,72.36138162402537
2844,58.02337414289144,0,0,-0.7573937573049087,-1.2471759675894825,71.20974454411741
2845,59.55874035927229,0,1,1.8528207457915344,0.3981808982637555,88.86324391779675
2846,56.1031515144244,1,1,0.767619663211909,0.7458785072858809,84.10652947731576
2847,80.72880648619497,0,0,0.6956220619751005,1.8492648601905644,92.05106016377893
2848,48.82850679540425,0,1,0.36828135925042915,1.1645613483050343,69.85512988873845
2849,68.98941280477737,0,1,1.92735725345869,-0.1980217085851559,89.78963574820759
2850,82.77329111906573,0,1,-1.4882449230414505,1.0156060847373525,98.21458027772428
2851,41.8085563809597,1,1,-0.4807227557024358,-1.3438209014365396,67.28560848252687
2852,44.76011221379405,0,0,0.37414523836191865,-0.8744327069819533,48.52903137693206
2853,35.55982948807973,1,1,1.3334452304906699,-1.340860291431892,65.38424119291084
2854,61.689538361122686,1,1,0.12409937552337226,0.9008194361846251,86.03403877929618
2855,72.27679831996096,1,1,1.474595996291962,-0.5915426602856084,83.53170130256608
2856,24.9602501485886,0,1,-0.3255132771817509,-0.2393682134583417,29.62498121910326
2857,37.21705033412512,1,1,2.32613967805463,0.5137942900994497,48.36939875008474
2858,41.92195897946479,0,0,-0.12635037542289554,-0.6887799676727044,52.00369774470239
2859,84.40629905376584,0,1,-1.4359680901061618,0.45102341964566933,85.07441166373094
2860,45.594738788717606,0,0,-2.977347358741995,-1.522719718816685,54.47220519127113
2861,56.88206400062412,1,1,-1.1007761311760202,-0.5909823657213981,67.81018184864749
2862,33.14607967942622,0,0,0.09939097249591962,1.0272319906960163,45.01965394395345
2863,64.29616637979822,0,0,0.3396560066070339,-0.5653009693941865,65.66797286580356
2864,35.506387562113936,1,1,-0.20973795036859788,1.7795214635815582,49.56062727191406
2865,50.21748066877779,1,1,-0.39588949230037535,0.7571547438032282,66.60620530218982
2866,35.766734512669814,1,1,-1.6541575219805957,-0.6395025561391727,53.46424592907134
2867,49.861469122739024,1,1,1.9945326891446227,-0.30371940329895836,60.79585966446473
2868,49.05116154053954,1,1,0.44925000205268323,0.8256992620203302,77.78002558595993
2869,54.60174477407843,0,0,0.7341824037522812,-0.4395882062170676,54.413747143859084
2870,54.398000409005505,0,1,0.16945375320305853,-0.34288613627987247,57.77235290951496
2871,78.31751611472656,1,1,-0.7895231805449416,-3.0203225433694247,97.70964171156706
2872,40.30074912613453,0,0,1.969861134759213,-0.14952318079573454,44.800635106360886
2873,71.18874793344294,1,1,0.7816551426399669,-1.717890179091344,82.04834733523913
2874,56.04559406376676,1,0,-0.22181795962532688,-0.38483142910497126,64.62001688845038
2875,48.68829624679978,0,1,0.055068591907166516,-0.6109726750880718,78.06859120288648
2876,55.929651566667786,0,0,-1.17212132485977,-0.6472543083197555,65.57723188894904
2877,55.15442640279857,1,1,0.16201405514550365,0.29043423912590305,70.13611127260202
2878,64.03333643574292,1,1,0.5623667430077525,-1.112109654647619,77.70102513124442
2879,63.521045684843074,0,1,-1.710878360605375,-0.5188649633699113,67.79553505032915
2880,60.54638903655352,0,0,-0.19245648271936497,1.547538312938679,76.63019163508284
2881,55.31066955215412,1,1,-0.3593538966026923,-0.4046035706178664,77.44339742167708
2882,27.711403165320352,1,1,0.41179919319883607,0.7871285778348165,52.49875203665102
2883,64.19692103699133,1,1,-0.7942135582155356,0.5600888100358627,65.15616460999233
2884,68.07005819023536,0,1,0.1671922097453306,0.19205699983149854,76.52578304020892
2885,57.06356479286479,1,1,0.8632555072216664,0.08982338335612146,89.21206713056634
2886,56.01683844600015,1,1,0.4367495531084889,-3.8576861032815106,78.08787062663438
2887,38.891214030433005,1,1,0.7900652096368379,0.03191769050790474,61.83229412552069
2888,55.62028013700822,0,0,-0.359339443958151,0.281080736789113,73.32765146418578
2889,64.37336290328538,1,1,0.6849796207964025,-0.5775269788781444,85.80607674086762
2890,31.905708312475326,0,1,2.0273814132540737,-0.2119567993289218,58.67983110668313
2891,44.45720690755945,1,0,0.08470486183778836,-0.47190967324791516,51.8594499680561
2892,43.48746992305683,1,1,1.0952885127586858,-1.5514170524949653,71.54496741406027
2893,69.82994547376987,1,1,0.1591647585020464,1.0846842010828492,81.85756538413361
2894,44.554878100083016,1,1,1.2883266373014357,-1.0477146101049755,60.14735897878912
2895,24.223388985231864,1,1,0.7110824490805598,-0.7875425316293658,39.3548266597644
2896,53.3368299069564,0,1,-1.6824524540652501,-0.9711814243299367,75.9787083155814
2897,70.78989231136401,1,1,-0.5200339882330097,0.33511405428495844,69.12496821753422
2898,,0,0,0.0882225356994854,-0.7380949748124415,63.42401133814188
2899,44.51711126717743,0,0,1.9891880108081752,-0.08071453489537525,60.41544669840228
2900,54.20129631216051,0,0,-0.9272666034484816,1.520908026450013,44.529206875352585
2901,76.16669858667277,0,0,-0.6769561414698577,0.689262754495332,74.01280752233433
2902,47.14060274502906,0,0,0.1527350307427485,0.44664464720721864,57.72937993956483
2903,47.07811499351771,1,1,-0.4388583526899981,-0.21759630904807012,52.31486024162335
2904,57.1655778608562,1,1,-1.9973843054045948,-0.04337480823259143,57.076490708789606
2905,39.4118756425789,0,1,1.8778172452224116,-1.258950217514445,47.64140463664482
2906,25.73838789061191,0,0,-1.6148600524630405,-1.6467766402329325,52.81280114368731
2907,53.17247105233314,1,1,-0.17423538694480656,-0.6938152576013955,64.62695697976577
2908,45.583919855847604,0,0,1.0551206635274417,-0.21259473929005387,46.13277559752286
2909,56.30639441482716,0,0,-0.35503099520801795,-0.513279069332666,66.02004053656431
2910,52.96901182342965,0,1,1.8380532798014226,0.0786593245397835,70.17158918915852
2911,58.80429192159865,0,1,-0.1006450653257772,-0.5951947691326304,75.64442247889963
2912,34.85790571456733,0,0,0.23217164421960687,-0.08508227342697727,41.42993109332459
2913,55.755094211705725,1,1,-0.637214972441322,-0.7973960799580566,76.4144785409404
2914,37.36527730933057,1,0,0.3006344346287625,-0.28681656447936293,58.93534026417333
2915,56.14250922767129,0,0,-0.2323720762705968,-1.5033569916323641,68.5393139314711
2916,44.479957810087654,0,0,0.294858405100474,1.4974740727898121,46.04039735421356
2917,75.86351795105173,0,1,-0.9045148372712093,0.5295490849899853,82.31119193367796
2918,37.66612237811583,1,0,-1.2208260025716338,-0.7779219988175418,55.26300247801235
2919,17.134945736453005,1,1,0.18416657037550688,-1.091480998108763,33.63093126511251
2920,52.68570802006905,0,1,-0.3623464576231875,0.7600945189149028,62.860792447171484
2921,43.91997574568046,0,0,0.2816247173076896,0.23485449301505876,62.27349560748078
2922,37.025264844144345,0,0,1.4159291123584894,0.9653111658350445,54.77943083345735
2923,53.86960690354249,1,1,1.0530415660271937,-1.5913649776590355,77.56416669941359
2924,75.09684224077245,0,0,0.23093906666385644,0.05364804650862213,85.12015623995035
2925,48.1912824825285,1,1,-0.2503212818133034,-1.3081151151082715,72.50527355700703
2926,40.17767725401055,0,1,-0.021411672958129596,0.01228345117036234,62.108294589001076
2927,71.58653494350011,1,1,-0.22464624856256232,1.1630356979791086,59.01621448748969
2928,67.21878752603874,0,0,0.009439624051979456,2.6254706350892905,63.965017665952445
2929,50.67481892746567,0,1,-1.2974756417896671,-0.7525081739464147,61.70074786713202
2930,42.29462710883382,1,1,0.27857954060996615,0.3852703590178704,43.81746680139503
2931,60.94637130888738,1,1,0.716544277707415,0.08970862903188713,82.02042004748432
2932,39.97287360846944,1,1,0.4636942502751186,0.023119062898776886,68.66368466384768
2933,40.916836157421436,1,1,-0.26643849428434146,1.0236044053378344,57.00651778817406
2934,38.067198743574494,1,0,0.5187589173664019,-0.7521458063120361,43.96064242840988
2935,58.090172276175394,0,0,-0.9527766627098271,0.7682533767241003,61.50823641349652
2936,72.44126810886628,1,1,0.12609454098127557,0.5562170303158325,80.24392881351379
2937,50.96776872238394,0,0,-0.5584194342697667,-0.4533332322149794,52.29041650568223
2938,76.31452734900603,0,1,0.317627006490443,-0.7656001488777338,92.74070675105494
2939,20.888358648140333,0,0,-0.7333213026345899,0.8103084697210856,30.0687178818491
2940,49.54203930229722,0,0,0.6527814922999542,-0.030845677127467778,77.59526970876601
2941,24.59593507696426,1,1,-1.4303260602986696,0.5063416326458552,33.9925447531347
2942,63.095749666212384,1,1,-1.1741182803256534,-0.810102827608008,76.60395813279658
2943,68.85511577458239,1,1,0.9959042282195227,0.059372027042169644,105.21740965935226
2944,23.332708216009358,0,1,1.1485334341174938,1.126126300334975,48.51520486716582
2945,38.345025180050456,1,1,1.2802047693151077,0.7457585709846943,58.940914262932715
2946,50.450606252447905,0,1,-0.1810648889230931,-0.11825029091462809,57.12948544208619
2947,27.443052092827948,1,1,-0.24326337735601317,-0.7647441974701762,41.03154154014825
2948,36.391395378158236,1,1,0.1539424496335943,1.7082983961140041,45.724189580127856
2949,34.33442040324678,1,1,-1.2952248111153628,1.2740957976396177,45.65813531886049
2950,50.1095965729641,1,1,-1.407960504045574,-0.5839910689330157,68.36200939608844
2951,37.73212190562181,1,1,-0.43756089661103104,-0.8790750002003741,42.858321401495516
2952,31.79280421726674,0,0,-0.18232559279549213,-0.8550883067316285,42.06839740932689
2953,36.78969580193486,0,1,0.566652768174871,0.8345792025198964,66.99164343607403
2954,46.81091797395251,0,1,-1.4033396154012456,-0.2072351901721149,50.886961518447464
2955,49.47176459431705,0,1,-0.23363668354887657,0.6170209186138716,63.42982270234887
2956,45.420672225020446,1,0,-0.6998448740129952,0.004641780482655596,55.2680329483553
2957,66.0685119930545,0,0,-0.6065141833476043,2.1086751996861977,63.70010256355972
2958,42.77451226522251,1,1,0.3681819703085383,0.5480619585671076,58.27934118397241
2959,49.653381790092865,1,1,1.0989268917393447,0.6812519854205241,63.46363171891524
2960,57.05224750699714,1,1,0.0777476094471188,0.24061303140758714,75.03411495162486
2961,43.102224221263285,1,1,1.442513865193774,-2.5290120452810534,72.88602587222692
2962,67.97025734091292,0,1,1.2940518498273805,-0.30181892005330563,78.88770466069457
2963,59.60957291974325,0,1,0.5679475282458912,0.4569577742547691,73.50805017534566
2964,60.00477918887595,0,1,-0.4261511439089555,0.666844531670508,72.3753509465695
2965,35.455853692667006,1,1,0.6659110148421419,-1.0839129332424706,45.316141168141215
2966,46.45221722143269,0,0,0.25724879303623394,1.0684604646444753,60.635084413152924
2967,56.84253486624337,0,0,1.0453555577410234,-0.48713926387148826,70.81938419909808
2968,64.0699143012043,0,1,0.4701635892365145,-1.9426552916583801,88.00226973050954
2969,39.43204171818997,0,1,0.5183021237181621,0.46937257654401826,57.2113336701723
2970,41.10455656627118,1,0,1.0848484027315108,0.04105126281648052,62.37706483089326
2971,29.31180686284769,0,1,-0.1912194485499148,0.9608655277436821,42.02414440907589
2972,26.696695068378993,0,1,1.531484957857123,-1.741867759608668,50.26058118182963
2973,64.83211506026244,1,1,1.626565758937706,2.4361813489347353,78.89612712813607
2974,48.74672031750676,1,0,0.4083684658643547,-1.7300459135556938,56.76520311771294
2975,57.02406857739012,0,0,1.147129089021963,0.03989697814202378,49.502488689028766
2976,64.94893420635003,0,1,0.3939766757697783,1.5418013196301243,77.85924511626051
2977,48.7515904164415,0,1,-0.17635505092305745,0.6416512082642644,76.66221608083117
2978,50.859157867320285,1,1,-0.04941317211776586,-0.6469107563312968,61.60813931636876
2979,34.05971712967933,1,1,0.8571588621484975,-1.0481816408074198,60.137548886899516
2980,40.466396609942294,1,1,0.22629055975613602,1.1622612569958115,50.61838488694357
2981,55.61833312032657,1,1,-1.008580881371626,0.16328974817740724,70.16177533793015
2982,69.8094241814161,0,0,-2.755316268800826,2.0144172417449324,53.03038234885201
2983,64.41535096699542,0,1,0.769681994815246,-0.9749903230362014,92.96574156539998
2984,39.382553681169355,1,1,1.13612503987376,-0.12469944425806294,45.945586345209904
2985,38.304959991958846,0,0,0.9178394371483299,2.2665844711437844,36.94273103310877
2986,59.8244787358463,1,1,1.1822010554955613,0.4659729735095745,79.32090786634127
2987,56.680033342987,1,1,-0.9524401624288457,-1.3696304672199429,81.83621998192342
2988,57.609491425288724,0,0,0.6143597342816954,0.3475701870383674,75.41305644551315
2989,53.53789449725519,0,0,0.22020726296768792,1.3727037536958433,81.85055475484656
2990,68.44262054886113,1,1,-2.72234555576407,-1.6455376744625771,84.06297825431297
2991,53.90390681598786,0,1,-1.0516537514415776,-0.39089342346586375,80.56372660545335
2992,71.07247538881413,1,1,0.10464563475421272,1.9983338650104099,73.62153385017153
2993,57.91373096809634,1,1,-0.4595419411997668,-1.1604716078202508,73.15664303795485
2994,50.35178983824357,1,1,1.4443158678084558,-1.3946095170530906,59.47168378492482
2995,33.79075663212241,1,1,-1.338982439493653,0.6736552128085467,44.916955541969365
2996,54.83142705154784,0,0,-1.0834562370566092,0.5831884209469437,58.546238397544606
2997,63.253100838574994,0,0,0.2032710107840048,0.6020960235895156,74.27718541598634
2998,52.819626847608326,0,1,-1.2322892203509794,0.9004731401580587,43.86641521207895
2999,36.064316650623326,1,1,-1.926457581696552,-0.017431116381873543,50.94511418662054
