transaction_id,customer_id,amount,category,transaction_date
0,201,192.5850059221596,Dining,2024-10-20
1,241,212.18550850376144,Groceries,2024-02-05
2,7,95.27283085054893,electronics,2024-03-19
3,242,43.300199893276414,electronics,2024-12-09
4,141,128.11385419409947,Travel,2024-07-15
5,155,39.05734931601004,Travel,2024-10-07
6,189,44.20805924432954,groceries,2024-01-15
7,86,53.84672174167936,groceries,2024-11-14
8,293,146.18278807281365,Travel,2024-03-22
9,17,56.36630305639464,electronics,2024-01-12
10,84,71.96318717295087,groceries,2024-11-25
11,115,84.60904164824244,dining ,2024-05-03
12,171,79.17300367753982,dining ,2024-05-09
13,123,144.45980808755306,  Electronics,2024-12-14
14,40,92.48504089772779,Groceries,2024-07-29
15,14,147.29545501276516,  Electronics,2024-05-25
16,1,75.99151085866883,dining ,2024-12-25
17,15,85.14277644895769,groceries,2024-05-06
18,45,10.671940291025308,Groceries,2024-07-10
19,299,244.7132150522143,electronics,2024-11-15
20,58,8.54690643650558,Travel,2024-03-31
21,196,32.514226788613264,dining ,2024-05-31
22,225,,groceries,2025-01-22
23,71,46.45701722785062,groceries,2024-11-30
24,85,71.80946493940924,dining ,2024-04-09
25,131,51.02181061812991,groceries,2024-03-10
26,79,61.38367454011022,Groceries,2024-10-19
27,292,5.468387366158566,dining ,2024-09-01
28,54,,Travel,2024-04-01
29,269,287.4647949635976,dining ,2024-11-17
30,239,11.367481166713599,electronics,2024-01-25
31,253,131.47013152580615,Travel,2025-01-11
32,35,23.75845321318456,  Electronics,2024-03-07
33,118,213.50309198454693,Dining,2024-08-23
34,188,10.51631783593345,groceries,2024-05-05
35,148,106.23607222238266,groceries,2024-02-25
36,200,75.69114375151757,groceries,2024-03-09
37,203,61.09000139593118,Travel,2024-09-01
38,199,21.121992756040207,  Electronics,2024-05-29
39,19,61.360152033632474,Groceries,2024-03-07
40,287,-75.82744942987728,Groceries,2024-02-18
41,167,39.359315807285384,dining ,2024-01-04
42,271,124.6024263138637,Groceries,2024-02-26
43,82,62.20362052316475,electronics,2024-12-05
44,109,57.85907063890509,  Electronics,2024-12-20
45,264,111.37838395549215,dining ,2024-12-28
46,56,39.339360719629234,  Electronics,2024-07-03
47,20,62.54127426090223,  Electronics,2025-01-10
48,112,39.44656530258595,groceries,2024-07-28
49,204,28.01780402574135,Travel,2024-08-09
50,37,52.23469969611643,dining ,2024-04-01
51,261,55.5513388601929,groceries,not_a_date
52,102,10.485830668272953,electronics,2024-05-03
53,68,63.16687254408721,groceries,2024-12-30
54,163,12.411176614330108,Dining,2024-10-17
55,268,16.929164735448005,  Electronics,2024-07-06
56,265,94.19550645116638,electronics,2024-10-16
57,261,34.086807448262824,groceries,2024-10-28
58,92,69.73953124741769,dining ,2024-07-15
59,6,7.656981717218172,  Electronics,2024-12-29
60,233,114.16864857149547,Groceries,2024-10-27
61,212,94.56936330543749,dining ,2024-12-12
62,231,86.1936789942917,dining ,2024-05-05
63,1,78.67783041308262,Groceries,2024-02-15
64,12,34.522832377108934,Groceries,2024-04-09
65,151,73.26010930028511,dining ,2024-03-31
66,101,57.552514125293214,groceries,2024-12-20
67,131,48.038824606092085,Travel,2024-07-25
68,279,181.66637224798038,Travel,2024-08-26
69,61,16.2229451197297,Groceries,2024-07-18
70,158,,  Electronics,2024-03-03
71,98,109.08598058750393,dining ,2024-11-08
72,89,118.02967647605021,Dining,2024-09-28
73,242,128.30028990227245,Dining,2024-08-10
74,46,58.99661812657971,Groceries,2024-05-05
75,95,184.1657430684492,Dining,2024-11-10
76,36,36.852215841000046,  Electronics,2024-12-27
77,45,96.78652972091682,groceries,2024-08-26
78,85,72.34934041690457,  Electronics,2024-11-12
79,209,112.7623616808257,Dining,2024-10-07
80,174,82.17763859466535,Travel,2024-03-27
81,135,90.40949908093191,Travel,2024-01-11
82,51,139.83655660735994,groceries,2024-08-09
83,239,80.8642572853887,Groceries,2024-11-17
84,240,281.1289496570728,  Electronics,2024-12-28
85,71,157.793455820794,groceries,2024-11-04
86,18,109.29891938259428,groceries,2024-06-08
87,96,38.20535001247451,electronics,2024-03-06
88,44,105.0787518789814,Dining,2024-05-07
89,240,88.9939174033847,groceries,2025-01-25
90,156,109.13345428918818,Travel,2024-06-22
91,152,218.7468369794355,groceries,2024-03-18
92,87,33.406445200868966,Groceries,2024-06-24
93,152,75.46780795643544,dining ,2024-08-31
94,290,,Dining,2024-01-14
95,71,85.75281914134203,dining ,2024-10-15
96,230,18.977120332527193,Groceries,2024-07-02
97,5,60.446819939342944,Dining,2024-10-26
98,94,143.33795965960573,groceries,2024-02-13
99,280,98.54804031811453,groceries,2024-04-06
100,261,109.50932851325716,Travel,2024-09-17
101,26,109.6191876137395,Travel,2024-09-24
102,253,98.03842799866581,groceries,2024-04-28
103,253,26.682180209701446,electronics,2024-06-03
104,136,-75.45596100180519,Travel,2024-01-20
105,110,20.741794120475845,electronics,2024-06-10
106,294,152.38455648881944,dining ,2024-08-12
107,285,65.51406650987133,dining ,2024-02-17
108,203,69.41073709810412,groceries,2024-05-05
109,120,38.667456097352336,Groceries,2024-02-21
110,63,57.98404955858939,Dining,2024-12-19
111,280,51.139703494514215,  Electronics,2024-10-14
112,81,31.313971604030808,Groceries,2024-08-06
113,167,152.32916159075648,Groceries,2024-08-07
114,202,78.82022059258102,  Electronics,2024-10-10
115,72,96.68589865662062,electronics,2024-01-17
116,95,140.63527159929706,Travel,2024-06-27
117,222,41.22617530407539,Travel,2024-01-06
118,60,19.053220302544943,dining ,2024-09-01
119,202,139.05553966912572,dining ,2025-01-06
120,283,56.44869070447022,dining ,2024-06-03
121,205,111.51362133709799,  Electronics,2024-02-24
122,194,40.29653717278602,Groceries,2024-02-13
123,139,32.44408969298864,Travel,2024-03-24
124,290,147.95130253401237,Groceries,2024-05-12
125,67,101.03078671340151,electronics,2024-11-04
126,107,139.3520426149746,Groceries,2024-01-04
127,192,,Travel,2024-08-23
128,196,42.060409974649886,Dining,2024-12-02
129,33,99.06786085392923,Dining,2024-08-27
130,49,31.067844512199194,Travel,2024-12-16
131,207,24.582422108751075,Dining,2024-06-24
132,252,238.33914764162415,electronics,2024-12-20
133,190,127.13089754354738,Dining,2025-01-08
134,280,72.25523253884275,  Electronics,2025-02-03
135,113,59.4252911510193,groceries,2024-05-03
136,99,253.21545990404155,Dining,2025-01-15
137,239,161.13997797038581,dining ,2024-04-09
138,13,113.85919262404785,dining ,2024-03-30
139,59,37.10307161880546,electronics,2024-06-28
140,58,34.82990766049695,groceries,2024-05-30
141,117,26.15989816711066,  Electronics,2024-04-09
142,47,77.2310950753481,Dining,2024-10-26
143,239,203.14994426147848,dining ,2024-08-13
144,254,44.678304299487344,Dining,2024-02-11
145,114,119.81500016409561,Groceries,2024-07-10
146,9,32.35487434335144,  Electronics,2025-01-06
147,214,65.69031247128089,electronics,2024-05-04
148,33,57.483579551076716,groceries,2024-07-12
149,184,88.6320519585565,electronics,2024-05-10
150,52,116.68943542566808,Travel,2024-12-03
151,282,60.23617602332496,electronics,2024-11-14
152,203,63.263794006285096,dining ,2024-10-20
153,297,50.25979408835133,Groceries,2024-02-10
154,185,208.6302535255911,Travel,2024-02-20
155,217,69.69406777818588,Groceries,2024-11-10
156,113,116.90838921806302,electronics,2024-02-29
157,242,16.720850207412063,Groceries,2024-01-04
158,34,125.36654503487483,electronics,2025-02-01
159,46,33.894480526192595,  Electronics,2024-07-23
160,108,74.76392131915686,Dining,2024-10-13
161,214,100.8079772079577,groceries,2024-11-12
162,146,65.405145689275,  Electronics,2024-05-09
163,254,43.73123421703532,  Electronics,2024-01-24
164,282,131.6619195703371,Travel,2024-03-26
165,120,83.9179348747881,Groceries,2024-10-10
166,127,73.23897563920688,electronics,2024-07-11
167,166,47.38783814102028,Travel,2024-06-23
168,193,29.163094875513274,  Electronics,2024-07-15
169,144,8.501108364621922,Travel,2024-07-22
170,181,152.37799105642114,  Electronics,2024-02-02
171,287,52.037452124359305,Dining,2025-01-17
172,220,55.49036879690837,Travel,2024-07-28
173,95,149.05332852136993,  Electronics,2024-03-13
174,128,181.68473897148058,groceries,2024-06-04
175,121,61.888231897734904,Travel,2025-01-14
176,45,24.576593041618867,groceries,2024-08-11
177,1,120.09735859269598,electronics,2024-04-09
178,237,149.38215487225276,Travel,2024-01-23
179,126,154.46675909574287,groceries,2024-07-31
180,106,107.45565711819697,Groceries,2024-03-31
181,189,66.32542864914164,electronics,2025-01-07
182,169,149.78596066960455,Dining,2024-11-28
183,280,150.38651500241224,Travel,2024-10-22
184,185,46.75466967563147,groceries,2024-11-07
185,277,8.084064444967767,dining ,2024-05-04
186,174,16.826520547370944,dining ,2024-04-17
187,98,127.34071068475527,  Electronics,2024-07-22
188,97,81.87115534305683,Travel,2024-08-30
189,296,49.508797579914805,dining ,2024-03-11
190,176,37.17317841194958,groceries,2024-10-27
191,57,143.99918779323468,Dining,2024-05-25
192,249,67.41288015533426,dining ,2024-07-31
193,247,99.94245332422467,Groceries,2024-02-06
194,4,81.73450145633508,Dining,2024-02-07
195,48,80.39242267279138,Groceries,2024-10-13
196,208,82.93273374288484,Dining,2024-05-24
197,122,70.86793078343915,Travel,2024-11-11
198,102,89.9854654949109,Dining,2024-06-20
199,22,77.77482877027677,groceries,2024-10-12
200,57,42.777021077999166,Dining,2024-01-20
201,257,77.25976888420361,Dining,2024-09-09
202,249,60.422076194876624,Groceries,2024-05-12
203,248,119.63889441636206,electronics,2025-01-09
204,171,91.10479606125175,groceries,2024-10-16
205,42,24.879627934086347,  Electronics,2024-09-19
206,97,73.08398918389139,dining ,2024-07-27
207,158,65.15495864118895,Travel,2024-11-11
208,298,63.48909766307193,  Electronics,2024-03-14
209,78,23.429882496028952,dining ,2024-06-30
210,164,105.42927662118234,dining ,2024-05-31
211,148,30.037641951250027,Dining,2024-12-14
212,151,63.4598815982016,dining ,2024-10-11
213,166,86.67158898042194,dining ,2024-12-14
214,211,58.44155289812852,dining ,2024-01-23
215,32,36.10725187455577,Dining,2025-01-21
216,294,126.26271238015947,Dining,2024-09-07
217,259,69.5846694165059,Travel,2024-08-16
218,230,134.9159180568479,groceries,2024-02-07
219,84,107.05031732401721,  Electronics,2024-03-07
220,132,-152.8274475017139,Travel,2024-10-29
221,134,94.40917008310132,  Electronics,2024-07-17
222,93,30.39531458885564,groceries,2024-07-25
223,18,64.53510745156751,Travel,2024-02-09
224,223,89.90046100837502,electronics,2024-01-06
225,1,16.68075891429742,dining ,2024-03-06
226,228,149.9305761696072,  Electronics,2024-11-04
227,59,,groceries,2024-03-23
228,193,11.985062679979333,electronics,2024-12-17
229,103,71.37464197214464,Travel,2024-03-06
230,71,116.72249160472552,Groceries,2024-03-03
231,278,68.8560589204517,groceries,2024-08-23
232,142,149.70241601416322,  Electronics,2024-12-09
233,267,34.81597233460713,  Electronics,2025-01-22
234,57,63.995224815159716,  Electronics,2024-11-29
235,144,41.02312196949363,Travel,2024-12-10
236,104,45.279892351708526,  Electronics,2024-01-19
237,136,69.78776603271788,Travel,2024-10-30
238,4,159.8728748454256,Groceries,2024-03-23
239,200,98.74661502875755,electronics,2024-04-05
240,104,159.43870693052833,electronics,2024-05-12
241,257,36.36938296784234,Travel,2024-05-26
242,64,69.77752789710193,Travel,2024-12-20
243,101,84.69452760014622,Dining,2024-07-03
244,14,61.83846427417941,  Electronics,2024-11-26
245,238,100.89436785877979,Travel,2024-11-16
246,160,21.746470036623762,dining ,2024-12-27
247,120,237.96056952706118,electronics,2024-08-17
248,275,55.323943059462266,dining ,2024-09-18
249,178,83.78985708037659,Groceries,2024-09-23
250,289,83.568764823898,dining ,2024-05-02
251,221,304.6622070465153,  Electronics,2024-05-21
252,176,40.948580058650386,electronics,2024-12-21
253,150,2.2351463398415623,dining ,2024-08-15
254,61,184.567042435237,  Electronics,2024-04-11
255,207,64.92602314467483,groceries,2024-01-31
256,237,74.2569927929256,Travel,2024-12-30
257,209,183.6390641185879,Groceries,2024-12-27
258,124,46.023898125716144,groceries,2024-03-21
259,2,68.3004590121987,dining ,2024-04-16
260,220,195.50726905905861,electronics,2024-07-30
261,12,129.7007727473579,Groceries,2024-09-16
262,241,10.910879796871555,electronics,2025-01-03
263,45,72.83880465894421,groceries,2024-01-13
264,92,174.05097180097192,dining ,2024-03-02
265,64,88.94507327453408,dining ,2024-01-09
266,162,82.87556433448167,electronics,2024-01-21
267,61,117.49856490624786,Dining,2024-10-18
268,78,43.83653037153137,Groceries,2024-03-24
269,15,120.16024847276476,Travel,2025-01-14
270,294,114.0841770221901,Travel,2024-07-02
271,65,83.7408748306425,Groceries,2025-01-10
272,58,8.032455166908697,Groceries,2024-09-08
273,180,88.96935548526449,Dining,2024-05-30
274,43,50.654081052295666,  Electronics,2024-08-03
275,265,67.94066620585798,Groceries,2024-07-30
276,234,49.73276561642896,Dining,2024-09-26
277,105,106.86457418976387,Groceries,2024-05-04
278,120,26.589693665418764,groceries,2024-08-17
279,110,90.7952613824879,dining ,2024-02-27
280,220,81.2551515332524,  Electronics,2024-10-30
281,125,105.54179332315299,  Electronics,2024-09-19
282,86,105.498751745773,Dining,2024-02-10
283,204,35.62998108909464,groceries,2024-08-26
284,42,72.41341819044884,Groceries,2024-02-15
285,235,16.767810856305935,Groceries,2024-02-02
286,128,121.9730220915706,Travel,2024-07-24
287,282,119.99753468673332,Travel,2024-07-23
288,79,52.50370802096533,Dining,2024-09-27
289,113,30.824432682148007,  Electronics,2024-12-10
290,261,198.61249408374607,  Electronics,2024-12-05
291,212,112.34204177459554,  Electronics,2024-12-21
292,13,138.7676828288261,  Electronics,2025-01-15
293,103,139.76469969096138,Groceries,2024-04-23
294,5,31.573287189336167,Groceries,2024-03-27
295,247,245.38362275424075,Dining,2025-01-21
296,125,150.62494228151388,dining ,2024-07-28
297,69,78.18047589587279,Dining,2024-12-12
298,217,324.45483471829755,Groceries,2025-01-12
299,261,57.51890647495708,Travel,2024-11-22
300,32,123.35612569490866,Groceries,2024-10-06
301,152,82.28437712894667,Travel,2024-07-30
302,110,25.477542008036043,Dining,2024-12-26
303,217,41.05441880461173,Travel,2024-08-15
304,279,103.38327680589703,Travel,2024-07-24
305,160,5.783859300492709,Dining,2024-04-09
306,224,79.86593039835887,groceries,2025-01-28
307,95,56.77811721658603,Dining,2025-01-22
308,174,12.708495161172959,Dining,2024-11-08
309,148,4.261145630410422,Travel,2024-11-26
310,219,37.39814546594263,groceries,2024-03-20
311,16,10.024150758840056,groceries,2024-06-30
312,71,163.15974580828797,Groceries,2024-01-13
313,13,42.53635203911929,electronics,2024-03-27
314,293,15.436509791955007,groceries,2024-04-20
315,159,35.03035202249673,Travel,2024-08-10
316,147,84.37556045586979,Dining,2024-06-13
317,143,20.822998920816605,  Electronics,2024-06-13
318,10,64.4942046474386,Groceries,2024-05-01
319,250,53.26988798117759,Travel,2024-06-29
320,253,94.93178523866666,Travel,2024-05-29
321,7,127.60002754197097,  Electronics,2024-10-23
322,186,61.550377802177564,groceries,2024-07-01
323,167,29.67669338867077,  Electronics,2024-01-14
324,114,28.883434469977427,groceries,2024-04-29
325,147,24.477818657902546,  Electronics,2024-11-07
326,264,196.56900666456045,electronics,2024-08-04
327,179,63.049136512249845,electronics,2024-06-13
328,147,8.52227327867437,  Electronics,2024-04-11
329,219,67.8275666509194,Travel,2024-06-10
330,208,158.83750308928708,groceries,2024-05-21
331,157,11.876738477368162,electronics,2024-02-11
332,248,66.2259139192793,Travel,2024-11-25
333,169,22.590088488660406,Dining,2024-06-06
334,185,233.0478707845116,Groceries,2024-05-24
335,148,158.98207297457327,dining ,2024-04-19
336,177,47.8072628505183,electronics,2024-11-11
337,184,74.97077801779457,  Electronics,2024-06-11
338,269,49.91050354483821,electronics,2025-01-20
339,75,144.96603154266833,Dining,2024-03-31
340,109,121.84976299394023,Dining,2024-02-29
341,166,109.41327481393613,Travel,2024-03-23
342,102,114.12944901660298,Groceries,2024-07-10
343,202,28.200284064059527,Dining,2024-06-17
344,247,64.43307717297601,Groceries,2024-12-29
345,58,31.78280447569776,Groceries,2024-09-27
346,18,273.9409787314777,Dining,2025-01-20
347,297,40.914645575554715,groceries,2025-01-15
348,153,36.99411461088537,  Electronics,2024-03-22
349,224,141.45852502465618,  Electronics,2024-04-19
350,228,76.84791115902595,groceries,2024-04-13
351,286,118.10790144510322,Groceries,2024-12-16
352,10,75.09083636765334,dining ,2024-05-25
353,88,84.73081493518939,dining ,2024-08-20
354,295,,electronics,2024-07-18
355,133,29.558396761072302,Dining,2024-03-24
356,119,131.87820089797026,Groceries,2024-01-13
357,79,76.62282379673955,groceries,2024-05-04
358,6,214.85181616392967,dining ,2024-08-03
359,14,76.10735333888627,groceries,2024-02-17
360,291,18.974638506556577,electronics,2024-05-12
361,5,349.2014548789728,  Electronics,2024-11-02
362,42,210.65560186978288,electronics,2024-01-26
363,74,209.39034135901443,Travel,2024-01-15
364,86,79.7643784010777,electronics,2024-12-14
365,258,174.72996200964025,Dining,2024-09-11
366,97,96.03733638007225,electronics,2024-10-27
367,49,33.24460333737432,electronics,2024-07-09
368,118,66.78745517246382,Dining,2024-06-08
369,207,21.48764657930032,Dining,2024-02-06
370,134,4.866775424367465,Dining,2024-09-19
371,75,116.20043479256653,Groceries,2024-03-29
372,36,82.61582141382348,groceries,2024-03-22
373,20,15.021872488783343,electronics,2025-01-12
374,147,114.3841945269983,Groceries,2024-04-30
375,58,127.51409133217463,  Electronics,2024-08-18
376,175,235.61613321391286,Travel,2024-12-22
377,203,117.38876251932095,Dining,2024-01-19
378,114,33.81413544838794,electronics,2024-04-07
379,150,116.41835654526174,Travel,2024-02-25
380,18,39.64565247939509,Travel,2024-10-10
381,165,23.994140269371055,groceries,2024-07-11
382,54,20.24910733595975,Dining,2024-08-04
383,136,220.83427172381138,Groceries,2024-09-09
384,33,105.03390252467258,electronics,2024-12-11
385,83,7.763769570142532,Dining,2024-01-23
386,125,22.433446859197677,  Electronics,2024-01-27
387,147,148.63045255854357,Dining,2024-12-11
388,9,,electronics,2024-08-19
389,276,,  Electronics,2024-04-21
390,126,79.85989846665387,Travel,2024-02-03
391,61,106.69235386424003,Travel,2024-10-18
392,60,72.37922450016572,electronics,2025-01-28
393,220,152.6485899314964,groceries,2024-05-19
394,131,,electronics,2024-09-16
395,76,211.46153601389096,  Electronics,2025-01-14
396,135,49.79716126867772,Groceries,2024-08-01
397,58,132.76951517964488,groceries,2024-08-28
398,49,96.32203168321459,groceries,2024-11-22
399,97,58.55250737799663,Groceries,2024-02-11
400,289,94.74216478858244,  Electronics,2024-07-25
401,28,13.12508356200864,Groceries,2024-05-31
402,164,72.3823857726477,dining ,2024-09-22
403,280,103.56562237478084,Dining,2024-04-06
404,138,99.93293214995185,groceries,2024-06-25
405,110,60.85238632187182,Groceries,2024-10-25
406,167,56.47388752624935,dining ,2024-07-13
407,53,55.821696993740645,Travel,2024-03-07
408,208,10.888586866155682,  Electronics,2024-09-09
409,1,170.65798493929222,electronics,2024-08-24
410,170,242.7158284504499,electronics,2024-08-26
411,19,110.66716073946395,dining ,2024-01-06
412,7,25.83655888370711,Dining,2025-01-15
413,65,93.53978273774703,Groceries,2024-01-29
414,216,29.156481208899933,  Electronics,2024-09-01
415,125,60.040530484520964,Dining,2024-01-04
416,126,53.0820007679864,groceries,2024-02-29
417,180,146.78387415334873,Groceries,2024-05-18
418,21,161.01536050754558,electronics,2024-03-27
419,294,84.47113776961508,electronics,2024-11-21
420,146,127.61933779097639,  Electronics,2024-06-05
421,267,14.037566439797931,  Electronics,2024-03-19
422,226,23.03216624036422,  Electronics,2024-01-17
423,73,78.11635289894666,Travel,2024-12-01
424,91,67.06175215368579,Travel,2024-02-20
425,183,37.05622316964111,Groceries,2024-12-19
426,252,75.11132995405389,groceries,2025-01-22
427,276,205.75878899542542,dining ,2024-04-27
428,146,59.63219955981907,dining ,2024-02-08
429,31,103.1103888171703,  Electronics,2024-01-03
430,298,225.04772184620523,  Electronics,2024-07-06
431,256,137.4822940064085,electronics,2024-04-23
432,214,112.00643649497471,  Electronics,2024-04-29
433,119,12.122827028474921,Dining,2024-11-24
434,41,41.47469713977408,Dining,2025-01-26
435,234,103.26080476493934,electronics,2024-11-19
436,62,54.9167834839,  Electronics,2024-04-25
437,97,42.237788446377635,electronics,2024-09-19
438,260,4.80979231867932,Travel,2024-10-31
439,188,55.56168206793092,Dining,2024-09-08
440,90,5.734188129594104,Travel,2024-04-19
441,152,23.084266144776628,  Electronics,2025-01-01
442,184,30.502589504260747,Dining,2024-04-01
443,32,63.332505256813135,Travel,2024-04-12
444,82,83.79856578941516,dining ,2024-08-25
445,228,35.06845967241456,  Electronics,2024-06-29
446,188,150.15222093547922,Travel,2024-10-27
447,247,23.659648849115523,Groceries,2024-05-01
448,220,39.61663473913398,groceries,2024-04-18
449,145,170.0432025081214,electronics,2024-12-10
450,90,76.33161009867067,electronics,2024-06-06
451,117,33.685841466597516,dining ,2025-01-30
452,61,36.63499225758451,Groceries,2024-12-22
453,284,50.2005029652574,electronics,2024-05-23
454,10,69.86953895249621,electronics,2024-02-10
455,112,54.50842984323236,Travel,2024-04-23
456,21,101.40625415101837,dining ,2024-03-03
457,264,62.39054368043512,groceries,2024-08-07
458,196,70.09318473603594,groceries,2024-01-20
459,126,64.04021387170141,  Electronics,2024-06-30
460,237,15.251552879990733,Dining,2024-09-02
461,112,38.64914458297821,groceries,2024-09-10
462,140,82.5448626808204,Dining,2024-12-30
463,109,126.25248643690533,  Electronics,2025-01-29
464,227,116.89056070091678,Groceries,2025-01-08
465,18,153.8010121995064,groceries,2024-10-27
466,164,90.98945073509766,Dining,2024-05-26
467,83,190.10799369469865,Groceries,2024-10-13
468,292,213.50457129820785,dining ,2024-09-26
469,69,66.43209697313598,groceries,2024-03-25
470,120,284.3358033990777,electronics,2024-04-23
471,19,68.53622943351303,Travel,2024-03-18
472,150,34.61017968580292,Dining,2024-04-25
473,162,107.8697643873876,Dining,2024-06-07
474,226,61.37493414182836,dining ,2024-09-22
475,133,181.94760505709104,Groceries,2024-12-22
476,75,149.99598126617292,electronics,2024-05-26
477,8,154.3074651222918,groceries,2024-11-03
478,274,20.319338736893503,groceries,2024-03-30
479,47,79.69042874537338,Dining,2024-12-17
480,232,163.24811324013737,dining ,2024-03-31
481,275,74.72248562247213,dining ,2024-10-23
482,97,37.47735025666231,Dining,2024-01-24
483,40,133.6065234836612,Dining,2024-04-08
484,208,60.60205796016798,Groceries,2024-02-16
485,112,60.76152358308153,Travel,2024-03-09
486,11,61.94392233679042,electronics,2024-04-05
487,285,42.110268522124564,groceries,2024-10-27
488,272,24.09711361610198,dining ,2024-12-15
489,34,121.32694408106849,dining ,2025-01-03
490,218,50.61563243188648,Dining,2024-09-05
491,123,50.491159890009875,Travel,2024-04-03
492,20,21.139760393646398,Groceries,2024-01-31
493,240,162.99999319999569,Dining,2024-05-07
494,256,64.30614292080665,Travel,2024-03-16
495,6,14.076888464635678,Travel,2024-05-07
496,32,120.61705150491589,electronics,2024-01-21
497,21,87.49339308617655,Travel,2025-02-01
498,287,50.56197614859612,Dining,2024-07-18
499,279,17.022696165875406,electronics,2024-07-26
500,251,47.53851923459934,  Electronics,2024-03-30
501,205,108.53925289967277,Travel,2024-12-01
502,28,118.75719669818693,Dining,2024-07-28
503,79,24.88774736123569,groceries,2024-07-07
504,155,83.99423390867598,electronics,2024-01-20
505,144,80.1601483095093,Dining,2024-05-28
506,32,79.72984884436806,groceries,2024-04-16
507,75,132.38536839812485,Dining,2024-02-03
508,210,31.294172768289418,Dining,2024-12-22
509,267,88.61531884806936,electronics,2024-11-02
510,33,76.07100018095085,Dining,2024-01-02
511,284,47.54736583241284,groceries,2024-05-07
512,95,103.35937823117294,Groceries,2024-01-04
513,22,150.1421222848936,  Electronics,2025-02-02
514,274,39.271451618121795,Dining,2024-09-30
515,157,27.69416643280893,  Electronics,2024-11-12
516,199,247.3972173423893,dining ,2024-01-23
517,56,212.0433920883659,Travel,2025-01-15
518,272,157.86632457181298,  Electronics,2024-02-23
519,121,73.56015113277098,Dining,2024-09-11
520,112,1.6074585008923985,groceries,2024-02-18
521,222,94.31488371447487,Groceries,2024-03-27
522,226,35.476982044628606,Dining,2024-02-04
523,214,107.3607951626071,groceries,2024-06-22
524,70,28.81930923257697,Dining,2024-02-11
525,57,31.97780291248039,Dining,2024-01-24
526,170,159.98633387947194,Groceries,2024-12-28
527,100,44.427688561113726,Groceries,2024-08-27
528,11,33.458073315478096,  Electronics,2024-12-31
529,128,80.46825644702665,dining ,2024-12-09
530,232,183.51018116425018,Travel,2024-04-10
531,116,112.88082069438936,groceries,2024-06-05
532,124,47.18531049869611,groceries,2024-03-28
533,204,68.81029728476435,dining ,2024-11-16
534,291,19.186856135959772,Travel,2024-12-06
535,236,25.552477896682948,electronics,2025-01-04
536,44,118.11485356909478,dining ,2025-01-16
537,101,48.218597150220646,  Electronics,2024-07-22
538,161,21.009982792881964,dining ,2024-12-21
539,132,17.6498193780628,groceries,2024-02-22
540,69,27.89866433638728,  Electronics,2024-02-13
541,21,23.777266928364472,  Electronics,2024-03-23
542,195,22.14739756006392,  Electronics,2024-03-03
543,110,40.71050492550817,Travel,2024-09-22
544,96,74.03942439198828,  Electronics,2024-08-31
545,284,61.176063250912975,  Electronics,2024-07-17
546,248,24.190486231082463,groceries,2024-03-15
547,151,88.32156454460004,Travel,2024-11-09
548,272,95.42523220338963,Travel,2024-03-11
549,167,50.20603494812859,Dining,2024-07-07
550,275,65.25236265332136,Travel,2024-07-09
551,182,40.07761751211337,Groceries,2024-12-31
552,106,148.36841000157594,groceries,2024-05-06
553,170,68.87816255086523,Travel,2024-03-10
554,208,20.157020184097934,Dining,2024-10-15
555,241,158.48065829354272,dining ,2025-01-04
556,291,50.30871101480357,groceries,2024-10-31
557,78,93.98947131973782,Travel,2024-01-04
558,31,43.48197943651363,Groceries,2024-03-29
559,95,100.43039821766106,groceries,2024-07-27
560,173,110.22953611361096,Travel,2024-02-20
561,266,31.57133928744625,  Electronics,2024-04-10
562,273,96.1957208277294,electronics,2024-07-29
563,150,38.95667449427367,  Electronics,2024-09-06
564,14,56.793167581785184,dining ,2024-06-19
565,287,46.64906868149587,groceries,2024-01-07
566,70,110.50092599343753,  Electronics,2024-02-23
567,42,114.59119899229391,electronics,2025-01-16
568,67,147.5882798138098,dining ,2025-01-17
569,235,58.47398622200217,dining ,2024-08-02
570,160,77.23305634106738,  Electronics,2024-03-13
571,142,156.0370662917607,Travel,2024-07-14
572,105,53.950186081967814,  Electronics,2024-11-17
573,142,230.11693016474868,  Electronics,2024-05-26
574,215,90.6992237140785,Travel,2025-01-15
575,264,47.29745470351661,Travel,2024-06-25
576,284,65.57146767416899,Travel,2024-12-27
577,40,148.39745584173667,  Electronics,2024-01-18
578,221,193.08575989608758,  Electronics,2024-08-17
579,154,37.85704720746191,groceries,2024-01-19
580,112,17.1491619081499,  Electronics,2024-04-14
581,75,72.53699441053784,electronics,2024-09-26
582,20,38.473756196449514,electronics,2024-06-20
583,103,170.1465233154479,electronics,2024-07-21
584,70,61.81005339958411,groceries,2024-06-23
585,245,233.47134903290566,electronics,2024-11-08
586,267,113.53977819283259,Travel,2024-10-27
587,120,89.83433466275537,dining ,2024-10-12
588,117,117.62766873610627,electronics,2024-06-01
589,235,51.64106494293354,groceries,2024-10-02
590,46,11.072769620209531,Dining,2024-09-16
591,5,48.49092201473476,groceries,2024-07-18
592,63,118.37313511429608,groceries,2024-05-27
593,299,54.40818761843577,Dining,2024-08-10
594,133,28.29072585967189,Travel,2024-09-12
595,286,129.49055581337862,  Electronics,2024-07-30
596,11,9.07408511217595,Travel,2024-01-08
597,203,44.96920559496765,dining ,2024-03-01
598,79,118.59684046859086,Groceries,2024-12-06
599,59,104.21523107071084,Groceries,2024-06-01
600,191,102.3242645279886,electronics,2025-01-07
601,197,103.29072664896337,Travel,2024-07-21
602,235,32.14876812185954,Travel,2024-08-11
603,57,37.58792412470643,groceries,2024-03-13
604,252,40.142630927664726,Groceries,2024-05-01
605,112,90.44107025472243,Dining,2024-05-07
606,18,50.76439295865265,dining ,2024-11-12
607,11,81.26617989875997,Dining,2024-04-06
608,27,36.801525154892055,groceries,2024-03-12
609,21,47.07757504723091,Travel,2024-05-26
610,195,71.86589367462079,groceries,2024-03-06
611,48,97.46792225109573,dining ,2024-08-30
612,159,97.11197342760947,  Electronics,2025-01-06
613,55,9.001930046993964,Dining,2024-05-06
614,225,52.332136591176805,dining ,2024-10-02
615,251,89.66887185036988,Groceries,2024-11-26
616,251,108.81806874873692,dining ,2024-07-17
617,73,92.35428518442717,Groceries,2024-11-24
618,132,100.2670226101661,Groceries,2024-02-02
619,247,63.34072403245291,dining ,2024-01-06
620,243,270.9038820440927,Dining,2024-01-18
621,2,45.358121405723786,electronics,2024-04-11
622,200,92.03236436725577,Travel,2024-04-11
623,18,193.7805987876181,  Electronics,2024-02-29
624,190,36.89359805451308,electronics,2024-04-29
625,19,72.50389947399594,Dining,2024-03-31
626,174,72.02415959937325,Dining,2024-03-02
627,279,132.0367546481365,Travel,2024-01-12
628,122,21.232059661455885,Dining,2024-04-21
629,245,168.2478244423929,groceries,2024-07-13
630,89,129.87519746916684,dining ,2024-06-09
631,5,85.60919507017573,electronics,2024-04-05
632,155,42.27309679359249,electronics,2024-01-12
633,279,34.96222623420199,Travel,2024-04-14
634,216,44.186375058135674,groceries,2024-04-04
635,68,18.3446804956741,Travel,2024-06-22
636,78,,Travel,2024-01-01
637,80,123.12008151247709,  Electronics,2024-09-05
638,170,54.17605478279167,groceries,2024-07-18
639,175,25.20760142102976,Dining,2024-02-07
640,178,166.2838443486889,electronics,2025-01-06
641,62,20.164818016460394,Travel,2024-09-29
642,220,28.77000366104457,groceries,2024-06-02
643,292,,  Electronics,2024-06-24
644,61,21.305391751069767,groceries,2024-03-03
645,110,203.6740054687772,  Electronics,2024-06-02
646,138,178.4044194147509,dining ,2024-10-13
647,171,66.29143013394321,Travel,2024-12-08
648,267,84.74085499870066,groceries,2024-03-18
649,172,1.7365265750314869,groceries,2024-08-06
650,290,,groceries,2024-01-14
651,85,15.332403260384194,dining ,2024-01-02
652,197,103.399095896048,  Electronics,2024-11-01
653,220,115.79561420905357,  Electronics,2024-10-23
654,251,141.59714110057712,dining ,2024-04-06
655,297,55.538982474559305,Travel,2025-01-07
656,142,47.57893972800984,electronics,2024-01-16
657,179,27.55494913124814,Dining,2024-10-19
658,223,4.695294294617549,groceries,2024-06-30
659,26,33.33262809586913,dining ,2024-05-29
660,218,139.45892555002092,Dining,2024-02-06
661,242,64.68765569999354,groceries,2024-05-28
662,168,142.71959630501317,groceries,2024-04-21
663,200,38.42877741541444,Groceries,2024-07-04
664,240,90.93979093358334,  Electronics,2024-06-05
665,147,51.580780718680856,  Electronics,2024-12-26
666,21,148.75554278929567,Dining,not_a_date
667,196,58.145120578151975,Travel,2024-05-13
668,184,30.93480624663226,  Electronics,2024-03-13
669,79,173.8175221996516,groceries,2024-02-25
670,129,-79.46456268255045,Dining,2024-03-25
671,91,40.441190102220936,Travel,2024-04-03
672,38,47.901192505060656,Groceries,2024-03-06
673,155,63.66732393368836,electronics,2024-10-25
674,126,45.91462940071003,Travel,2024-11-05
675,21,150.10329634624276,Travel,2024-10-13
676,86,33.06385285663307,Groceries,2024-06-28
677,176,118.98550329537876,Groceries,2024-02-03
678,18,74.68657124299138,dining ,2024-01-09
679,55,80.77861131978469,  Electronics,2024-12-14
680,82,107.59139642092694,Groceries,2024-04-22
681,76,49.760735929226996,electronics,2024-04-22
682,299,59.10434301290388,  Electronics,2024-12-06
683,270,156.8909890983847,groceries,2024-10-09
684,101,6.19855844212164,dining ,2024-05-22
685,176,95.83015569757193,Dining,2024-10-28
686,133,88.08610150683882,electronics,2024-09-14
687,73,103.66175512691413,electronics,2024-02-04
688,48,13.891596053833497,Travel,2024-03-18
689,210,27.248737495298677,  Electronics,not_a_date
690,213,65.50678715097666,Dining,2025-01-27
691,298,20.494451792728125,  Electronics,2024-03-10
692,106,96.00984878559572,Groceries,2024-07-22
693,269,41.314835657793566,dining ,2024-11-08
694,276,94.74489884223487,Dining,2024-07-05
695,239,62.52775466242076,groceries,2024-12-10
696,244,97.92589993703112,Groceries,2024-07-03
697,100,75.51327257893753,dining ,2024-11-26
698,180,93.49653057921059,groceries,2025-01-18
699,175,117.02029621440448,Dining,2024-08-18
700,125,224.27910246113532,Travel,2024-07-16
701,175,55.62164512774946,groceries,2024-06-23
702,134,67.64099493733784,electronics,2024-10-29
703,27,44.062625956347915,groceries,2024-03-08
704,130,233.22652799454343,Travel,2024-02-10
705,208,45.63694250313132,Dining,2024-03-06
706,252,27.114724171279537,groceries,2024-12-19
707,156,59.78634611157524,  Electronics,2024-08-21
708,6,13.599608772225256,electronics,2024-05-01
709,157,60.674075796158704,electronics,2024-07-09
710,114,122.13547098229708,  Electronics,2024-02-05
711,221,79.38835067577108,dining ,2024-03-08
712,201,28.958062627665726,  Electronics,2024-02-06
713,24,55.60966665661252,electronics,2025-01-24
714,282,103.06287723124962,Dining,2024-03-20
715,64,35.99674095369651,dining ,2025-01-26
716,159,,electronics,2024-10-09
717,296,35.2832989296629,groceries,2025-01-10
718,27,95.1793796486922,electronics,2024-12-07
719,90,42.76949512665401,Travel,2025-01-15
720,239,35.37709736566149,dining ,not_a_date
721,77,44.43562728407261,Groceries,2024-07-18
722,191,200.5158111435655,dining ,2024-01-12
723,22,3.602025793216426,groceries,2024-10-15
724,44,37.04747247304151,Dining,2024-02-16
725,94,76.71176101719736,groceries,2024-12-15
726,150,91.43382380841129,dining ,2025-01-18
727,168,170.07942083723333,dining ,2024-11-20
728,135,153.12253707483157,groceries,2024-07-07
729,12,96.06470551443519,Travel,2024-04-26
730,175,142.31606269408016,dining ,2025-01-19
731,87,48.21816328715062,Travel,2024-05-24
732,129,94.35178794441623,  Electronics,2025-01-04
733,77,35.06747785095181,electronics,2024-03-15
734,7,119.44908806946744,Travel,2024-12-24
735,47,37.90454002946204,Groceries,2024-04-15
736,108,64.65521650277941,Travel,2024-03-05
737,237,58.32563143186269,Travel,2024-09-02
738,246,17.280809340869567,Dining,2025-02-02
739,288,23.644617501216466,groceries,2024-05-23
740,86,34.83697496072879,dining ,2024-02-01
741,274,56.751349845969955,electronics,2024-07-26
742,126,24.434880720893858,Groceries,2024-06-01
743,132,138.72770639651827,groceries,2024-10-12
744,68,159.25906970361362,  Electronics,2025-01-24
745,20,87.11982140713106,dining ,2024-01-15
746,233,42.38411368027775,Dining,2024-11-18
747,105,50.695896212300376,Travel,2024-05-13
748,198,114.70880598454734,Groceries,2024-09-27
749,157,49.18718454009032,electronics,2024-08-31
750,137,138.26243993796692,dining ,2024-09-22
751,114,136.14818564414776,electronics,2024-12-25
752,36,80.38205701331427,Dining,2024-01-07
753,219,79.09801550155149,Groceries,2024-01-16
754,267,136.95576369518534,  Electronics,2024-11-07
755,223,135.8532008703964,Dining,2024-10-30
756,143,98.5984363475107,Travel,2024-04-09
757,269,51.1700451148091,electronics,2024-03-10
758,298,161.96910479410067,groceries,2024-02-18
759,141,75.44095380227932,electronics,2024-01-19
760,40,35.82120498489813,groceries,2024-07-11
761,72,24.971070673858158,Travel,2024-04-01
762,199,91.5078231314441,dining ,2024-10-20
763,273,47.01245730821639,Groceries,2024-10-29
764,137,92.43846876139281,Dining,2024-08-22
765,265,,Dining,2024-03-25
766,32,23.964799332663794,Groceries,2024-04-21
767,38,35.17854177726192,electronics,2024-07-08
768,141,,Travel,2024-10-26
769,64,34.914256770096316,Dining,2025-01-09
770,91,210.72166033692977,groceries,2024-04-06
771,198,155.69531530961544,  Electronics,2024-02-05
772,280,114.6453696986032,groceries,2024-04-10
773,246,183.96229942691772,Travel,2024-08-11
774,75,140.88941923448664,groceries,2024-07-07
775,288,52.08833827385295,  Electronics,2024-08-10
776,4,252.37469389929674,groceries,2024-11-23
777,7,25.343296439612057,  Electronics,2024-02-17
778,256,59.15503397911793,groceries,2024-06-10
779,57,81.42294578493923,Travel,2024-03-20
780,243,56.97367861801692,dining ,2024-03-14
781,127,13.669085610126302,Dining,2024-11-23
782,169,33.87846548552685,Travel,2024-02-06
783,165,55.53338364274153,electronics,2024-03-15
784,166,13.657785540093005,electronics,2024-01-15
785,233,189.1023864653119,Dining,2024-04-19
786,212,129.89070066085577,dining ,2024-01-08
787,167,43.01091765788303,  Electronics,2024-06-27
788,253,49.597151686200256,electronics,2025-01-19
789,156,65.88851226216839,dining ,2024-06-12
790,27,144.37486984687038,dining ,2024-10-27
791,72,18.361842278398207,electronics,2024-03-10
792,3,20.71702423463094,dining ,2024-04-18
793,195,106.57783209194699,electronics,2024-02-04
794,74,46.44344453249154,groceries,2024-10-08
795,175,56.15542523913519,Groceries,2024-08-09
796,21,200.63130288993045,Dining,2024-10-07
797,283,100.11507960868164,  Electronics,2024-12-22
798,247,141.97148238093547,Dining,2024-01-01
799,57,123.5207630868114,groceries,2024-01-16
800,169,41.19525108082313,Dining,2024-07-30
801,38,82.1756624985661,electronics,2024-08-24
802,208,50.9850976425455,dining ,2024-07-12
803,106,14.317620787548236,  Electronics,2024-01-26
804,171,116.77633788049457,dining ,2024-06-05
805,98,153.41436522862665,dining ,2024-11-04
806,159,210.5826518656554,groceries,2024-09-14
807,136,37.35360341162028,groceries,2025-01-25
808,114,81.10354563999691,dining ,2024-09-23
809,52,31.48099048783497,Groceries,2024-03-13
810,67,77.77802527534388,electronics,2024-08-27
811,212,68.25623961204413,Travel,2024-02-25
812,266,199.32991301022656,dining ,2024-02-21
813,246,20.579838882129685,dining ,2024-06-10
814,180,78.67586191041156,Groceries,2024-06-19
815,2,58.66050034583377,groceries,2024-03-13
816,238,59.176967399824896,Dining,2024-07-27
817,273,205.79596886673346,Travel,2024-05-01
818,93,182.5623035269392,electronics,2024-05-10
819,28,68.03685443885853,  Electronics,2024-09-08
820,67,64.45347343726988,Travel,2024-03-15
821,92,37.75868862435354,Groceries,2024-09-13
822,111,27.331961742442257,groceries,2024-11-21
823,146,39.06062155858544,electronics,2025-01-25
824,103,61.28426162897331,dining ,2024-09-29
825,127,149.00281671475906,Dining,2024-04-04
826,112,63.875503783033096,dining ,2024-04-30
827,65,210.06201215752182,Dining,2024-06-28
828,186,130.20270534390872,Travel,2024-06-13
829,219,19.07159214303856,Travel,2025-01-23
830,177,15.042602355740584,  Electronics,2024-09-10
831,251,90.39608584759867,dining ,not_a_date
832,46,35.16945689478891,Dining,2024-03-05
833,69,206.22113772726954,  Electronics,2024-09-05
834,49,48.886653217036894,Groceries,2024-11-02
835,50,46.74066531850386,Dining,2025-01-02
836,88,27.83087980948523,dining ,2025-01-04
837,156,81.02221316002078,electronics,2024-09-30
838,63,16.410839315397816,groceries,2024-03-09
839,45,96.70711745555613,electronics,2024-03-05
840,2,96.93704209966509,dining ,2024-03-15
841,281,91.79855666216011,Dining,2024-12-18
842,94,89.29434435696146,Dining,2024-04-07
843,255,102.38514642375692,Travel,2024-07-10
844,182,28.409071265341005,electronics,2024-09-30
845,250,186.38445575991884,Travel,2025-01-29
846,9,35.56912646533506,Travel,2024-03-19
847,124,115.96529416130765,dining ,2025-01-29
848,234,16.682969534487018,Groceries,2024-03-15
849,236,75.44550329611057,groceries,2024-01-03
850,61,27.91190042742679,electronics,2024-12-27
851,118,98.69110807039095,Groceries,2024-04-09
852,283,124.47471289777347,Travel,2024-03-14
853,137,94.89153345108441,Dining,2024-09-04
854,234,108.25899244045667,electronics,2024-06-29
855,32,14.297764757383558,Dining,2024-07-11
856,202,99.07105425190733,groceries,2024-09-08
857,12,82.08686685754338,groceries,2024-12-22
858,199,119.50486887419498,electronics,2024-02-12
859,201,-143.60351437090853,  Electronics,2024-06-07
860,54,30.814539636763353,groceries,2024-06-09
861,58,58.62564890708721,groceries,2024-03-18
862,74,120.4350406897008,groceries,2024-03-26
863,286,66.31740223116444,groceries,2024-04-26
864,280,41.623776562025235,Travel,2024-01-06
865,169,36.94810040134637,dining ,2024-09-16
866,269,116.7688196494259,Dining,2024-05-11
867,173,148.95989876236942,groceries,2024-08-25
868,179,18.394167731607407,Groceries,2024-09-07
869,268,44.82958750974711,Travel,2024-01-28
870,106,269.66458191893105,electronics,2024-07-18
871,89,135.75333393454878,dining ,2024-05-31
872,181,24.008672688180077,  Electronics,2024-04-29
873,4,75.85069595296622,dining ,2024-06-06
874,104,14.527610113117785,  Electronics,2024-11-09
875,66,31.475417008787613,groceries,2024-07-07
876,5,77.58903142602327,Dining,2024-02-19
877,137,102.3305060862229,dining ,2024-10-10
878,165,28.66487895444343,Groceries,2024-05-03
879,46,9.249580589768676,  Electronics,2024-04-25
880,171,5.388852404625885,groceries,2024-01-30
881,84,42.195639510312766,Dining,2024-01-12
882,48,22.635863754632606,dining ,2024-07-06
883,221,86.91376605372255,groceries,2024-01-17
884,136,38.6628267442329,dining ,2024-09-29
885,113,50.732269842865485,Groceries,2024-08-21
886,283,99.98314356897947,Dining,2024-08-06
887,103,182.75848465580725,  Electronics,2024-05-27
888,255,3.081264659557493,Dining,2024-11-14
889,70,60.173553465861545,electronics,2024-04-05
890,187,56.79712270692211,Groceries,2024-08-27
891,159,91.89214793904107,groceries,2024-05-08
892,51,55.32404259527519,  Electronics,2024-10-14
893,298,93.97043673075005,Travel,2024-09-14
894,290,59.65851499392766,Groceries,2024-02-18
895,51,14.568659694151648,  Electronics,2024-04-09
896,107,40.6777434048732,electronics,2025-02-02
897,253,17.72115609937225,  Electronics,2024-07-03
898,29,82.1672689229521,dining ,2024-07-19
899,232,35.940747819224285,Dining,2024-07-26
900,89,122.1462780626862,dining ,2024-02-24
901,180,38.807413313642556,groceries,2024-02-14
902,150,218.99838379357993,  Electronics,2025-01-13
903,163,38.00062624745907,electronics,2024-04-12
904,86,101.25827563262291,  Electronics,2024-11-15
905,156,85.75057192447412,Dining,2025-01-20
906,158,63.87360988661921,  Electronics,2024-06-05
907,31,22.648419893074795,Dining,2024-05-21
908,219,136.25705471452764,Groceries,2024-08-18
909,171,63.423038802398494,  Electronics,2024-05-28
910,143,77.12202368312835,  Electronics,2024-08-14
911,296,12.618338866494641,groceries,2024-06-01
912,75,155.80391787034048,dining ,2025-01-09
913,219,43.16341656134368,Groceries,2024-08-11
914,53,71.9397015627416,Groceries,2024-11-23
915,140,76.9604159984101,Groceries,2024-10-27
916,266,215.86217788623628,  Electronics,2024-02-27
917,133,59.6070565600092,electronics,2024-09-23
918,130,95.3292771196766,Dining,2024-03-04
919,261,64.74868142477317,Groceries,2025-01-21
920,94,16.90531948871727,dining ,2024-01-10
921,2,25.387308427859896,electronics,2024-11-19
922,13,129.90166317188817,electronics,2024-12-29
923,60,74.21687488136865,  Electronics,2024-12-15
924,167,160.24023044163457,Groceries,2024-08-09
925,287,117.21050484169822,Groceries,2024-09-07
926,287,98.9031037341473,Groceries,2024-04-13
927,196,98.69562164152369,Travel,2024-01-05
928,88,46.40659505411209,  Electronics,2024-02-28
929,248,78.44518127606676,Dining,2024-07-05
930,111,24.96204853815388,groceries,2024-06-18
931,160,7.44788805182217,groceries,2024-06-21
932,238,41.71035986264834,groceries,2024-01-04
933,13,71.87916226556278,Dining,2025-01-08
934,158,84.41149818252836,dining ,2024-02-15
935,161,41.73427580814115,  Electronics,2024-01-14
936,74,37.14525141860304,Dining,2024-03-31
937,189,103.1801030289988,  Electronics,2024-10-11
938,215,9.191154416082306,dining ,2024-09-05
939,27,71.419041681298,Dining,2024-01-04
940,281,57.19024498895408,Dining,2024-04-29
941,144,71.48745236870484,dining ,2024-09-07
942,210,138.5768852010278,dining ,2024-11-12
943,282,3.3878088628293335,Groceries,2024-07-07
944,252,15.280877292056763,  Electronics,2024-08-12
945,19,170.8748496394545,Groceries,2024-11-23
946,153,162.90644025053405,groceries,2024-08-03
947,14,42.627380409095615,  Electronics,2024-11-08
948,294,40.51769906805737,electronics,2024-02-10
949,31,71.39126860856851,Groceries,2024-04-01
950,34,58.29795147325984,Groceries,2024-03-23
951,204,73.13168019980833,  Electronics,2024-07-15
952,118,42.69969146209729,groceries,2025-01-14
953,267,131.80984489683522,  Electronics,2024-07-06
954,93,64.13234435709263,dining ,2024-06-15
955,47,213.90716862190655,groceries,2024-09-08
956,148,74.5225566425809,groceries,2024-02-12
957,253,29.939101253923685,electronics,2024-09-23
958,182,53.941671190889465,electronics,2024-07-04
959,67,71.42579005174588,groceries,2024-07-07
960,220,56.27199617711781,dining ,2024-07-26
961,161,36.85068393616077,groceries,2024-02-05
962,189,15.133556959095095,electronics,2024-05-26
963,229,192.00621284153988,Groceries,2025-01-28
964,217,74.57804265746189,dining ,2024-03-03
965,36,119.24978647854604,groceries,2024-12-20
966,24,224.47117361500904,electronics,2025-01-20
967,143,101.0032377575957,Dining,2024-08-24
968,121,142.15671671282624,electronics,2024-07-24
969,260,194.35453928873937,Groceries,2025-01-04
970,61,68.22977126595876,groceries,2024-08-08
971,107,83.01053032542454,electronics,2024-10-04
972,65,58.55284810327741,electronics,2024-12-19
973,239,22.67650093743623,  Electronics,2024-07-07
974,100,86.33651461575516,Groceries,2024-08-29
975,136,212.47230609980346,Travel,2025-01-22
976,231,25.761823043888334,dining ,2024-06-09
977,283,62.842951160108015,groceries,2024-07-15
978,42,92.8210487536851,Groceries,2024-02-21
979,120,76.52893963005458,groceries,2024-07-24
980,239,36.20495357748129,dining ,2024-07-25
981,246,13.515617596382368,Dining,2024-10-15
982,241,129.81882298178513,electronics,2024-04-08
983,23,47.94712506332729,groceries,2024-11-09
984,198,89.6939872426955,Dining,2024-03-15
985,102,81.01063203912652,Travel,2025-01-06
986,62,129.8970890699815,  Electronics,2024-03-03
987,44,39.78451423906941,Dining,2024-12-01
988,293,36.10645291738734,Travel,2024-06-25
989,121,227.6861164452134,groceries,2024-01-20
990,208,156.60870014175384,Travel,2024-08-29
991,122,136.21149532508508,electronics,2024-06-08
992,280,26.227606674928957,dining ,2024-08-07
993,72,93.96995053916831,Travel,2024-07-06
994,264,109.50796394520609,dining ,2024-09-18
995,126,57.690540867316955,groceries,2024-05-09
996,253,23.367221634594152,Travel,2024-08-19
997,204,86.36683674314617,Dining,2024-12-12
998,196,20.346304004968747,Groceries,2024-10-04
999,173,52.957210288712666,Dining,2024-03-01
1000,27,62.765092941368465,  Electronics,2024-07-25
1001,73,109.84080167732006,Travel,2024-03-10
1002,35,105.2209007597229,Groceries,2024-10-17
1003,213,272.5839903924164,dining ,2024-02-11
1004,46,25.689014515323233,Travel,2024-02-29
1005,212,43.371582015118435,electronics,2024-02-11
1006,1,31.084178693536497,groceries,2024-02-24
1007,127,195.46817258974943,Groceries,2024-05-24
1008,230,148.37119422751354,Dining,2024-06-01
1009,138,22.793722843530663,Travel,2024-01-01
1010,291,109.63963902155018,Groceries,2024-11-01
1011,52,184.1895997709918,Dining,2024-01-14
1012,121,171.96909942223982,electronics,2024-12-12
1013,250,26.982022019362017,dining ,2024-09-20
1014,199,101.3024098633831,  Electronics,2024-04-29
1015,107,65.90816737512495,  Electronics,2024-02-24
1016,125,136.849788252421,Dining,2024-09-03
1017,88,36.82148193015263,groceries,2024-09-07
1018,234,107.69663265198591,  Electronics,2024-04-30
1019,278,45.66805114932521,groceries,2024-12-05
1020,167,90.17432574786224,groceries,2024-10-18
1021,92,64.18774832823738,Dining,2024-06-11
1022,1,17.735004692099032,Groceries,2024-10-11
1023,60,182.4311055243491,dining ,2024-06-09
1024,257,110.50997511742226,Travel,2024-08-24
1025,115,18.495551769662907,groceries,2024-09-13
1026,286,31.006622604976236,Groceries,2024-11-16
1027,155,37.33912186555584,  Electronics,2024-11-12
1028,226,71.09563397096565,Dining,2024-12-30
1029,184,47.64419019300293,Groceries,2024-12-28
1030,215,118.14633407763591,groceries,2024-07-08
1031,120,22.187418741918922,Travel,2024-07-29
1032,146,92.41604749708203,dining ,2024-10-08
1033,205,215.98508188880427,groceries,2024-04-15
1034,116,33.16333222270055,Travel,2025-01-24
1035,7,151.05049940065206,electronics,2024-04-04
1036,74,102.61991211747691,  Electronics,2024-03-12
1037,278,68.03168371914538,Dining,2024-05-08
1038,53,51.88814809748149,  Electronics,2024-03-24
1039,138,98.29014983312916,Dining,2024-08-15
1040,146,32.69799399508758,  Electronics,2024-02-21
1041,135,65.83001295081061,electronics,2024-10-11
1042,196,61.84402748761511,  Electronics,2024-09-17
1043,134,99.49473532547471,groceries,2025-01-18
1044,252,118.05615083303165,dining ,2024-07-06
1045,83,106.12786517052928,Groceries,2024-12-21
1046,172,60.37647401446472,Travel,2024-07-19
1047,244,51.110078984202346,Groceries,2024-06-12
1048,292,80.9935366052091,Travel,2024-07-17
1049,136,74.04912830067259,Dining,2024-09-09
1050,242,30.099008576916248,Dining,2024-11-02
1051,29,34.20330373089489,Dining,2024-07-12
1052,173,,dining ,2024-06-09
1053,105,279.25387650561595,Dining,2024-10-11
1054,257,44.1773064025189,dining ,2024-07-29
1055,146,29.7685307027411,dining ,2024-03-15
1056,129,72.02936382711998,electronics,2024-07-24
1057,108,209.3544348646073,Dining,2024-10-07
1058,101,21.292320706954428,Groceries,2024-05-06
1059,31,46.906848662456724,Dining,2024-02-18
1060,144,77.36385427201688,Travel,2024-05-16
1061,266,54.53505413585344,dining ,2024-02-17
1062,159,25.303089568346245,electronics,2025-01-02
1063,46,155.4370761375984,  Electronics,2024-09-13
1064,257,68.71931058859828,Travel,2024-07-20
1065,218,69.7810407780709,Dining,2024-08-31
1066,12,49.62023605216593,Groceries,2024-05-13
1067,127,118.78769471380716,Travel,2024-11-15
1068,197,96.03574794025492,groceries,2024-05-12
1069,149,22.462228191228526,Travel,2024-11-04
1070,104,82.31327016134298,dining ,2024-11-24
1071,203,105.5972590488068,  Electronics,2024-06-29
1072,284,47.91900166031181,Dining,2024-01-10
1073,6,23.24193153119268,Travel,2024-04-30
1074,97,149.10559799774762,groceries,2024-06-07
1075,147,39.987153892153245,electronics,2024-12-17
1076,44,257.05661795947367,dining ,2024-04-16
1077,138,85.8826797995925,groceries,2024-04-12
1078,129,40.738003461682204,groceries,2024-03-06
1079,129,133.13839304292142,electronics,2024-08-13
1080,196,28.779501628113387,groceries,2024-09-14
1081,1,75.90389975271809,Travel,2024-02-07
1082,137,317.0552028212036,groceries,2025-01-17
1083,4,79.26722870037119,groceries,2024-12-03
1084,209,125.12405216177149,electronics,2024-09-19
1085,147,20.135427834208567,Travel,2024-05-02
1086,62,72.38179560962594,Dining,2024-01-31
1087,137,101.41746102693554,groceries,2024-10-29
1088,280,70.74590883217554,Travel,2024-08-10
1089,101,74.02278897455527,Travel,2024-12-20
1090,89,105.6878789971293,groceries,2024-09-24
1091,35,67.45149995879402,groceries,2024-09-04
1092,153,63.890457646361256,Travel,2024-10-30
1093,109,75.38406634528977,Dining,2024-11-02
1094,283,42.56642121126508,dining ,2024-08-25
1095,202,70.79020501887113,groceries,2024-03-27
1096,149,47.848656494772364,electronics,2024-03-23
1097,246,243.89296969909486,electronics,2024-02-03
1098,233,54.12806956799766,dining ,2024-07-04
1099,229,13.66050664209682,Travel,2024-03-05
1100,199,58.988139169211095,Travel,2024-08-06
1101,1,23.01290997582378,groceries,2024-08-24
1102,2,21.918816028561793,dining ,2024-11-05
1103,102,184.2544210009221,Groceries,2024-11-22
1104,180,132.22213432817242,groceries,2024-11-28
1105,147,64.63524763781784,Groceries,2024-02-22
1106,192,148.02466528962958,groceries,2025-01-11
1107,244,32.906655473657985,Dining,2024-12-30
1108,215,167.09479443694897,groceries,2024-07-22
1109,169,47.76871888866009,groceries,2024-12-02
1110,251,66.38655880204217,dining ,2024-05-08
1111,240,28.94128079804403,Groceries,2024-05-08
1112,287,44.07819376799302,dining ,2024-02-22
1113,207,107.09384366329596,Dining,2024-01-20
1114,213,16.56666850731646,groceries,2024-09-28
1115,22,63.140685260422075,electronics,2024-06-26
1116,268,44.5300884152222,groceries,2024-07-30
1117,294,48.800408932564245,Travel,2025-01-03
1118,297,91.28510061695472,groceries,2024-05-06
1119,167,95.87520454389038,electronics,2024-07-12
1120,90,38.281655068739994,Travel,2024-03-11
1121,181,5.652674184065458,Dining,2024-01-05
1122,237,62.45399399344323,groceries,2024-04-11
1123,78,54.84693908476714,Dining,2024-01-07
1124,38,,Groceries,2024-09-20
1125,271,52.544680860020485,dining ,2024-02-07
1126,226,,Groceries,2024-12-10
1127,299,105.67279682762805,Travel,2025-02-03
1128,290,7.806643812192146,dining ,2024-03-27
1129,103,55.38584288949953,Dining,2024-11-05
1130,116,200.21237391723554,  Electronics,2024-11-28
1131,147,100.69946589616802,Groceries,2024-09-12
1132,14,53.44252699827544,Travel,2024-03-10
1133,19,70.62668906950042,Groceries,2025-01-23
1134,245,75.1296591599716,Dining,2024-08-16
1135,229,36.60494017696536,dining ,2024-06-07
1136,35,41.22931717494686,groceries,2024-10-22
1137,193,144.6523698439456,groceries,2024-07-17
1138,196,110.35257359175006,Dining,2024-05-19
1139,70,74.11607164697583,Travel,2024-04-02
1140,284,90.09314070178932,dining ,2024-12-25
1141,249,50.723850147119975,groceries,2024-07-12
1142,62,117.36413892408618,dining ,2024-08-31
1143,164,226.1748762084643,electronics,2024-02-23
1144,164,123.64548015529942,electronics,2024-01-30
1145,278,35.674139869770805,Groceries,2024-10-28
1146,166,17.374735945684222,groceries,2024-10-06
1147,246,103.63192517128323,electronics,2024-05-04
1148,271,24.909919449632202,Dining,2025-01-30
1149,31,103.83004532607384,dining ,2024-07-04
1150,10,170.1407429287474,  Electronics,2024-12-05
1151,71,51.147374899190375,Groceries,2024-07-27
1152,27,62.673981865348416,Dining,2024-04-07
1153,254,102.06105145635205,Travel,2024-08-25
1154,284,43.24837564609564,  Electronics,2024-01-20
1155,10,40.074022905526945,  Electronics,2024-05-09
1156,221,67.11569152456312,Groceries,2024-01-21
1157,39,30.74598515105928,  Electronics,2024-02-12
1158,119,64.81804420982614,Travel,2024-03-23
1159,275,71.95210866130566,Groceries,2024-04-04
1160,78,43.20581287095074,Groceries,2024-09-13
1161,243,186.3124819563816,Travel,2024-08-15
1162,54,185.24217517255272,electronics,2024-08-24
1163,77,127.19402253540422,Dining,2024-10-04
1164,89,45.86609438525633,Groceries,2024-01-12
1165,102,74.62728091211667,Travel,2024-02-27
1166,222,5.5079382618967205,Dining,2024-05-02
1167,12,210.08771754529442,Travel,2024-01-04
1168,289,18.138909966415852,electronics,2024-04-24
1169,38,211.46708656811657,groceries,2024-05-10
1170,299,54.86193940652016,  Electronics,2024-01-27
1171,4,23.752200783864772,Dining,2024-04-09
1172,229,76.63168339812185,Travel,2024-11-26
1173,176,118.47446040544932,Dining,2024-12-21
1174,146,9.020036622089716,groceries,2024-01-09
1175,183,36.03068533127018,  Electronics,2024-10-17
1176,102,27.868204060589804,groceries,2025-01-28
1177,44,48.44394526566914,Dining,2024-10-17
1178,235,71.83734943434806,electronics,2024-06-10
1179,250,4.246437219316786,groceries,2024-11-05
1180,18,27.265964173290477,groceries,2024-08-02
1181,146,65.59475048368657,Groceries,2025-01-05
1182,166,65.98624761625884,dining ,2024-10-22
1183,180,7.442229876193968,Dining,2024-04-01
1184,174,-56.21875523549984,dining ,2024-08-28
1185,199,325.92813111043546,  Electronics,2024-07-10
1186,176,28.941387658106095,dining ,2024-08-19
1187,62,14.397970066210506,electronics,2024-02-12
1188,60,121.51510288013523,  Electronics,2024-03-06
1189,241,66.55093408974541,groceries,2024-05-04
1190,267,76.05580875658531,  Electronics,2024-06-05
1191,123,16.91847172754788,electronics,2025-01-26
1192,21,105.1879705325886,electronics,2024-10-28
1193,149,117.7330720514133,Travel,2024-03-08
1194,47,84.86217368435616,Travel,2024-01-22
1195,38,131.67290165293792,electronics,2024-01-27
1196,243,82.03383353556467,Travel,2024-04-19
1197,77,87.10650401527828,Groceries,2024-05-04
1198,72,44.146588040313304,Groceries,2024-09-12
1199,137,29.60022975884051,Travel,2024-11-12
1200,287,107.66953299055876,groceries,2025-01-26
1201,217,,electronics,2024-01-20
1202,260,110.97346523619011,electronics,2024-05-27
1203,137,54.95257814847535,Dining,2024-07-10
1204,14,92.79104168743768,electronics,2024-09-25
1205,168,76.73381379995894,groceries,2024-02-21
1206,251,59.60714122425989,Groceries,2024-07-19
1207,227,131.68047713199982,groceries,2024-07-09
1208,85,47.451679781250526,  Electronics,2024-10-03
1209,121,64.53261302313192,Groceries,2024-06-27
1210,90,38.66104399299829,groceries,2024-08-12
1211,5,107.35901948499671,Dining,2024-11-27
1212,28,20.36120044560919,electronics,2024-09-17
1213,168,22.47987659125535,Groceries,2024-12-27
1214,94,83.060702397234,Groceries,2024-01-07
1215,283,67.33507939148956,electronics,2024-05-10
1216,237,107.08826644085973,dining ,2024-06-16
1217,12,85.18957254121274,Dining,2024-02-28
1218,237,147.7042060410099,Groceries,2024-07-06
1219,139,45.64010601891635,dining ,2024-07-16
1220,222,332.60655389575356,Groceries,2024-04-17
1221,196,118.58977278702713,Dining,2024-11-23
1222,286,60.364035853755446,  Electronics,2024-08-25
1223,147,223.01537676254955,groceries,2024-06-26
1224,54,45.624794906465745,Travel,2024-03-14
1225,31,37.95057483588532,dining ,2024-04-10
1226,76,19.555334658872148,Travel,2024-02-15
1227,154,88.70482935016277,dining ,2024-06-21
1228,18,33.08527402213448,  Electronics,2024-04-05
1229,24,11.652844929088722,groceries,2024-11-28
1230,7,57.027478479046756,Travel,2024-05-19
1231,22,96.68943516704702,Groceries,2024-10-18
1232,104,69.1814359150368,dining ,2024-07-10
1233,102,66.47633230202062,groceries,2024-06-17
1234,31,52.67881021333119,dining ,2024-01-14
1235,54,17.96948142552136,Travel,2024-10-28
1236,127,65.0817715451957,Dining,2024-06-04
1237,151,186.8637820710846,groceries,2024-03-31
1238,165,93.99272280261974,Travel,2024-11-19
1239,283,99.03542518845165,dining ,2024-08-10
1240,35,168.56646380639995,groceries,2024-01-30
1241,65,40.34137542651087,Groceries,2024-04-09
1242,20,16.950277273749375,Dining,2024-08-24
1243,296,164.37407287035072,dining ,2024-03-13
1244,221,197.24585955046152,Groceries,2024-10-24
1245,105,133.97453848079516,  Electronics,2024-11-17
1246,15,50.24478738184847,Travel,2024-07-10
1247,250,140.33530121951347,electronics,2024-05-12
1248,62,33.020555659654555,electronics,2024-01-09
1249,157,391.9862567242244,electronics,2024-08-10
1250,123,,groceries,2024-08-25
1251,234,70.63564621242867,Travel,2025-01-11
1252,221,54.798389427889376,groceries,2024-03-28
1253,259,80.30242682606251,electronics,2025-01-17
1254,5,66.0375191908447,Groceries,2024-10-16
1255,252,50.25928679407889,Groceries,2024-02-13
1256,154,53.26547012639765,dining ,2024-05-18
1257,45,88.78496823663497,Groceries,2024-12-21
1258,238,40.29998897034986,Groceries,not_a_date
1259,267,174.80147736284903,Dining,2024-04-05
1260,169,97.01012187927164,dining ,2024-01-08
1261,36,105.5292690814821,electronics,2024-02-04
1262,283,211.89559909188628,Travel,2024-05-30
1263,220,125.09772707528143,Groceries,2024-11-30
1264,152,99.69561912125856,Dining,2024-04-03
1265,14,172.85647630288767,Groceries,2024-12-10
1266,106,20.034337689665357,groceries,2024-10-03
1267,90,71.25065175848061,groceries,2024-04-30
1268,283,74.57105377486633,groceries,2024-06-06
1269,40,72.6788524908358,electronics,2024-06-12
1270,266,90.22047430977736,Travel,2024-05-14
1271,186,54.437133213104936,dining ,2024-04-29
1272,235,148.11421299253476,groceries,2024-03-11
1273,95,34.457082127865064,  Electronics,2024-01-20
1274,164,157.29028811102273,groceries,2024-07-26
1275,170,71.76545952511853,  Electronics,2024-12-22
1276,90,95.79641369086575,dining ,2024-09-05
1277,66,78.85608879507957,  Electronics,2024-11-29
1278,210,40.95776121837545,electronics,2024-08-12
1279,120,44.78561373878512,groceries,2024-06-22
1280,288,20.114488440479775,Groceries,2024-11-09
1281,270,98.00224372875437,Dining,2024-12-23
1282,59,18.20459637200028,groceries,2024-10-29
1283,179,77.85138133351427,dining ,2024-11-09
1284,218,155.91693033976242,groceries,2024-07-26
1285,146,156.01953872543615,Groceries,2025-02-01
1286,80,130.68499238361352,Travel,2024-12-31
1287,218,9.068680966325429,  Electronics,2024-05-25
1288,242,93.00194499467969,  Electronics,2024-11-07
1289,297,33.70763101615029,Groceries,2024-05-20
1290,71,39.3500154325873,Groceries,2024-10-06
1291,100,134.41145789148308,dining ,2024-09-30
1292,170,54.74135133206382,  Electronics,2024-02-08
1293,33,98.42167902336487,Groceries,2024-07-28
1294,128,64.7611687922388,Travel,2024-12-04
1295,73,90.55807023019723,  Electronics,2024-06-02
1296,142,31.75883664915429,dining ,2024-05-22
1297,47,166.48497624659137,dining ,2024-11-03
1298,104,20.727591846933993,dining ,2024-03-12
1299,122,66.60353090613137,Dining,2024-06-19
1300,31,52.995642605082836,electronics,2024-07-03
1301,222,116.25681477692245,electronics,2024-07-16
1302,99,58.78486169478005,Groceries,2024-06-15
1303,230,50.74499680347362,Groceries,2024-02-25
1304,242,117.38104108028492,Groceries,2024-12-19
1305,33,41.40831255989018,dining ,2025-01-02
1306,216,2.6707788612991874,Dining,2024-06-07
1307,49,41.17482909212444,dining ,2024-03-14
1308,51,,  Electronics,2024-03-19
1309,108,58.934416239893125,Groceries,2024-10-01
1310,18,156.79982551954612,electronics,2024-08-24
1311,253,39.33514143031877,Groceries,2024-08-05
1312,246,82.87571604988426,Dining,2024-07-14
1313,145,63.169737226099855,Dining,2024-10-07
1314,153,161.18799605613916,Dining,2024-03-20
1315,162,55.85382570785755,electronics,2024-04-15
1316,220,137.82807445134287,electronics,2024-12-27
1317,88,108.40656688118897,dining ,2024-10-09
1318,170,77.17129183266213,Groceries,2024-05-12
1319,165,166.60319347805586,Dining,2024-04-07
1320,207,158.57050508108816,electronics,2024-11-10
1321,181,32.315449853370815,electronics,2024-04-23
1322,71,62.86977227999182,Travel,2024-06-03
1323,101,106.21699985447727,Dining,2024-09-18
1324,294,95.74640324288538,dining ,2024-10-12
1325,180,124.73318141333964,groceries,2024-03-23
1326,263,20.006199393847975,Dining,2024-01-28
1327,226,8.927627267460696,Travel,2024-02-20
1328,19,59.624483255178916,  Electronics,2024-12-30
1329,106,57.64299227383675,Travel,2024-05-27
1330,30,10.560262388899096,electronics,2024-04-02
1331,137,26.58462206915885,electronics,2025-01-15
1332,256,34.039603766368444,  Electronics,2024-08-20
1333,39,29.397251264619292,Groceries,2024-05-29
1334,109,158.6762383665,  Electronics,2024-03-17
1335,78,79.17353177171765,groceries,2024-01-06
1336,126,26.26604095914495,dining ,2024-12-12
1337,13,91.75921822124539,Groceries,2025-01-29
1338,157,30.40868445429481,  Electronics,2024-12-11
1339,17,30.501999620515136,dining ,2024-05-05
1340,203,147.30121018402195,  Electronics,2024-02-14
1341,26,9.106475108827366,Travel,2024-10-19
1342,9,66.02704527260494,electronics,2024-04-26
1343,269,41.13047978824738,Groceries,2024-05-10
1344,169,26.66360911554188,dining ,2024-05-16
1345,219,229.35895533864652,dining ,2024-08-03
1346,131,35.17652810444225,dining ,2024-02-03
1347,176,115.06910041422367,Dining,2024-08-13
1348,174,16.2634056563125,electronics,2024-05-13
1349,239,95.6809843744103,dining ,2024-02-14
1350,57,33.22714598618843,Travel,2024-05-10
1351,53,140.18419911562904,  Electronics,2024-03-03
1352,186,38.320142870408475,dining ,2024-11-13
1353,106,46.10399511454815,  Electronics,2024-06-20
1354,269,53.326359304540745,Dining,2025-01-10
1355,174,93.89277478427113,  Electronics,2024-10-24
1356,255,25.360292640632828,  Electronics,2024-08-18
1357,256,111.87964552424823,  Electronics,2025-01-22
1358,182,186.5761250969182,electronics,2024-05-01
1359,162,113.87359054593738,Dining,2024-03-25
1360,22,108.95669355897448,Dining,2024-09-15
1361,38,79.71609605221168,groceries,2024-11-23
1362,212,44.577026939149256,Travel,2024-02-06
1363,14,23.337587864790514,Groceries,2024-06-17
1364,214,63.92708183806445,Groceries,2025-01-03
1365,11,70.7177023244586,Groceries,2024-05-02
1366,186,83.70154084371435,Travel,2024-01-28
1367,227,48.978132008510606,dining ,2024-10-20
1368,170,69.34552493094779,Dining,2024-07-28
1369,268,114.48597106377338,Dining,2024-11-17
1370,201,77.52176457698867,electronics,2024-02-25
1371,44,86.15225051012628,electronics,2024-06-22
1372,196,50.0808374690089,Groceries,2024-01-13
1373,243,110.77540942435914,Groceries,2024-12-11
1374,131,41.77898544771614,Travel,2024-12-18
1375,13,32.24579245296729,groceries,2024-11-11
1376,139,83.24204137182656,Travel,2024-02-13
1377,250,288.5982371630771,dining ,2024-02-06
1378,143,88.49432080906764,Dining,2024-03-21
1379,210,32.773042680166384,dining ,2024-11-17
1380,286,64.55025597240257,Dining,2024-11-15
1381,142,76.1016501027528,groceries,2024-08-06
1382,165,91.11852790045185,  Electronics,2024-10-27
1383,143,37.84129925802588,electronics,2024-12-24
1384,176,31.153126379115378,groceries,2024-09-26
1385,66,93.80898080687247,Groceries,2025-01-20
1386,288,101.26778849389365,groceries,2024-06-25
1387,279,55.82421564230171,groceries,2024-01-02
1388,224,10.430960175724099,dining ,2024-04-09
1389,82,86.62384400730004,groceries,2024-07-13
1390,2,164.6343303481346,Groceries,2024-10-16
1391,80,144.28732687876024,Dining,2024-10-16
1392,157,39.880290245373914,dining ,2024-05-10
1393,231,36.41190258988988,groceries,2024-03-16
1394,206,67.53617804239072,groceries,2024-02-21
1395,173,84.84155605226407,dining ,2024-05-27
1396,2,173.64654244634175,groceries,2024-10-15
1397,155,59.321993809831866,dining ,2025-01-14
1398,119,50.922305993099286,dining ,2024-12-22
1399,171,105.4968842643268,Groceries,2024-10-28
1400,238,251.53408652270127,electronics,2024-08-10
1401,34,30.03591327152175,dining ,2024-06-16
1402,123,43.882327740470274,Dining,2024-02-09
1403,33,106.15352491275566,Dining,2024-05-16
1404,184,11.537209837032204,dining ,2024-04-04
1405,293,43.59070456157199,  Electronics,2024-11-21
1406,226,104.69933442526816,  Electronics,2024-10-17
1407,211,62.345265291716245,dining ,2024-05-29
1408,71,94.68397869999178,Dining,2024-05-28
1409,184,40.058737317904736,Groceries,2024-11-23
1410,27,-69.93722927560792,Groceries,2024-03-25
1411,168,94.26327560602618,Dining,2024-08-07
1412,72,126.22229707221794,Dining,2024-11-20
1413,71,39.995912694664945,  Electronics,2024-11-14
1414,42,81.69379269600937,dining ,2024-02-28
1415,47,67.27041125099994,groceries,2024-04-02
1416,277,112.18548567132076,electronics,2025-01-02
1417,175,15.167679238555877,  Electronics,2024-09-05
1418,177,71.50663266985967,Groceries,2024-08-12
1419,4,58.91342749328218,electronics,2024-12-03
1420,154,113.46825343795402,  Electronics,2024-01-06
1421,9,67.83700193947412,Groceries,2024-03-08
1422,30,132.2626753068836,groceries,2025-01-03
1423,103,145.50847320791013,dining ,2024-02-14
1424,41,29.02533461063452,electronics,2024-10-25
1425,176,90.54231822501116,Travel,2024-10-26
1426,295,98.71760754214154,electronics,2024-04-13
1427,278,83.82625452277469,groceries,2024-09-18
1428,193,47.46315259544288,dining ,2024-11-21
1429,136,82.05652687919509,Dining,2024-10-13
1430,217,186.62995380579957,groceries,2024-11-08
1431,92,24.295696787498112,Groceries,2024-03-16
1432,129,,Groceries,2024-10-19
1433,286,43.42820625909199,Travel,2024-10-17
1434,5,241.1194925162459,electronics,2024-02-09
1435,89,66.27848770220788,Travel,2024-12-18
1436,280,28.113882257656947,Travel,2024-05-19
1437,144,222.84375572898847,electronics,2024-08-05
1438,249,28.76951367574931,Dining,2024-12-23
1439,143,49.292557455657274,Groceries,2024-10-18
1440,119,179.11973829628633,  Electronics,2024-07-20
1441,14,160.97357416160378,Travel,2024-06-21
1442,113,42.4290533147946,groceries,2024-10-23
1443,32,66.77948706754772,Groceries,2024-06-11
1444,86,21.2262992759123,Dining,2024-03-19
1445,3,30.90856934964856,groceries,2024-03-08
1446,145,240.87008226112636,Groceries,2024-04-28
1447,238,96.33892873695123,groceries,2024-02-11
1448,94,29.556654230227007,groceries,2024-09-28
1449,114,47.074074117312065,  Electronics,2024-01-18
1450,222,38.8697473094447,groceries,2024-11-20
1451,204,78.84361063346178,Travel,2024-07-24
1452,298,27.743537416396787,  Electronics,2024-10-26
1453,134,213.8488224793217,dining ,2024-07-28
1454,37,85.65937511167247,Dining,2024-08-22
1455,149,139.1906294307011,  Electronics,2024-10-23
1456,88,124.05440134743253,electronics,2025-01-23
1457,259,26.915468008195447,Dining,2024-05-31
1458,230,69.48200180533934,Travel,2024-10-16
1459,118,13.585866979249507,dining ,2024-10-06
1460,213,88.87032738506443,electronics,2024-12-12
1461,31,14.668545185619442,electronics,2024-08-13
1462,19,54.1247835340278,Groceries,2024-03-08
1463,200,117.74812936962863,dining ,2024-02-10
1464,13,8.852351508921934,groceries,2024-02-16
1465,9,35.900958813848135,Groceries,2024-05-13
1466,91,95.83888034592465,Travel,2024-01-05
1467,155,38.312703086463905,Dining,2024-01-13
1468,185,64.9064053955529,Dining,2024-04-03
1469,111,7.470710240484206,Groceries,2024-08-27
1470,270,59.088210000986464,Groceries,2024-03-02
1471,128,86.7756666762056,groceries,2024-06-15
1472,64,44.1394411742852,Travel,2024-12-28
1473,218,174.5868356550866,groceries,2024-04-26
1474,280,57.603065571706544,  Electronics,2024-11-30
1475,251,55.69522205481515,electronics,2025-01-27
1476,76,116.00694140432806,  Electronics,2024-01-25
1477,288,107.01736111438542,dining ,2024-10-11
1478,141,55.913212183135926,groceries,2024-04-09
1479,234,47.819326849449524,dining ,2024-09-02
1480,87,89.02175114589477,Dining,2024-04-09
1481,246,91.95989331349529,Dining,2024-06-04
1482,112,36.51695831905889,Dining,2024-04-28
1483,281,48.61742371545151,Travel,2024-03-01
1484,260,100.86047704015553,electronics,2024-08-15
1485,116,122.43770600236826,Travel,2024-08-14
1486,94,118.23626365756589,electronics,2024-06-03
1487,103,115.22075860551396,groceries,2024-12-29
1488,72,45.484176321231395,Groceries,2024-05-10
1489,9,77.34411542964183,Dining,2024-03-09
1490,223,65.67518841891373,groceries,2024-12-09
1491,136,174.77698083176682,groceries,2024-07-22
1492,282,83.52199042041448,dining ,2024-05-12
1493,17,44.353929580766746,Dining,2024-02-06
1494,54,197.22136750712843,Travel,2024-01-29
1495,65,46.69820227058169,  Electronics,2024-04-14
1496,81,116.61276358305791,Groceries,2024-07-04
1497,124,51.284104281273926,electronics,2024-02-06
1498,202,225.71368355001542,Travel,2024-07-12
1499,124,102.01706853941913,groceries,2024-06-10
1500,274,96.74250930713256,groceries,2024-07-27
1501,229,85.00176111842575,Travel,2024-06-24
1502,158,51.29034748694161,electronics,2024-06-24
1503,139,189.8243753890913,Travel,2024-10-01
1504,130,59.69492401590628,electronics,2024-04-12
1505,212,82.70161866478368,Dining,2024-02-02
1506,48,50.932413359327214,Groceries,2024-04-16
1507,7,26.192476480684604,Dining,2024-05-13
1508,271,68.77564216928084,Travel,2024-04-05
1509,216,132.72059136298154,Travel,2024-06-09
1510,35,165.17295720930463,groceries,2024-05-28
1511,228,31.586671456950967,Groceries,2024-10-14
1512,277,59.14256611905378,Dining,2024-09-03
1513,4,68.82659467144265,dining ,2024-11-04
1514,114,107.51261645988694,Travel,2024-03-03
1515,105,153.36224642918754,Dining,2025-01-11
1516,151,109.50495658647614,Dining,2025-02-01
1517,191,124.32652730642458,Dining,2024-08-07
1518,38,176.03003537898658,  Electronics,2024-04-12
1519,42,5.9838617825922915,electronics,2024-11-25
1520,103,109.9992587643837,electronics,2024-08-25
1521,241,131.7479050295821,Dining,2024-07-04
1522,118,96.92390066531303,dining ,2024-08-21
1523,291,88.18647639782446,groceries,2024-06-12
1524,53,23.678712244240504,groceries,2024-12-06
1525,235,14.675959827932674,  Electronics,2024-04-17
1526,100,122.77129116327144,dining ,2024-07-08
1527,186,99.35255273635997,groceries,2024-07-11
1528,75,64.19898363775529,groceries,2024-01-23
1529,235,167.17395260179222,groceries,2024-10-10
1530,33,48.73657738123549,  Electronics,2024-09-05
1531,281,166.7749693415746,  Electronics,2024-10-22
1532,240,23.289982868236564,dining ,2024-02-14
1533,286,88.13227866916698,Dining,2024-08-23
1534,233,54.557273973599976,Groceries,2024-12-29
1535,100,46.40144391649127,groceries,2024-01-26
1536,51,16.490044961956535,Travel,2024-09-09
1537,194,170.891597770626,dining ,2024-09-10
1538,11,111.03935133041935,  Electronics,2024-11-24
1539,29,36.06962128538609,electronics,2024-08-15
1540,297,111.78408110552802,electronics,2024-11-24
1541,274,42.93967591135025,dining ,2024-03-13
1542,26,-79.01602915579318,electronics,2024-05-23
1543,18,112.25740431259247,Travel,2024-09-28
1544,26,148.50298391681721,Travel,2025-01-04
1545,86,55.517469721124115,  Electronics,2024-04-14
1546,237,154.0164802710797,groceries,2024-06-28
1547,172,48.08631090315777,  Electronics,2024-05-18
1548,52,48.433436769797815,Travel,2024-08-12
1549,67,-59.816356703228536,Groceries,2024-08-25
1550,7,74.2449548370613,Dining,2024-01-12
1551,126,161.83931178950172,electronics,2024-09-16
1552,119,143.4012315646034,Travel,2024-02-03
1553,105,88.2248936904985,electronics,2024-06-26
1554,132,79.3547489939538,Groceries,2024-03-15
1555,200,43.14191728695452,groceries,2024-12-03
1556,5,79.47478132582124,groceries,2024-08-03
1557,155,44.93359833672735,Dining,2024-04-06
1558,92,,Dining,2024-01-04
1559,249,88.90792094362132,dining ,2025-01-16
1560,129,37.93084358053831,Dining,2024-04-12
1561,186,-78.70842182014721,dining ,2025-01-29
1562,108,108.62714144777301,Groceries,2025-01-21
1563,216,100.70866738862152,Travel,2024-04-15
1564,285,203.84782952493543,Dining,2024-01-15
1565,5,101.79738982337471,dining ,2024-01-11
1566,102,59.93841565365759,Dining,2024-11-19
1567,203,6.505439008288379,Groceries,2024-12-14
1568,24,44.96928595428304,dining ,2024-10-25
1569,273,152.45541208182823,Travel,2025-01-09
1570,53,,Groceries,2024-11-08
1571,41,63.453140115509456,Dining,2024-01-20
1572,155,34.50285820307559,groceries,2024-11-10
1573,235,21.089027698999733,groceries,2024-05-02
1574,288,5.164895321325984,Travel,2024-06-21
1575,235,109.84802960412479,Travel,2024-05-11
1576,237,14.636525848449445,Groceries,2024-04-03
1577,25,174.74539295056985,dining ,2024-05-04
1578,22,50.512848647209445,Groceries,2024-12-09
1579,184,18.46196339697546,electronics,2024-12-04
1580,229,246.8896913707917,Travel,2024-12-04
1581,94,174.8307357340035,dining ,2024-03-16
1582,281,118.6521857525089,dining ,2024-10-10
1583,111,27.70690674568707,electronics,2024-01-17
1584,167,92.94170390343197,Travel,2024-03-14
1585,298,92.7868468641401,Dining,2024-03-19
1586,241,79.79530582598271,groceries,2024-09-18
1587,171,84.01191704909621,Travel,2024-05-24
1588,239,67.7917631731133,Travel,2024-02-16
1589,143,86.58299398677147,dining ,2025-02-01
1590,151,127.76579622651994,dining ,2024-03-25
1591,239,54.604895695905604,Travel,2025-01-28
1592,276,98.67966631618586,Dining,2024-07-18
1593,117,6.671049073844126,Dining,2024-06-26
1594,106,28.625043061413216,Dining,2024-07-02
1595,39,55.07295631766847,  Electronics,2024-12-19
1596,24,28.922796320162423,dining ,2024-10-10
1597,294,10.682114505516891,dining ,2024-06-15
1598,140,38.72778258935648,electronics,2024-08-17
1599,49,,dining ,2024-09-19
1600,254,34.16018455231738,Travel,2025-01-19
1601,270,148.4366756054879,Groceries,2024-09-29
1602,294,31.063353645842334,Groceries,2024-10-21
1603,293,73.78496251904618,electronics,2024-08-26
1604,271,25.264635983773726,electronics,2024-08-28
1605,141,117.82836286107644,Travel,2024-07-11
1606,202,218.35507448823196,Travel,2024-04-15
1607,36,,Groceries,2024-10-01
1608,270,63.50287557153436,  Electronics,2024-04-07
1609,138,141.48002452598558,dining ,2024-11-11
1610,109,20.731474567804327,Travel,2024-01-19
1611,163,-177.13981528326667,  Electronics,2024-01-15
1612,53,76.86594696470303,Groceries,2024-02-16
1613,236,86.15125233860877,electronics,2024-05-13
1614,245,17.07973740096783,groceries,2024-12-02
1615,299,92.66103809946873,groceries,2024-08-02
1616,60,34.723610951259865,Dining,2024-07-09
1617,74,79.77564917758062,dining ,2024-07-22
1618,106,20.33389631904836,  Electronics,2024-05-21
1619,11,141.34798307935125,Travel,2024-12-30
1620,58,76.83822296793323,Groceries,2024-09-25
1621,294,32.95435303942871,Dining,2024-06-06
1622,209,52.86470318552417,groceries,2024-10-03
1623,1,43.269261537022075,Travel,2024-01-02
1624,184,131.4888312453549,Groceries,2024-05-02
1625,288,129.2014418957272,Travel,2024-02-12
1626,22,162.44849104131197,groceries,2024-03-31
1627,268,43.57128344969116,Groceries,2024-06-28
1628,25,59.7980325283536,electronics,2024-02-02
1629,269,100.24404727033519,dining ,2024-01-21
1630,296,46.93862491357379,electronics,2024-07-02
1631,121,34.43099561510216,Dining,2024-04-20
1632,126,50.11326194987146,Groceries,2024-05-11
1633,60,16.893148708580597,  Electronics,2024-03-28
1634,46,25.112219404647185,dining ,2025-01-24
1635,179,109.29851323298139,electronics,2024-10-05
1636,278,61.65287626831998,electronics,2024-04-22
1637,130,36.611038146185635,groceries,2024-09-26
1638,149,122.55938064032452,Travel,2024-06-15
1639,213,31.985499416301806,Groceries,2024-04-27
1640,273,83.21046038806361,Dining,2024-01-29
1641,58,148.26096610638157,Groceries,2024-06-21
1642,5,97.08858029730662,  Electronics,2024-08-03
1643,141,45.296667370455204,dining ,2024-10-22
1644,171,23.635797795856746,Groceries,2024-08-20
1645,274,47.32258304219084,Travel,2024-08-16
1646,14,29.844176371975845,groceries,2024-04-21
1647,177,200.48170787562327,Groceries,2024-06-20
1648,66,74.7962273350802,groceries,2024-08-30
1649,278,119.67698352666206,Travel,2024-03-17
1650,220,5.127400684606085,  Electronics,2024-02-10
1651,225,51.96428705638722,  Electronics,2024-06-26
1652,284,179.8290337029422,dining ,2024-04-07
1653,41,25.78098277465252,Travel,2024-10-31
1654,116,59.62925173194067,Travel,2024-06-27
1655,193,52.84288107197163,electronics,2024-05-27
1656,183,83.35306066387248,Travel,2024-10-15
1657,56,48.3512820059503,dining ,2024-09-29
1658,5,70.83582032470866,dining ,2024-07-27
1659,22,159.78094373226898,electronics,2024-05-08
1660,49,103.79977693324157,Groceries,2024-08-18
1661,181,46.026935783215066,Groceries,2024-02-22
1662,100,112.77689782854605,Dining,2024-08-30
1663,3,56.86508442823889,electronics,2024-11-09
1664,269,5.31960417919478,Dining,2024-10-22
1665,16,159.8280082150885,groceries,2024-01-12
1666,11,156.21879184849456,  Electronics,2024-04-10
1667,117,21.43068317080229,electronics,2024-04-01
1668,195,76.33811675542303,electronics,2024-04-19
1669,55,188.70313539998992,  Electronics,2024-11-19
1670,79,9.876791598248186,groceries,2024-03-22
1671,199,96.27092924911463,groceries,2024-02-29
1672,292,55.54928712041594,Travel,2024-09-28
1673,84,9.785954697498644,Dining,2024-11-15
1674,99,114.6646177038387,Travel,2024-04-24
1675,73,94.4329599992247,Groceries,2024-06-24
1676,181,75.75327301974474,Travel,2024-03-19
1677,165,117.66185807882283,Groceries,2024-03-25
1678,242,20.546445090545546,electronics,2024-02-02
1679,157,62.14533469316828,  Electronics,2024-08-10
1680,155,107.26583395142511,  Electronics,2024-12-03
1681,253,49.75749583514735,Groceries,2024-06-04
1682,161,126.02871181407563,  Electronics,2024-09-30
1683,246,85.07787377860697,  Electronics,2025-01-23
1684,222,19.390177399241274,electronics,2024-01-03
1685,280,14.373179227382947,groceries,2024-04-09
1686,279,88.97520292662958,Groceries,2024-05-07
1687,34,302.76147298859786,  Electronics,2024-04-01
1688,99,175.37751144239496,Dining,2024-03-15
1689,17,82.23767746946766,groceries,2024-11-12
1690,276,77.34364259239172,Travel,2024-07-14
1691,225,81.55809825783558,groceries,2024-12-27
1692,267,76.23487970025377,electronics,2024-01-29
1693,120,166.73195623764195,Dining,2024-12-27
1694,296,123.15140681670351,electronics,2024-04-15
1695,16,94.80011633405263,electronics,2024-08-29
1696,144,37.95310028423311,dining ,2024-08-27
1697,159,3.932846539539337,dining ,2024-09-05
1698,259,45.986423326051515,electronics,2024-11-14
1699,96,39.00119704866835,groceries,2024-05-16
1700,53,61.23026946760711,Dining,2024-04-07
1701,64,121.1253849003678,Groceries,2024-04-10
1702,191,5.503342534296762,Dining,2024-04-06
1703,199,81.78458879652284,electronics,2024-09-17
1704,134,43.29272117401597,Dining,2024-11-23
1705,220,59.89953510519377,  Electronics,2024-05-16
1706,238,10.958466605929072,Groceries,2024-01-22
1707,78,58.48929328215431,electronics,2024-02-26
1708,256,301.21326319533074,Dining,2024-08-03
1709,200,40.456605937769694,Travel,2024-01-10
1710,253,51.66078585185908,Dining,2025-01-22
1711,68,68.79577129454267,  Electronics,2024-08-12
1712,210,67.07540640627084,Travel,2024-01-17
1713,265,163.0539633213418,Travel,2024-09-30
1714,233,118.91424606181266,Dining,2024-07-28
1715,120,75.65937304556046,Dining,2024-09-16
1716,19,34.815713111291544,dining ,2024-11-23
1717,142,48.22040089823445,Dining,2024-02-17
1718,205,26.109922194499816,  Electronics,2024-07-17
1719,51,179.80320168794182,groceries,2024-11-10
1720,151,107.05336454184328,Travel,2024-06-10
1721,139,28.94603565430156,  Electronics,2024-06-05
1722,292,141.9780949409121,groceries,2024-12-08
1723,83,173.5081541201842,Dining,2024-03-20
1724,217,69.7437843554387,electronics,2024-03-01
1725,235,119.41883676405934,Dining,2024-12-10
1726,116,48.79967314106638,Travel,2024-11-16
1727,41,72.4544413925114,dining ,2024-01-26
1728,203,88.04305254286723,Travel,2025-01-11
1729,160,59.79546618752505,Dining,2024-08-09
1730,272,49.096302623967176,electronics,2024-09-27
1731,121,48.964904644108856,Groceries,2024-06-05
1732,91,110.66566714636227,Dining,2024-07-17
1733,273,16.719676910530744,dining ,2024-04-09
1734,122,187.02091379833124,Dining,2024-02-24
1735,196,86.20447224255754,groceries,2024-04-03
1736,69,24.281483956999423,dining ,2024-06-06
1737,169,,  Electronics,2024-01-14
1738,157,28.053076684013266,  Electronics,2024-08-10
1739,44,139.93493987233822,Dining,2024-04-26
1740,299,7.182977785122157,  Electronics,2024-08-11
1741,32,24.616872703407886,Groceries,2025-02-02
1742,95,38.29404367664294,Travel,2025-01-31
1743,181,160.33554611737105,Dining,2024-02-26
1744,76,139.60530585410703,groceries,2024-07-07
1745,276,71.19441193268972,electronics,2024-09-18
1746,114,54.10274100985659,Dining,2024-06-30
1747,25,48.20543731559926,Travel,2024-07-13
1748,24,75.30815936477707,  Electronics,2024-02-04
1749,127,157.07567073778498,Dining,2025-01-29
1750,54,167.69659727520477,electronics,2024-03-26
1751,111,76.82766912083032,Travel,2024-09-02
1752,158,92.01789484790851,Groceries,2024-12-23
1753,7,293.663153452049,Groceries,2024-05-28
1754,221,34.94265248252388,electronics,2024-01-03
1755,187,39.42666374673078,Groceries,2024-02-03
1756,280,18.098558505599303,Dining,2024-04-17
1757,139,67.38456149410568,dining ,2024-05-25
1758,209,156.4898726519922,  Electronics,2024-01-24
1759,145,41.570980687797565,Dining,2024-02-28
1760,56,90.3318293298297,dining ,2024-02-15
1761,249,102.01409440777917,dining ,2025-01-17
1762,206,,Groceries,2024-05-03
1763,187,58.546016831569105,Dining,2025-02-02
1764,183,14.469948918196515,electronics,2025-01-25
1765,72,200.4134133368727,  Electronics,2024-01-03
1766,114,39.114738569858375,Groceries,2024-06-13
1767,288,48.329908708998715,electronics,2024-04-12
1768,225,39.506491615176,dining ,2024-02-05
1769,277,106.36815612579925,Groceries,2024-11-20
1770,96,46.29174160185173,groceries,2024-11-26
1771,208,86.10835625029559,  Electronics,2024-01-02
1772,220,61.727522744231806,Dining,2024-06-30
1773,37,55.1606513124251,Groceries,2024-09-10
1774,163,49.85289466286531,  Electronics,2024-09-03
1775,190,69.90076916235188,Groceries,2024-11-06
1776,4,23.853084967886,dining ,2024-11-14
1777,1,76.29915888701751,Groceries,2024-11-19
1778,1,144.57287823801178,Groceries,2024-04-13
1779,86,8.396273588420728,groceries,2025-01-16
1780,154,53.65801128812792,dining ,2024-03-15
1781,131,12.889604872357815,dining ,2024-12-05
1782,117,41.15959396798865,electronics,2024-11-13
1783,138,62.26598792494423,Travel,2024-09-19
1784,7,187.35094512224063,Dining,2025-01-31
1785,236,89.5646350672324,dining ,2024-08-19
1786,161,87.57458596102228,Travel,2024-09-15
1787,168,31.46729407389783,Travel,2024-08-18
1788,38,78.63890701814586,Dining,2024-05-11
1789,194,34.97531822060135,  Electronics,2024-07-18
1790,180,70.01436762633026,Dining,2024-02-16
1791,135,159.5291408019269,  Electronics,2024-02-29
1792,33,140.47221867324654,dining ,2024-10-19
1793,219,15.563515944919201,electronics,2024-04-02
1794,178,-62.35288203135286,  Electronics,2024-08-09
1795,56,90.13163497220717,  Electronics,2024-10-17
1796,78,86.9623727894657,Groceries,2024-09-04
1797,269,38.39269390734181,Groceries,2024-03-29
1798,78,124.76658892124819,electronics,2024-01-15
1799,252,161.71437328073688,Travel,2024-09-28
1800,225,-15.301346399139366,electronics,2025-01-20
1801,273,137.6377601782356,Dining,2024-10-05
1802,272,71.14689244488878,Groceries,2024-01-09
1803,285,48.695712189371314,electronics,2024-08-15
1804,273,61.82397466512991,Groceries,2024-12-13
1805,235,83.23655150834936,groceries,2025-01-13
1806,2,70.62806538101793,Dining,2024-04-19
1807,87,36.48274554340267,dining ,2024-10-07
1808,39,197.92995980633754,  Electronics,2024-01-28
1809,274,64.15406240203392,Groceries,2024-03-23
1810,55,118.72033991917775,electronics,2024-06-22
1811,243,120.14412456657206,Groceries,2024-12-26
1812,259,36.81816155775182,groceries,2024-05-15
1813,142,85.92669936832506,Travel,2024-04-28
1814,162,,Travel,2024-08-02
1815,30,11.993283539985926,Groceries,2024-01-15
1816,291,128.43948861967047,Travel,2024-09-08
1817,292,12.936811456568567,  Electronics,2024-04-01
1818,168,143.38303262044423,Dining,2025-01-15
1819,64,30.379276026046874,Groceries,2024-01-30
1820,60,85.29027561589585,Dining,2024-12-31
1821,52,37.88091331434469,Dining,2024-08-11
1822,119,70.33087699173618,Travel,2024-04-21
1823,166,16.94400650009894,Groceries,2024-04-17
1824,288,19.2585481335206,  Electronics,2024-12-28
1825,258,41.620878243453205,dining ,2024-09-24
1826,205,120.90097092118717,Groceries,2024-09-02
1827,81,97.92385339520229,  Electronics,2024-11-06
1828,279,61.32663959982749,Groceries,2024-03-04
1829,63,86.99684623654578,dining ,2024-11-30
1830,73,80.18234717101807,Dining,2024-03-16
1831,235,35.44937427185365,dining ,2024-11-02
1832,205,72.47628802136434,Travel,2025-01-04
1833,170,65.94728272982094,Dining,2024-01-10
1834,274,35.95669249274236,  Electronics,2024-05-14
1835,170,16.02514454625679,Travel,2024-02-11
1836,21,111.5188080386625,  Electronics,2024-07-14
1837,178,41.476585243397295,electronics,2024-01-05
1838,33,113.80524798731801,Dining,2024-12-26
1839,242,87.69398924778369,  Electronics,2024-02-17
1840,92,41.33639677025929,Travel,2024-01-22
1841,234,53.55425853405502,Dining,2024-10-08
1842,276,42.899591718663544,electronics,2024-03-22
1843,80,68.38413519413551,dining ,2024-07-04
1844,271,,Groceries,2024-01-24
1845,109,14.205553697879088,  Electronics,2024-06-27
1846,111,17.463362105240996,  Electronics,2024-07-16
1847,299,92.70552546462065,Dining,2024-03-03
1848,280,20.127268835224243,Dining,2024-05-21
1849,251,115.50435896565716,groceries,2024-06-02
1850,13,18.65992696608791,groceries,2024-06-22
1851,162,105.80186070872446,dining ,2024-08-09
1852,57,305.7871610819807,dining ,2024-05-20
1853,96,6.839662110069299,dining ,2024-07-13
1854,131,26.61343486251605,  Electronics,2024-09-15
1855,270,201.321777108626,Dining,2024-04-26
1856,239,12.670330700851832,Travel,2024-12-28
1857,85,38.34035452732256,dining ,2024-11-18
1858,286,50.51304527946777,Groceries,not_a_date
1859,139,182.93729157959774,dining ,2024-07-10
1860,210,151.7881685511365,Travel,2024-08-25
1861,178,55.4433190872492,dining ,2024-04-04
1862,48,146.09334537762837,Dining,2024-09-24
1863,230,17.637173731703733,Groceries,2024-05-28
1864,167,,electronics,2024-04-23
1865,212,41.59666051401197,Dining,2024-06-02
1866,4,37.49823351341448,  Electronics,2024-09-19
1867,206,103.51094341805201,  Electronics,2024-01-19
1868,52,141.90112225133004,electronics,2025-01-27
1869,62,36.33261073579747,dining ,2024-04-24
1870,265,16.795158507165286,dining ,2024-06-06
1871,102,145.11415091531603,Groceries,2024-08-26
1872,294,30.58484224562415,dining ,2024-11-14
1873,225,87.8862333167462,  Electronics,2024-01-12
1874,227,77.2229254720794,  Electronics,2024-08-24
1875,173,116.68030977714288,dining ,2024-04-23
1876,224,229.99894909251384,Travel,2024-07-13
1877,273,32.24608056615197,Travel,2025-01-28
1878,62,63.66582746902243,groceries,2024-08-28
1879,22,50.53805567024473,  Electronics,2024-12-13
1880,162,125.54989199576339,electronics,2024-08-15
1881,295,17.044755873890132,electronics,2024-03-10
1882,215,74.59078460393324,groceries,2024-01-08
1883,148,63.79285858044804,Travel,2025-01-04
1884,154,72.47131987885447,electronics,2024-04-28
1885,89,11.747583372001078,dining ,2024-03-06
1886,151,79.6133848474217,dining ,2024-02-08
1887,30,58.88833396102605,Groceries,2024-04-04
1888,11,38.20392885908034,groceries,2024-09-24
1889,21,131.82956764154954,dining ,2024-08-24
1890,257,44.578347318289104,Travel,2024-09-18
1891,297,51.496278931224936,dining ,2024-09-03
1892,235,121.77071468980091,electronics,2024-03-17
1893,236,,  Electronics,2024-02-15
1894,133,150.2220989978544,Travel,2024-02-07
1895,293,68.54691352747889,dining ,2024-08-07
1896,182,38.98966913303351,Groceries,2025-01-12
1897,254,48.193909823656696,Dining,2024-02-02
1898,234,89.72985154296425,dining ,2024-03-05
1899,129,147.32469618773467,Dining,2025-01-05
1900,148,172.05599502763226,groceries,2025-01-13
1901,58,74.79870616721834,  Electronics,2025-01-20
1902,217,83.1906068921591,electronics,2024-12-29
1903,161,,  Electronics,2024-02-19
1904,201,123.86881829896355,Travel,2024-06-12
1905,72,,Travel,2025-01-08
1906,13,12.101357373318987,  Electronics,2024-09-26
1907,48,137.76994068553944,  Electronics,2024-08-17
1908,145,19.08700738013186,dining ,2024-07-13
1909,167,-48.518225729806865,Dining,2024-05-17
1910,48,136.74536578927902,Travel,2024-02-11
1911,171,33.81051965662412,Dining,2024-05-11
1912,280,97.32597684013396,Groceries,2024-05-13
1913,295,35.638455649713826,electronics,2024-04-04
1914,284,23.52841243290186,Dining,2025-02-03
1915,241,94.9283483608551,dining ,2024-09-24
1916,48,49.96024747790852,dining ,2025-01-22
1917,6,59.827548372714155,electronics,2024-08-09
1918,25,90.75020513463636,Travel,2024-01-08
1919,52,19.90700753283773,  Electronics,2024-01-15
1920,285,59.13111588823216,Groceries,2024-11-12
1921,168,59.94566690546015,  Electronics,2024-05-03
1922,29,,Dining,2024-06-26
1923,212,25.262967515960796,groceries,2024-01-17
1924,173,72.33324695236844,Travel,2024-10-03
1925,296,12.04505243136284,dining ,2024-10-16
1926,34,89.332524766109,Groceries,2024-01-08
1927,165,15.26687037631967,Dining,2024-09-14
1928,58,124.98355737885913,electronics,2024-01-09
1929,141,122.69132201366845,Travel,2024-07-06
1930,194,234.30480979574926,  Electronics,2024-05-07
1931,4,119.8176241346453,dining ,2024-07-19
1932,104,68.11610240610972,groceries,2024-08-07
1933,131,126.29599480081521,groceries,2025-01-11
1934,28,22.83973515033712,electronics,2024-04-11
1935,258,84.83469888083494,electronics,2024-06-14
1936,78,77.50807847670374,Travel,2025-01-05
1937,18,86.83459961834751,  Electronics,2024-08-03
1938,271,43.52576238291994,dining ,2024-06-25
1939,158,112.32318687088792,  Electronics,2024-05-02
1940,187,88.6413127458587,Travel,2024-11-19
1941,285,61.37264567213826,groceries,2024-12-03
1942,90,165.99049813074794,electronics,2024-06-23
1943,288,164.47774323161815,groceries,2024-11-09
1944,238,101.52262484152418,groceries,2024-09-10
1945,5,92.23109430785519,Dining,2024-07-11
1946,24,15.473599899150729,  Electronics,2024-03-05
1947,92,40.31296596315472,groceries,2024-12-15
1948,256,58.12496195631305,Travel,2024-10-18
1949,59,11.458311176031009,dining ,2024-07-06
1950,202,33.83659091336438,Groceries,2024-03-20
1951,294,-34.45953610078834,Dining,2024-03-16
1952,99,27.161824675884848,Travel,2024-02-27
1953,239,105.81512611230428,dining ,2025-01-27
1954,37,33.436224928746185,dining ,2024-07-17
1955,81,141.95280136108414,Travel,2024-02-20
1956,145,33.768464291931565,Travel,2024-07-31
1957,116,18.952158179075383,Dining,2025-01-09
1958,11,22.015514195815484,groceries,2025-01-22
1959,202,49.42647749856935,groceries,2024-11-04
1960,290,11.645900398163425,  Electronics,2024-12-22
1961,8,43.15332711984165,Dining,2024-03-31
1962,72,10.095396635845788,electronics,2025-02-01
1963,50,24.769580526860295,electronics,2024-07-06
1964,49,35.89655800520039,  Electronics,2024-02-03
1965,236,172.63267422575527,Groceries,2024-07-29
1966,38,147.82663582199024,Groceries,2024-02-05
1967,92,110.48283162530532,groceries,2024-09-15
1968,290,50.55055523507117,Groceries,2024-05-08
1969,71,38.333732800098126,  Electronics,2024-02-02
1970,232,78.77887966234562,Dining,2024-11-25
1971,273,73.32608895033549,groceries,2025-01-27
1972,128,11.351317302896746,  Electronics,2024-09-12
1973,216,33.00551817818855,Travel,2024-04-30
1974,148,60.59856919829721,groceries,2024-11-30
1975,257,52.86045654973121,Groceries,2024-01-10
1976,181,178.81824332899043,Travel,2024-07-17
1977,235,98.16437818458363,dining ,2024-05-16
1978,9,120.67669140160822,Groceries,2024-09-10
1979,154,178.9545015060257,electronics,2024-08-14
1980,244,37.549523176159155,Dining,2024-11-29
1981,56,77.83609941401193,dining ,2024-10-04
1982,134,20.925888442440872,Travel,2024-12-24
1983,208,144.9153847259913,dining ,2025-01-31
1984,160,104.77584066781488,Groceries,2024-10-08
1985,164,89.65343409110895,  Electronics,2024-04-20
1986,5,19.639110610354713,electronics,2024-02-19
1987,219,46.289225266014526,electronics,2024-05-21
1988,226,50.30667947333336,electronics,2024-04-22
1989,202,141.61215285770785,Dining,2025-02-02
1990,35,101.74720729263461,groceries,2024-09-24
1991,237,77.54243730515404,electronics,2024-07-18
1992,135,134.0153612282186,Dining,2024-06-22
1993,17,46.389516613527974,groceries,2024-06-16
1994,146,74.12208145204684,Travel,2024-06-15
1995,50,68.16682747255855,Groceries,2024-07-26
1996,24,55.458744305026144,electronics,2024-01-05
1997,264,37.27712629286471,  Electronics,2024-12-24
1998,70,166.98860029604788,groceries,2024-06-27
1999,205,110.3770516822813,groceries,2024-08-21
2000,221,127.35498203585044,Dining,2024-02-22
2001,260,16.611589802579157,electronics,2024-05-10
2002,256,76.0843092667419,Dining,2024-02-18
2003,17,138.46915689677806,Groceries,2025-01-18
2004,254,24.134783805111084,Dining,2024-12-27
2005,156,127.31139559920793,Dining,2024-10-06
2006,271,16.578238570837136,Dining,2024-12-22
2007,4,66.52039614124791,  Electronics,2024-03-14
2008,278,25.210346465136368,  Electronics,2024-11-13
2009,48,75.11171422942665,  Electronics,2024-03-20
2010,162,26.80672659473702,  Electronics,2024-02-05
2011,15,56.66801534444662,  Electronics,2024-04-18
2012,9,54.62144738477672,dining ,2024-03-14
2013,57,84.3870096276107,dining ,2024-05-15
2014,279,125.14199440996575,  Electronics,2024-01-22
2015,77,27.59053396336145,groceries,2024-07-01
2016,38,40.1072386248962,  Electronics,2025-02-01
2017,22,13.75743766249917,  Electronics,2024-09-23
2018,2,71.10632665811715,dining ,2024-07-15
2019,195,98.27892706156851,Travel,2024-05-03
2020,244,61.63878196009386,dining ,2024-10-03
2021,175,46.41855198247566,dining ,2024-09-17
2022,166,62.77896380628752,groceries,2024-02-03
2023,205,36.126279970581564,Dining,2024-10-08
2024,292,25.63494749746258,electronics,2024-03-02
2025,293,53.97030236325111,Groceries,2024-10-02
2026,214,102.97587296657235,dining ,2024-12-05
2027,85,29.451113743235837,groceries,2024-01-17
2028,48,116.0138705557124,Travel,2024-03-17
2029,73,22.3687203915887,Groceries,2024-06-03
2030,34,126.36229415951334,Dining,2024-09-21
2031,92,57.31089763027569,groceries,2024-07-07
2032,207,55.589540633634854,groceries,2024-07-18
2033,244,56.68174097193189,dining ,2024-03-23
2034,290,151.80515143237275,  Electronics,2024-02-14
2035,196,33.319859496641875,Groceries,2024-12-10
2036,125,38.15717906353421,electronics,2024-01-23
2037,225,33.305388885803914,groceries,not_a_date
2038,99,58.18218946100608,Groceries,2024-12-02
2039,71,79.56215596259125,dining ,2024-05-01
2040,168,19.65763907582462,dining ,2024-09-05
2041,41,213.02589148219778,Groceries,2024-05-31
2042,198,36.13185372131797,electronics,2024-01-20
2043,142,12.612511009089964,dining ,2024-03-20
2044,87,123.16188467314467,dining ,2024-05-08
2045,271,142.31098197897845,Travel,2024-09-13
2046,174,32.99299635871972,dining ,2024-06-23
2047,78,6.009739004868992,electronics,2025-01-01
2048,116,,electronics,2024-09-29
2049,228,143.8878268607494,groceries,2024-11-27
2050,157,28.97881316073178,groceries,2024-08-07
2051,211,48.05804485337405,groceries,2024-10-26
2052,144,24.172809580854427,groceries,2024-07-22
2053,110,36.900278458576864,Travel,2024-01-16
2054,273,81.69820759920931,Groceries,2024-07-30
2055,210,20.656270499152647,electronics,2024-09-27
2056,126,81.3449154003623,Travel,2024-08-07
2057,276,71.12040791170786,Travel,2024-07-18
2058,285,240.63779860258148,electronics,2024-06-05
2059,64,3.4507925430886965,  Electronics,2024-04-14
2060,105,142.4755845669753,  Electronics,2024-01-13
2061,78,40.875944912257424,electronics,2024-11-01
2062,19,68.84701624615678,Groceries,2024-03-01
2063,117,96.67177574529711,  Electronics,2024-09-27
2064,274,34.71060889792304,Travel,2024-06-25
2065,60,37.53882422543406,Travel,2024-03-05
2066,55,42.034395893503564,groceries,2024-04-19
2067,120,50.48240657747748,electronics,2024-02-12
2068,22,211.77794233642274,dining ,2024-12-01
2069,219,44.94277467535417,Travel,2024-10-25
2070,69,18.523460843640283,electronics,2024-08-18
2071,257,46.52529836371723,groceries,2024-03-08
2072,251,135.1137635535688,  Electronics,2024-02-07
2073,199,41.260447898807,electronics,2024-10-11
2074,189,108.38776765307244,Groceries,2024-01-18
2075,163,110.59870321237277,  Electronics,2024-04-20
2076,133,38.677406401359455,electronics,2024-07-19
2077,276,140.67416253178726,Dining,2024-09-25
2078,71,129.1341678589117,dining ,2024-06-04
2079,56,15.724940956960644,  Electronics,2024-04-16
2080,2,99.5103511948721,groceries,2024-01-13
2081,209,119.75560586011794,Travel,2024-01-26
2082,271,125.14888727309192,groceries,2025-01-29
2083,114,10.462784241502142,groceries,2024-07-12
2084,12,104.60539206336001,  Electronics,2024-10-02
2085,280,72.9311331727397,groceries,2024-06-28
2086,47,80.81930317691794,Travel,2024-06-15
2087,59,73.05064302256028,Travel,2024-02-06
2088,197,127.93542509726464,  Electronics,2024-03-05
2089,77,276.52601844684875,  Electronics,2025-01-12
2090,191,291.7981274438434,Dining,2025-02-03
2091,35,40.760702476028314,Dining,2024-10-14
2092,255,63.26125543193827,Dining,2024-01-08
2093,136,17.36196853960155,electronics,2025-01-14
2094,71,3.8697442327964433,  Electronics,2024-09-19
2095,206,43.81259620631562,  Electronics,2024-12-20
2096,9,26.47578782441412,dining ,2025-01-10
2097,88,40.11542885953101,Dining,2024-07-19
2098,129,43.24783670159684,electronics,2024-08-08
2099,269,,electronics,2024-01-31
2100,183,,electronics,2024-08-06
2101,240,111.93737219641758,groceries,2024-08-28
2102,278,16.848028209560074,groceries,2024-06-15
2103,82,28.197837648484136,Dining,2024-08-01
2104,221,75.83608485488935,Travel,2024-02-21
2105,181,26.771271851056827,dining ,2024-02-16
2106,107,125.29132134217576,electronics,2025-01-31
2107,197,97.62437139108911,Travel,2024-10-07
2108,10,11.858376352968843,  Electronics,2024-09-04
2109,41,40.19988310237542,electronics,2024-11-15
2110,88,36.04273552244046,dining ,2024-11-04
2111,194,71.08056059296861,  Electronics,2024-07-08
2112,37,142.39917170186675,Groceries,2024-02-29
2113,188,31.461541466589857,Dining,2024-11-19
2114,156,89.89289474350517,electronics,2024-01-23
2115,261,80.7883516641183,dining ,2024-03-12
2116,102,110.71801007046588,  Electronics,2024-02-20
2117,89,215.03130753166207,Groceries,2024-01-05
2118,101,153.03917919819287,groceries,2024-10-02
2119,42,38.486669170789106,groceries,2024-07-08
2120,285,77.35426489851905,dining ,2024-10-12
2121,163,146.15349279752203,  Electronics,2024-12-23
2122,113,178.64783596645037,electronics,2025-01-17
2123,257,49.41653415773207,Dining,2024-01-20
2124,246,112.23030468801792,  Electronics,2024-07-03
2125,36,24.746392763468595,Travel,2024-08-09
2126,122,40.274387240994216,Travel,2024-04-06
2127,62,34.16369665789129,dining ,2024-12-24
2128,261,106.65730179789742,groceries,2024-08-31
2129,32,11.24658010318782,electronics,2024-02-18
2130,227,127.79719696101508,Groceries,2024-07-19
2131,296,131.07880114004166,electronics,2024-04-19
2132,214,210.1977138352838,Dining,2024-07-11
2133,228,36.08266244742839,Travel,2025-01-13
2134,155,124.68713273325054,Travel,2024-05-18
2135,28,30.359536508730987,  Electronics,2025-01-26
2136,263,41.80671691237411,  Electronics,2024-02-27
2137,254,,Groceries,2024-12-10
2138,70,,Dining,2024-11-26
2139,131,141.14770951833412,groceries,2024-08-04
2140,106,6.729561974170912,electronics,2024-09-23
2141,8,138.2894810835137,Groceries,2024-09-07
2142,52,26.377513349740227,Travel,2024-02-10
2143,19,76.9985113009792,Travel,2024-09-21
2144,275,10.579117014093649,dining ,2024-05-15
2145,75,79.37781143789596,Travel,2024-06-19
2146,118,129.95475065692509,Dining,2024-10-27
2147,12,22.449101101080565,Dining,2024-11-18
2148,93,31.3455046306539,  Electronics,2024-07-19
2149,51,61.19505666023282,groceries,2025-01-18
2150,247,82.91571851239007,dining ,2024-12-06
2151,19,35.449193325388705,Dining,2024-10-23
2152,61,60.857295925639676,Travel,2024-08-23
2153,43,86.57087442412805,electronics,2024-08-04
2154,289,167.59968909096258,electronics,2024-11-20
2155,30,158.09523037574186,electronics,2024-11-15
2156,296,60.769946381643216,Dining,2024-06-07
2157,128,58.423473031449866,Travel,2024-05-06
2158,136,198.31319823687852,groceries,2025-01-19
2159,247,69.07744277618607,groceries,2024-03-07
2160,256,39.06421228099865,electronics,2024-10-06
2161,235,246.37708707786908,dining ,2024-10-25
2162,282,70.89996357366952,electronics,2024-11-18
2163,159,67.5255523065874,Dining,2024-03-22
2164,111,356.01814699482065,  Electronics,2025-01-14
2165,19,40.524412773375296,Groceries,2024-09-10
2166,184,28.853296062553415,  Electronics,2024-09-08
2167,284,131.02894770700874,dining ,2024-12-19
2168,153,33.194612165421276,  Electronics,2024-04-13
2169,20,145.86897886654833,groceries,2024-11-21
2170,8,125.82009049049178,Groceries,2025-01-18
2171,4,43.35425187406257,electronics,2024-07-02
2172,21,56.43988642164496,Travel,2024-10-04
2173,224,84.36066196729293,Dining,2024-05-04
2174,91,137.58537785312802,electronics,2024-10-13
2175,188,65.59468933210526,  Electronics,2024-07-31
2176,51,156.53175425963195,Groceries,2024-11-29
2177,227,36.61097196371209,Groceries,2024-05-31
2178,280,54.93117711037875,dining ,2024-08-05
2179,83,27.056129324719052,Travel,2024-09-13
2180,49,119.75533434413703,Travel,2025-01-29
2181,267,6.337846660941287,dining ,2024-04-02
2182,176,84.857764017753,groceries,2024-11-13
2183,261,61.076145333789526,Groceries,2024-12-22
2184,4,22.514220695196624,Groceries,2024-04-14
2185,14,90.5829707975349,Travel,2024-07-15
2186,63,59.668807993097545,dining ,2024-04-15
2187,287,6.70321262876061,Travel,2024-06-29
2188,194,191.75174767813377,  Electronics,2024-01-27
2189,230,33.68344568737835,  Electronics,2024-06-12
2190,40,48.967772700706654,groceries,2024-10-21
2191,256,22.86124385413717,Dining,2024-04-10
2192,264,149.0223686888619,Groceries,2024-02-14
2193,144,15.090986825455214,  Electronics,2024-10-04
2194,243,143.79501159028914,electronics,2024-10-31
2195,238,23.75160345424431,Travel,2025-01-12
2196,226,53.69569984703211,Dining,2024-07-11
2197,273,25.486954431390014,Dining,2024-08-21
2198,196,93.13827440719798,Travel,2024-04-12
2199,269,207.38622458916535,dining ,2024-12-17
2200,162,40.01735618108401,groceries,2024-10-11
2201,83,69.32347165998668,Travel,2024-01-09
2202,52,51.654254270168465,Travel,2024-03-02
2203,52,92.3714356912245,groceries,2024-12-14
2204,174,86.02173927876058,  Electronics,2024-06-02
2205,194,47.10877340747855,groceries,2024-03-31
2206,268,,  Electronics,2024-06-20
2207,133,47.174131785816435,Groceries,2024-08-13
2208,209,45.98188607612216,groceries,2024-06-29
2209,257,18.32161056299753,Dining,2024-06-11
2210,178,65.60673461544496,Dining,2024-06-29
2211,135,105.95393107950706,groceries,2024-08-22
2212,273,35.78931359974793,  Electronics,2024-06-25
2213,48,61.701419420796555,groceries,2024-04-15
2214,246,74.13016924173681,Travel,2024-01-22
2215,113,114.05124900535901,Groceries,2024-12-15
2216,178,137.4284974992869,Dining,2024-04-12
2217,288,81.29303900168222,Dining,2024-06-05
2218,199,83.36309328266188,dining ,2024-10-18
2219,209,109.45268013241497,Groceries,2024-04-30
2220,71,,Travel,2024-02-02
2221,51,54.768517707341296,electronics,2024-11-15
2222,21,57.057301986120535,groceries,2024-10-30
2223,57,47.42868386552418,Groceries,2024-02-20
2224,226,,groceries,2024-10-19
2225,116,36.88673175741079,groceries,2024-11-20
2226,73,74.72737307775189,electronics,2024-05-19
2227,282,45.1808893997422,groceries,2024-09-25
2228,130,175.4225536001078,groceries,2024-08-31
2229,155,48.82362982739791,Dining,2024-06-15
2230,263,153.0980507920969,dining ,2024-05-04
2231,81,31.153427338632195,  Electronics,2024-10-16
2232,28,149.9123811981505,groceries,2024-07-25
2233,64,33.70039189008385,Groceries,2024-02-02
2234,81,52.833875182987136,Groceries,2024-11-03
2235,75,138.92504419345866,  Electronics,2024-07-07
2236,229,38.12006710533857,Groceries,2024-07-12
2237,161,106.43271474796413,  Electronics,2024-06-16
2238,108,156.40144619078862,Groceries,2024-12-29
2239,64,44.39341133959677,dining ,2024-12-13
2240,184,71.99606771910513,Dining,2024-03-23
2241,32,165.17364688709876,  Electronics,2024-07-07
2242,14,27.1454567436497,groceries,2024-08-27
2243,246,193.25681190507828,electronics,2024-02-08
2244,174,132.06185486684558,  Electronics,2024-08-15
2245,196,65.92725355324451,groceries,2024-02-05
2246,176,49.66833797123538,dining ,2024-05-27
2247,179,97.66247813127413,Travel,2024-09-28
2248,268,94.48868891720684,electronics,2024-02-22
2249,77,124.14812724221635,Travel,2024-02-19
2250,71,30.728318754555488,electronics,2024-12-09
2251,126,44.02944333714868,  Electronics,2024-05-21
2252,25,96.05503905172822,electronics,2024-02-20
2253,263,93.53473964831576,Dining,2024-05-17
2254,184,55.40065663542363,  Electronics,2024-07-27
2255,79,162.2527410988937,dining ,2024-01-24
2256,279,118.18753507091529,Groceries,2025-01-02
2257,130,16.071061985133205,Dining,2024-05-20
2258,109,138.4758741103609,Travel,2024-10-11
2259,30,207.87614582795163,dining ,2025-01-18
2260,273,32.72892556785836,dining ,2024-07-02
2261,117,26.478850035170204,electronics,2024-09-26
2262,79,32.969664255600286,Dining,2024-03-19
2263,26,57.703661702706235,Dining,2024-06-10
2264,77,43.23298399592818,electronics,2024-11-22
2265,231,113.61998234559462,Dining,2024-12-16
2266,123,194.5517964857711,Dining,2024-02-22
2267,299,79.98574336609168,groceries,2024-03-13
2268,14,20.412312704773864,Groceries,2024-03-29
2269,23,40.63277289312082,Travel,2024-08-07
2270,136,25.235768800224456,Travel,2024-01-01
2271,108,107.47875112899695,electronics,2024-02-02
2272,70,62.139230194065405,Travel,2025-01-08
2273,285,94.74147476515029,dining ,2024-12-08
2274,83,122.69193689772598,  Electronics,2024-04-10
2275,37,197.70296335886144,  Electronics,2024-08-28
2276,67,43.097052878192216,groceries,2024-09-02
2277,243,60.46171703026775,groceries,2024-07-20
2278,276,238.29083906542525,groceries,2024-02-26
2279,34,152.14910063747533,groceries,2024-02-24
2280,267,-78.57267784191626,Travel,2024-11-17
2281,138,63.789100635360455,dining ,2024-10-30
2282,193,149.17138137146856,  Electronics,2025-01-16
2283,235,24.894604177753266,  Electronics,2024-03-18
2284,126,80.21873971353867,Groceries,2024-12-22
2285,236,129.6906299829431,Travel,2024-04-26
2286,123,166.89614595535306,groceries,2024-07-15
2287,241,21.631022547589765,electronics,2024-06-05
2288,285,75.38528680882838,electronics,2024-06-29
2289,97,227.1308117183848,dining ,2024-07-13
2290,28,57.33973037368515,Groceries,2024-08-26
2291,162,100.58181823053717,groceries,2024-09-08
2292,186,40.01038384611992,  Electronics,2025-01-05
2293,39,56.53764632526536,electronics,2024-08-27
2294,57,77.13152255669158,groceries,2024-01-28
2295,298,76.56967490844848,  Electronics,2024-01-11
2296,267,112.01137613503707,Dining,2024-01-10
2297,220,79.78058934156206,Groceries,2025-02-02
2298,115,62.81805306443387,electronics,2024-01-27
2299,118,25.95908689515681,  Electronics,2024-08-20
2300,258,268.13822415070945,Dining,2024-07-05
2301,148,119.91205685049107,  Electronics,2024-07-02
2302,5,50.90185215174991,dining ,2024-01-03
2303,175,18.645324989268218,electronics,2024-06-30
2304,63,12.074608599468421,Travel,2024-07-17
2305,108,33.269873596151676,Groceries,2024-02-07
2306,173,43.03059089302329,electronics,2024-06-04
2307,99,225.8527407612101,dining ,2025-01-21
2308,211,259.91503126166174,electronics,2024-12-17
2309,272,104.98382018403339,groceries,2024-11-25
2310,21,3.1725362737729474,Travel,2024-11-09
2311,48,211.91146025792418,Travel,2025-01-10
2312,174,163.64182132439652,  Electronics,2024-09-04
2313,285,,Travel,2024-08-31
2314,24,53.14307928654442,groceries,2024-10-23
2315,165,57.13980537683685,dining ,2024-06-18
2316,225,119.23528016582506,dining ,2024-07-26
2317,138,77.21525461074891,Groceries,2024-09-12
2318,3,37.510388148658144,dining ,2024-01-13
2319,141,50.220874214544466,Groceries,2024-03-24
2320,62,46.05304054768892,groceries,2024-07-30
2321,5,73.82378660041171,  Electronics,2024-03-12
2322,271,31.78849769691341,Travel,2024-12-22
2323,98,50.954433519140196,Dining,2024-08-22
2324,237,113.52827750773443,Groceries,2024-02-05
2325,138,138.18948002109053,electronics,2024-07-13
2326,157,49.889724746592215,electronics,2024-07-13
2327,15,54.48009579153717,Travel,2024-04-20
2328,238,21.752396023606742,electronics,2024-12-12
2329,4,102.15888950145552,Groceries,2024-03-01
2330,203,108.4675428390677,Groceries,2025-01-17
2331,2,35.693083231515985,Travel,2024-10-25
2332,211,190.11428589144316,Travel,2024-09-12
2333,185,92.22575099782858,groceries,2024-06-03
2334,9,61.00953295270105,Groceries,2024-08-09
2335,3,113.1992685881636,groceries,2024-07-05
2336,235,10.551446711123333,electronics,2024-10-12
2337,285,43.49989291642558,dining ,2024-03-24
2338,172,135.88466519197024,  Electronics,2024-03-26
2339,188,107.90993494441719,Dining,2024-11-20
2340,188,41.46137398245326,Dining,2024-04-09
2341,215,31.37528000738628,dining ,2024-07-30
2342,279,132.22459766954327,Groceries,2024-05-05
2343,13,50.54542228215685,  Electronics,2024-03-13
2344,218,35.85403218275629,  Electronics,2024-03-17
2345,152,104.30537203648504,Dining,2024-10-18
2346,112,96.84069954447892,Travel,2024-11-28
2347,62,107.42533148023996,groceries,2024-02-19
2348,268,85.84875982667073,groceries,2025-01-31
2349,276,40.70867465801045,groceries,2024-10-10
2350,47,64.49012851687414,  Electronics,2024-03-17
2351,107,25.28760152585918,  Electronics,2024-10-24
2352,29,20.73467826027265,electronics,2025-01-15
2353,60,21.08271884946514,Travel,2025-01-23
2354,252,64.46788144273773,groceries,2024-03-02
2355,129,86.92882798827637,Dining,2024-06-25
2356,48,19.059432357987994,  Electronics,2024-06-04
2357,97,84.67072305687935,Groceries,2024-05-25
2358,162,111.68540487427285,Travel,2024-12-27
2359,44,78.71073775445582,Dining,2024-09-21
2360,119,170.23785941516266,Groceries,2024-11-26
2361,234,5.163110259116962,electronics,2024-02-19
2362,26,10.409498356835979,Travel,2024-03-30
2363,65,152.5586544114717,Travel,2024-06-07
2364,202,70.73844606552115,  Electronics,2024-06-16
2365,272,101.59734165217256,Dining,2024-04-24
2366,72,175.63855583133022,groceries,2024-03-03
2367,221,41.366784252634396,electronics,2024-09-25
2368,84,131.81033187498727,electronics,2024-03-24
2369,258,27.696056501316342,Travel,2024-07-17
2370,173,22.873392140327073,Travel,2024-11-16
2371,218,82.1353605202655,  Electronics,2024-03-11
2372,287,18.95059641350607,  Electronics,2024-08-05
2373,265,213.46268018679046,Groceries,2024-04-13
2374,192,60.823305358059514,Groceries,2024-05-10
2375,287,35.84644686385654,Groceries,2024-09-20
2376,204,55.9888545859539,  Electronics,2024-08-20
2377,4,32.21595338191392,Groceries,2024-11-28
2378,106,171.82076979636858,Groceries,2025-01-03
2379,78,94.66721780999733,electronics,2024-05-13
2380,124,50.266327000636934,groceries,2024-04-27
2381,271,67.81243451680176,electronics,2024-01-15
2382,287,152.51116076923165,Travel,2024-05-24
2383,164,46.019747100936065,Dining,2024-08-24
2384,53,58.939665165405586,Travel,2024-10-17
2385,276,40.49251440515803,electronics,2024-04-04
2386,1,81.84458032790653,dining ,2024-07-22
2387,139,34.2888454124996,dining ,2024-09-09
2388,171,9.917211235864865,  Electronics,2024-01-26
2389,103,5.8233228993317905,Travel,2024-09-20
2390,226,65.16331309771103,  Electronics,2025-01-17
2391,249,,groceries,2024-04-24
2392,52,151.54799994792674,groceries,2024-03-27
2393,79,39.02386903642011,Dining,2024-02-19
2394,8,77.15534894329917,Travel,2024-07-10
2395,122,143.61796352360722,Groceries,2024-04-25
2396,269,118.35716746229585,dining ,2024-09-05
2397,248,29.5994594420247,electronics,2024-12-29
2398,123,75.72663406906163,dining ,2024-09-20
2399,117,121.98480160130933,dining ,2024-12-24
2400,97,39.150618647469535,Dining,2024-04-13
2401,197,21.576094548742585,  Electronics,2024-12-11
2402,179,206.05678399111963,Groceries,2024-10-04
2403,46,77.76359642615677,  Electronics,2024-03-18
2404,276,245.03675423146575,  Electronics,2024-10-29
2405,63,35.056842691883034,dining ,not_a_date
2406,163,78.4383608231313,groceries,2024-10-17
2407,294,93.31820335812918,Dining,2024-03-26
2408,190,19.842286330321095,Dining,2024-07-12
2409,58,37.55493823382626,Groceries,2024-09-13
2410,255,81.70262230874158,dining ,2024-03-25
2411,50,57.17215008682808,Groceries,2024-10-14
2412,264,27.367851442194706,dining ,2024-05-18
2413,5,34.1727748921217,Dining,2024-08-06
2414,31,90.24482307654579,Groceries,2024-10-09
2415,23,77.7247738642057,dining ,2024-06-01
2416,34,70.95838665561327,  Electronics,2024-09-05
2417,120,124.02458907524803,  Electronics,2024-03-28
2418,202,62.61699898415642,  Electronics,2024-08-29
2419,185,22.865800612509133,Groceries,2024-02-26
2420,158,,groceries,2024-02-27
2421,264,7.6376974011623116,Dining,2024-10-19
2422,99,130.63313341707368,groceries,2024-03-30
2423,296,107.35411484466405,Groceries,2024-01-01
2424,24,125.03427435824761,Dining,2024-09-12
2425,107,36.2572795121369,  Electronics,2024-10-24
2426,55,103.05476784286003,groceries,2024-11-22
2427,149,117.16936016637918,Travel,2024-08-17
2428,265,11.065042067188188,Groceries,2024-09-15
2429,121,65.38334132793787,electronics,2024-10-24
2430,202,60.581872994661026,groceries,2024-06-15
2431,139,123.58983209406688,Groceries,2025-01-11
2432,65,108.27536056589162,  Electronics,2024-05-26
2433,256,73.88384641986575,dining ,2024-01-03
2434,265,17.98544907674167,dining ,2024-08-05
2435,124,105.23131951891321,dining ,2024-08-30
2436,23,48.55405398025944,Groceries,2024-12-05
2437,223,109.01016989801133,groceries,2024-09-22
2438,100,13.3545772964112,Dining,2024-05-19
2439,257,28.766817287129104,groceries,2024-03-20
2440,268,10.91452891375267,groceries,2024-12-25
2441,123,91.15190661559268,Travel,2025-01-04
2442,108,83.04396706403176,dining ,2024-08-15
2443,102,193.09293623205002,Travel,2024-11-14
2444,237,120.83026843001372,Travel,2024-11-22
2445,28,183.5859385229767,  Electronics,2024-05-23
2446,153,211.014685104712,electronics,2024-11-12
2447,202,11.98074542068439,Travel,2024-03-28
2448,219,168.89436523370074,electronics,2024-04-02
2449,239,,electronics,2024-07-13
2450,133,114.15687605812737,  Electronics,2024-02-14
2451,190,68.04887010863736,groceries,2024-09-28
2452,209,16.575414165461243,dining ,2024-01-08
2453,83,215.96564062613555,  Electronics,2024-04-21
2454,238,22.510751190646946,groceries,2024-05-13
2455,211,94.39704210717464,groceries,2024-03-05
2456,58,50.439543140132656,Groceries,2024-06-26
2457,67,152.99077694459902,Groceries,2024-09-19
2458,156,23.940817322351208,groceries,2024-11-11
2459,241,107.47197126192665,Travel,2024-05-25
2460,48,43.76136724479041,Groceries,2024-01-19
2461,282,25.911502654214132,Travel,2024-06-04
2462,125,89.73326289912566,Dining,2024-03-25
2463,98,38.417877969941394,Dining,2024-03-14
2464,206,45.110127206932034,  Electronics,2024-10-24
2465,181,129.1464871131983,electronics,2024-02-09
2466,47,229.06001494893763,Travel,2024-08-28
2467,136,55.81983327755496,  Electronics,2024-01-09
2468,22,143.3942991554272,Dining,2024-04-04
2469,100,33.66341498983553,Dining,2024-03-25
2470,186,45.88951665427619,electronics,2024-06-05
2471,267,97.29333516312869,  Electronics,2024-10-12
2472,163,73.66062198173259,electronics,2024-09-18
2473,95,-86.6150588451446,dining ,2024-09-05
2474,12,13.117927347039405,electronics,2024-04-02
2475,238,40.52400932450457,electronics,2024-06-26
2476,68,73.30582704791513,dining ,2024-05-11
2477,226,195.4265293844574,electronics,2024-07-04
2478,225,146.10343975717626,Travel,2024-03-08
2479,34,36.95673017752037,Dining,2024-11-04
2480,289,120.6689177716149,Groceries,2024-09-27
2481,248,,electronics,2024-09-22
2482,159,59.088809455014655,  Electronics,2024-06-06
2483,113,236.12846195998017,dining ,2025-01-11
2484,194,20.639959166212677,groceries,2024-04-09
2485,111,28.587277972433963,dining ,2024-11-11
2486,26,122.78347276995872,  Electronics,2024-08-29
2487,134,17.894196511088083,Travel,2024-08-30
2488,183,44.569904417732474,Travel,2024-05-02
2489,120,180.2041673185727,Dining,2024-04-30
2490,8,90.05555099268145,  Electronics,2024-08-16
2491,126,16.437473008991958,Groceries,2024-05-06
2492,19,39.30220335008975,Groceries,2024-05-20
2493,226,127.40417996684555,dining ,2025-01-08
2494,101,30.28697150959711,Dining,2024-04-10
2495,93,33.91431743974102,dining ,2024-10-19
2496,204,187.17079570929747,Dining,2024-06-01
2497,48,34.16903850235441,Travel,2024-09-29
2498,186,120.78112738488505,Dining,2024-07-05
2499,227,136.01213770032277,Groceries,2024-06-24
2500,284,35.46575737851294,Dining,2024-11-10
2501,129,66.3329131349377,  Electronics,2024-08-04
2502,55,46.69948675670278,electronics,2024-09-15
2503,161,82.32068593572413,dining ,2024-09-30
2504,242,10.799760932876321,  Electronics,2024-03-16
2505,52,64.18199159300232,Dining,2024-12-28
2506,163,99.21350063343675,  Electronics,2025-01-19
2507,202,63.969266605103755,Groceries,2024-07-10
2508,252,128.36569947971475,Dining,2024-11-10
2509,184,98.3101748412524,  Electronics,2025-01-19
2510,265,49.26692531487434,  Electronics,2024-05-23
2511,191,69.26636370010061,electronics,not_a_date
2512,244,61.99440662517358,Groceries,2024-02-10
2513,279,44.75739345951956,electronics,2024-10-19
2514,240,9.872294964029756,dining ,2024-01-17
2515,23,33.691144513373004,electronics,2024-10-08
2516,226,43.76448983388707,Dining,2024-01-06
2517,156,70.98707912188048,Groceries,2024-11-09
2518,230,105.26814617185809,groceries,2024-07-07
2519,14,107.95472373884216,Dining,2024-03-03
2520,273,59.42584506483563,Travel,2024-06-29
2521,110,86.74652427892431,dining ,2024-05-26
2522,298,65.1227054722517,  Electronics,2025-01-18
2523,193,47.823473840533204,electronics,2024-08-13
2524,51,18.418956080115738,  Electronics,2024-11-21
2525,244,90.73114154703677,Dining,2025-01-10
2526,148,51.60020050240372,Groceries,2024-01-04
2527,83,39.02384307293214,dining ,2024-07-12
2528,30,80.30752201610157,Dining,2024-01-25
2529,268,56.25476033503602,Groceries,2024-02-04
2530,266,105.78530036564811,groceries,2024-01-16
2531,276,166.17401364425672,electronics,2024-02-05
2532,220,127.37091708190798,Dining,2024-10-08
2533,276,77.46087996847776,electronics,2024-04-05
2534,246,19.281905407757915,groceries,2024-12-30
2535,131,27.786992234209947,Dining,2024-05-30
2536,196,11.31122294891683,Dining,2024-05-19
2537,187,15.782985883774401,  Electronics,2024-05-29
2538,111,266.666714564089,  Electronics,2025-01-06
2539,143,154.50386388495897,groceries,2024-11-17
2540,242,185.0133793234029,electronics,2024-08-22
2541,21,23.615321595175605,  Electronics,2024-06-07
2542,260,12.872724444586218,groceries,2025-01-08
2543,82,107.38938836063541,Travel,2024-09-21
2544,68,123.94990939881413,groceries,2024-02-10
2545,251,17.709485585658044,Travel,2024-06-02
2546,107,137.8514999317849,Travel,2025-01-03
2547,55,177.98526265429643,Travel,2024-06-14
2548,13,127.02036928352055,Dining,2024-01-22
2549,134,92.84547777752584,electronics,2024-10-16
2550,181,167.16673372182117,Travel,2024-09-17
2551,202,63.66718649209197,electronics,2024-03-07
2552,214,66.59486716991596,Travel,2024-02-12
2553,124,123.10017236244896,  Electronics,2024-09-04
2554,29,160.11627303061414,Groceries,2024-05-20
2555,175,37.733509520335915,Dining,2024-12-26
2556,283,27.564914164756296,Travel,2024-08-21
2557,169,63.496568201467724,Dining,2024-04-04
2558,31,65.57151248950576,groceries,2024-05-12
2559,39,94.12191830158632,Dining,2024-08-28
2560,22,24.41448459733815,groceries,2024-06-30
2561,12,61.84216358584485,dining ,2024-10-09
2562,252,28.471866397320824,groceries,2024-01-10
2563,157,65.09936606946161,  Electronics,2024-01-24
2564,115,7.30517312486343,electronics,2024-09-19
2565,190,90.0004731356995,Groceries,2024-05-02
2566,250,308.9527611951363,electronics,2024-02-06
2567,167,74.23103967312873,Groceries,2024-03-20
2568,110,65.66509083964063,Travel,2024-07-21
2569,292,,dining ,2025-01-14
2570,123,121.79323882195412,Groceries,2024-01-15
2571,46,46.144123846271256,electronics,2024-05-27
2572,154,41.23703941014979,Travel,2024-10-13
2573,26,37.52335057505221,Dining,2024-01-24
2574,217,40.1746724494036,dining ,2024-08-07
2575,250,267.93470196812535,Dining,2024-08-07
2576,177,52.47439133275586,Dining,2025-01-01
2577,267,18.62786541658056,Travel,2024-04-03
2578,272,88.65648085899124,Dining,2024-07-22
2579,290,30.365948454899858,groceries,2024-01-04
2580,128,78.72783393163864,  Electronics,2024-04-30
2581,267,69.7690382026911,electronics,2024-06-14
2582,19,88.32374688110441,Groceries,2024-02-11
2583,119,86.18529982854669,electronics,2024-05-20
2584,74,144.19051263594298,Dining,2024-10-26
2585,170,38.763464041301816,dining ,2024-04-11
2586,206,98.16517051015288,Travel,2024-10-17
2587,191,12.066467628047288,  Electronics,2024-03-01
2588,175,85.89127049309263,electronics,2024-07-28
2589,171,191.23854547271296,electronics,2024-11-04
2590,37,59.55508687692726,groceries,2024-11-13
2591,126,85.64452874214672,  Electronics,2024-08-02
2592,290,39.90024025038594,dining ,2024-01-17
2593,248,66.30242379082762,Groceries,2024-03-20
2594,114,13.557816053947056,Groceries,2024-11-24
2595,231,23.48738864084854,Travel,2024-02-12
2596,133,108.99015183387209,groceries,2024-11-11
2597,10,10.352722117014556,  Electronics,2024-02-16
2598,122,112.9827608718562,groceries,2024-08-05
2599,274,46.05152558640832,Dining,2024-12-08
2600,264,28.617818771272102,Groceries,2024-12-04
2601,126,88.8884322446335,  Electronics,2024-07-09
2602,201,141.69056449122033,Dining,2025-01-14
2603,219,115.89279996785818,groceries,2024-02-08
2604,140,130.24870675307488,groceries,2024-12-06
2605,291,22.11673145381254,Groceries,2025-01-01
2606,209,181.98888576581697,electronics,2024-01-22
2607,195,9.78716889764653,Groceries,2024-11-18
2608,105,71.53100897922315,dining ,2024-03-16
2609,79,157.22322509531244,Travel,2024-08-23
2610,274,77.96714444188056,groceries,2024-02-22
2611,182,54.96483262021481,Travel,2024-03-27
2612,178,53.07912861498518,Groceries,2024-09-10
2613,129,35.31124575895704,groceries,2024-02-06
2614,216,23.68460134203007,Travel,2024-09-13
2615,55,128.55066636257413,groceries,2024-04-16
2616,92,54.46562531677415,Travel,2024-07-25
2617,46,211.24265362847865,dining ,2024-09-16
2618,115,90.68278937553386,dining ,2024-04-24
2619,230,54.39326881558229,electronics,2024-05-17
2620,32,35.242738097616645,Travel,2024-03-15
2621,129,187.93264107317057,Travel,2024-07-22
2622,65,71.08770216482708,electronics,2024-06-03
2623,132,37.599111131116224,electronics,2024-04-29
2624,179,98.48946677919812,electronics,2024-12-23
2625,107,61.4223022826413,  Electronics,2024-01-05
2626,123,72.88526776992629,electronics,2024-01-14
2627,183,135.7357985987508,electronics,2024-02-05
2628,131,39.52462032185504,Dining,2025-02-01
2629,188,42.173390800801506,Dining,2024-09-29
2630,267,95.99074610046407,Groceries,2024-08-22
2631,238,10.785451214472939,groceries,2024-04-22
2632,180,178.65746058899023,Dining,2024-01-01
2633,91,55.87277591348599,Dining,2024-05-05
2634,132,78.66440870476944,Travel,2024-03-08
2635,181,80.40236578717794,Dining,2024-09-10
2636,213,58.71112351351154,groceries,2024-06-07
2637,152,64.14666765279587,Travel,2024-02-22
2638,191,90.93057209393405,electronics,2024-03-14
2639,29,16.71341305766149,Dining,2024-10-30
2640,123,49.44433238063834,Groceries,2024-06-10
2641,258,57.46504368422936,groceries,2024-09-03
2642,258,28.156900488575594,Travel,2024-11-23
2643,183,76.71583149919731,Dining,2024-03-18
2644,86,27.32042796209361,  Electronics,2024-02-07
2645,145,150.06885301709355,Travel,2024-11-13
2646,201,79.40819657891241,Travel,2024-09-27
2647,155,5.678346802827208,  Electronics,2024-06-02
2648,259,54.32459070996731,  Electronics,2024-07-07
2649,157,,Groceries,2024-04-02
2650,184,89.09162560355213,Dining,2024-09-12
2651,123,113.27482239343834,dining ,2024-06-11
2652,151,117.81207414258964,groceries,2024-11-03
2653,154,88.14255673472273,Groceries,2024-10-10
2654,202,120.57066016538494,Groceries,2024-04-01
2655,247,103.79819122961177,Travel,2024-09-22
2656,292,52.93240437415852,Dining,2024-10-07
2657,113,149.95024325556437,Groceries,2024-08-28
2658,137,56.22055898634218,Groceries,2024-04-04
2659,227,54.34328845382236,groceries,2024-03-12
2660,77,115.15577079478396,Groceries,2024-03-12
2661,4,26.920720230613888,Dining,2024-11-17
2662,249,78.22253837290518,dining ,2024-06-10
2663,96,31.506695231730983,groceries,2024-09-30
2664,15,211.75441653033835,Dining,2024-10-16
2665,223,24.748684096848564,  Electronics,2024-10-12
2666,76,25.23143863773884,Groceries,2024-09-12
2667,196,112.29070837046187,groceries,2024-07-02
2668,34,18.626564267253936,electronics,2024-02-12
2669,29,100.24942025035962,Dining,2024-12-21
2670,39,133.16815901325256,Groceries,2024-11-09
2671,108,14.828035561098215,  Electronics,2024-12-23
2672,35,79.7624187500721,Travel,2024-11-26
2673,133,109.40849284431066,  Electronics,2024-02-16
2674,104,74.78894447985896,Groceries,2024-02-21
2675,244,70.0162239613336,Dining,2024-10-24
2676,269,26.13994725368343,electronics,2024-08-31
2677,33,57.91030065301224,Travel,2024-02-29
2678,242,36.94602692077217,Dining,2024-09-19
2679,46,61.42057487408735,groceries,2024-05-14
2680,94,85.63761157194986,Travel,2024-09-21
2681,91,110.7260601023016,dining ,2024-11-25
2682,237,23.067944512833893,Travel,2024-03-27
2683,122,20.993408369540695,groceries,2024-08-08
2684,53,49.727285692672694,Dining,2024-06-15
2685,212,32.44654134171632,electronics,2024-04-17
2686,74,81.42021808488367,Groceries,2024-08-28
2687,118,97.73698062458138,Groceries,2024-09-01
2688,223,27.233718528042328,groceries,2024-11-08
2689,215,40.82182846303243,Dining,2024-06-11
2690,207,48.40494805727651,Dining,2024-11-24
2691,69,46.34829230931551,groceries,2024-11-12
2692,80,100.42738498225894,Travel,2024-11-18
2693,109,48.88744482545696,  Electronics,2024-03-05
2694,160,65.96416942397475,Groceries,2024-06-25
2695,232,32.13614011941264,Groceries,2024-03-26
2696,6,151.35939916115902,  Electronics,2024-12-30
2697,130,96.41953443726877,  Electronics,2024-09-12
2698,206,47.24244823024536,Dining,2024-04-04
2699,153,26.582121848848317,dining ,2024-02-06
2700,16,12.615996941570033,electronics,2024-09-12
2701,127,136.16877957425447,  Electronics,2024-07-04
2702,257,152.79586494753954,Groceries,2024-08-29
2703,29,18.418503411672003,groceries,2024-03-18
2704,184,145.70907597102493,groceries,2024-10-30
2705,152,48.88610556499671,electronics,2024-05-11
2706,249,248.08591188648762,groceries,2024-02-29
2707,14,20.25111634741323,Groceries,2024-08-25
2708,241,23.249405209632307,Dining,2024-01-05
2709,48,101.79273989688127,  Electronics,2024-06-23
2710,189,69.61000397434036,Travel,2024-01-07
2711,220,245.15680907837324,electronics,2024-12-17
2712,205,14.272439272901934,dining ,2024-06-22
2713,223,98.97269559179861,electronics,2024-06-30
2714,246,55.78554242551156,electronics,2024-08-14
2715,291,26.37158139322786,Groceries,2024-07-22
2716,124,36.7574311530131,  Electronics,2025-01-02
2717,225,63.73546346951961,Travel,2024-11-20
2718,291,60.28718937923504,Dining,2024-11-14
2719,120,48.015048584771876,Dining,2025-01-23
2720,293,18.854920837315746,Dining,2024-06-12
2721,62,42.148597127259436,dining ,2024-05-16
2722,285,95.72080322511422,dining ,2024-07-06
2723,63,6.761737196454821,Groceries,2024-11-07
2724,38,21.924781498022966,Travel,2025-01-09
2725,77,95.554711538378,groceries,2024-01-05
2726,38,116.18477198383158,electronics,2024-04-16
2727,274,70.74057475416544,dining ,2024-04-08
2728,145,66.7903183249461,Groceries,2024-09-26
2729,129,41.87006991812293,dining ,2024-01-09
2730,2,,groceries,2024-11-14
2731,158,73.52546702825423,groceries,2024-12-27
2732,48,18.158532714356962,Travel,2024-04-26
2733,155,34.37091058447953,dining ,2024-11-10
2734,256,79.36668751499205,electronics,2024-07-13
2735,35,195.41373508030998,dining ,2024-06-10
2736,190,240.81936013153404,Travel,2024-10-17
2737,181,99.96910597148117,groceries,2024-01-18
2738,137,25.449058980577778,Groceries,2024-05-26
2739,2,86.7563178487395,electronics,2024-04-24
2740,290,132.34367152876106,groceries,2024-01-06
2741,191,71.78352209046159,groceries,2024-09-12
2742,245,118.1791209865736,dining ,2024-01-02
2743,70,116.02103690461313,  Electronics,2024-08-08
2744,50,78.52667700952098,Groceries,2024-10-17
2745,287,59.14052012114545,  Electronics,2024-11-14
2746,272,71.76831116129736,  Electronics,2024-01-22
2747,189,81.50053985290234,Groceries,2024-10-22
2748,170,43.990414261812354,Travel,2024-06-24
2749,149,156.1558756983939,groceries,2024-12-14
2750,258,29.534948178468806,Groceries,2024-10-19
2751,36,103.88590248476746,  Electronics,2024-03-21
2752,115,81.2276644868428,  Electronics,2024-06-27
2753,82,107.48529672568516,groceries,2025-01-29
2754,116,95.7150844445639,  Electronics,2024-12-23
2755,84,48.083845714619706,groceries,2024-02-01
2756,178,59.65708973371843,Groceries,2024-07-13
2757,279,14.86777308801895,groceries,2025-01-30
2758,211,125.71440072607545,dining ,2024-04-20
2759,155,51.68340983680202,dining ,2024-07-27
2760,278,32.54590120940656,Dining,2025-02-02
2761,153,18.600139316731898,  Electronics,2024-02-07
2762,241,61.07719687144907,Dining,2024-10-15
2763,142,153.23403796688874,Travel,2024-09-17
2764,78,87.26844062930168,Dining,2024-01-03
2765,106,41.58451830168788,Dining,2024-10-25
2766,71,80.43734662063001,groceries,2025-01-23
2767,200,110.44978262984118,groceries,2024-10-25
2768,149,55.163591125791896,  Electronics,2024-05-08
2769,140,110.49977235827458,Travel,2024-06-25
2770,167,64.14705380625726,Dining,2024-07-12
2771,168,185.6284737352413,dining ,2024-01-19
2772,265,108.46306502010798,electronics,2024-03-16
2773,213,66.84581161672378,electronics,2024-05-08
2774,191,45.543876228105844,Dining,2024-07-05
2775,193,42.42537837232278,groceries,2024-04-25
2776,113,13.299295942032504,  Electronics,2024-02-24
2777,53,33.03350542013536,  Electronics,2024-01-01
2778,212,176.87928040551157,Travel,2024-10-20
2779,272,73.80707824337762,  Electronics,2025-02-02
2780,101,135.3088704022324,  Electronics,2025-01-26
2781,52,49.06255520460352,Dining,2024-07-09
2782,170,131.8220930078916,dining ,2024-11-29
2783,169,23.971166424177902,  Electronics,2024-03-27
2784,53,65.80014590404727,Travel,2024-06-01
2785,275,35.192804651433384,Dining,2024-03-01
2786,102,137.4989411910421,groceries,2024-10-27
2787,295,178.83326766280334,electronics,2024-01-24
2788,267,25.10552998730119,  Electronics,2024-09-07
2789,107,,dining ,2024-11-15
2790,51,173.60364648286546,Dining,2024-11-29
2791,166,36.37477840168488,Travel,2024-10-20
2792,125,39.47717926907771,  Electronics,2024-06-16
2793,194,24.623256657495123,groceries,2024-10-10
2794,293,123.81530787826888,groceries,2024-10-12
2795,71,105.3068794753527,  Electronics,2024-09-28
2796,173,78.79515422958322,dining ,2024-11-13
2797,124,101.52858276092579,groceries,2024-07-31
2798,273,77.11794422606958,electronics,2024-12-11
2799,181,58.24227721810488,  Electronics,2024-08-15
2800,85,61.92554781182768,dining ,2024-11-21
2801,63,58.685927551899645,Travel,2024-09-01
2802,266,72.62690298791551,dining ,2024-03-31
2803,227,7.880184558077081,dining ,2024-10-05
2804,267,76.35228032652014,dining ,2024-05-05
2805,299,117.54487179907274,Dining,2024-02-01
2806,96,32.84636581191522,electronics,2024-01-26
2807,2,140.09956913312539,Groceries,2025-01-12
2808,164,131.57599740063722,Travel,2024-09-10
2809,298,17.15503666340021,Travel,2024-12-26
2810,67,75.72423980500757,Groceries,2024-11-02
2811,147,26.132029991956863,Dining,2025-01-08
2812,14,80.06964725078862,dining ,2025-01-25
2813,237,56.179565899957794,electronics,2024-10-09
2814,249,124.34679840139873,Travel,2024-10-26
2815,149,21.18553329660752,Travel,2024-09-03
2816,136,37.3483123683052,  Electronics,2024-06-14
2817,140,41.14442490694232,Groceries,2024-09-28
2818,169,35.36333264163257,groceries,2024-04-13
2819,24,199.13012527029315,electronics,2025-01-04
2820,283,40.14581948584527,Travel,2024-11-29
2821,81,149.52809738718327,Dining,2024-04-04
2822,213,32.71411910351427,dining ,2024-04-27
2823,12,21.937485361082864,dining ,2024-08-22
2824,136,,Dining,2024-06-17
2825,162,33.9513284194443,Dining,2024-02-09
2826,141,138.6819003120431,dining ,2024-11-25
2827,198,60.14420261721916,Groceries,2024-03-15
2828,137,109.23962835681293,electronics,2024-08-16
2829,121,85.95140248061495,Travel,2024-11-19
2830,15,124.81172584516068,dining ,2024-01-06
2831,269,55.57792098690097,Dining,2024-05-13
2832,168,69.27672704245506,electronics,2024-07-17
2833,286,110.23540973876462,electronics,2024-07-24
2834,54,133.88947430814827,groceries,2025-01-22
2835,73,59.21737574164084,Groceries,2024-10-20
2836,106,162.3807822947274,Dining,2024-08-10
2837,99,28.661579792427577,  Electronics,2024-06-17
2838,167,39.36100426913832,Groceries,2024-09-16
2839,60,116.9282687147075,electronics,2024-06-05
2840,186,-112.10191068440311,Travel,2024-11-13
2841,65,33.521000944733245,dining ,2024-08-03
2842,148,19.530160252631656,dining ,2024-06-27
2843,203,97.48759278065519,dining ,2024-03-18
2844,225,80.2897015297947,Dining,2024-01-17
2845,229,,groceries,2024-04-01
2846,241,154.0446779829582,  Electronics,2024-04-05
2847,290,37.06076859085496,Travel,2024-08-07
2848,152,33.997584348045436,groceries,2024-10-14
2849,156,106.23818722458437,  Electronics,2024-11-10
2850,48,92.38583879522992,groceries,2024-03-25
2851,122,81.86614528011913,Dining,2024-09-19
2852,204,51.65718650955605,Travel,2025-01-23
2853,284,26.51001851244927,dining ,2024-09-24
2854,104,39.13275366655877,Groceries,2024-10-04
2855,16,90.34651609526361,Dining,2024-02-08
2856,161,116.6898746422084,Travel,2025-01-23
2857,157,99.40870523977814,dining ,2024-07-09
2858,299,93.9902073163327,groceries,2024-02-08
2859,90,19.735400826603836,groceries,2024-07-24
2860,195,36.91761394811661,Groceries,2024-11-11
2861,219,15.21059058358591,electronics,2024-04-01
2862,180,32.34194936194712,Dining,2024-06-11
2863,98,68.08044586034063,groceries,2024-03-19
2864,229,29.053508048826046,  Electronics,2024-12-18
2865,39,147.5752618119923,Groceries,2024-01-24
2866,34,82.84697060930421,dining ,2024-03-07
2867,285,57.10189252001022,Groceries,2024-06-03
2868,105,87.53927292199315,Travel,2024-09-26
2869,288,107.86295956232833,dining ,2024-10-22
2870,146,144.3977214759023,Travel,2024-01-20
2871,279,54.63537340913689,electronics,2024-04-13
2872,137,12.609263947512485,electronics,2025-01-28
2873,49,104.1640999086631,  Electronics,2024-02-28
2874,250,26.813914950624593,Dining,2024-11-04
2875,97,167.08570723321913,dining ,2025-01-09
2876,276,282.0520829207479,Travel,2024-07-08
2877,114,128.83931320173798,Travel,2024-07-08
2878,242,14.008297500386156,Groceries,2024-03-14
2879,122,36.97700611369229,  Electronics,2024-04-19
2880,298,14.49775285852008,groceries,2024-07-10
2881,158,28.680483322934293,groceries,2024-05-15
2882,87,111.43435437900466,groceries,2024-09-22
2883,246,110.47857512082713,groceries,2024-12-10
2884,10,23.41417186729643,  Electronics,2024-01-06
2885,299,207.039012115461,dining ,2024-08-02
2886,202,,Dining,2024-02-02
2887,226,40.7210564394033,dining ,2025-01-08
2888,106,60.14090648851655,Travel,2024-08-23
2889,229,27.311814031324793,Travel,2024-12-14
2890,236,29.543138276084182,groceries,2024-08-12
2891,141,-280.04795319750895,electronics,2024-03-23
2892,107,17.634027552030084,  Electronics,2024-05-11
2893,90,29.086228638225442,dining ,2025-01-31
2894,250,53.25661893173857,electronics,2024-02-28
2895,291,70.00479291345806,dining ,2024-07-14
2896,264,,Dining,2024-01-15
2897,118,86.90963477937713,dining ,2024-12-11
2898,156,191.53469219257062,Travel,2024-09-03
2899,289,73.34940585229192,Travel,2024-05-26
2900,296,170.3087591210452,groceries,2024-11-24
2901,223,28.249785693451113,electronics,2024-08-27
2902,188,85.06355327975491,groceries,2024-07-23
2903,99,92.54315008591936,Travel,2024-10-12
2904,153,36.503065117648156,Travel,2024-02-08
2905,62,88.61133705099526,Groceries,2024-08-07
2906,216,137.27748932675343,  Electronics,2024-06-23
2907,216,73.16252503032408,Dining,2024-05-10
2908,167,86.8584924167676,Travel,2024-04-25
2909,200,126.85556406858909,  Electronics,2024-07-31
2910,103,125.21858308589026,  Electronics,2024-02-01
2911,173,63.1234154866214,dining ,2024-08-13
2912,81,64.0730508879465,Groceries,2024-06-14
2913,162,9.734891869751204,groceries,2024-07-03
2914,279,68.66311760712209,dining ,2024-02-02
2915,83,67.79660673602636,Groceries,2024-06-15
2916,46,151.87422192569196,Travel,2024-09-21
2917,274,46.3324068792555,dining ,2024-02-04
2918,16,54.86397933453383,Dining,2025-01-04
2919,153,37.54445685272565,dining ,2024-09-29
2920,265,51.08711311566002,dining ,2024-12-17
2921,274,46.50864274208118,groceries,2024-05-24
2922,251,92.34197646062258,  Electronics,2024-03-13
2923,241,26.177025929576505,Travel,2024-08-28
2924,100,94.35667199520506,groceries,2024-10-15
2925,224,14.435037547560128,Groceries,2024-12-20
2926,222,23.517830128070422,groceries,2024-12-23
2927,50,24.785060351483747,Travel,2024-03-08
2928,47,32.09136996689037,Travel,2024-06-05
2929,43,137.07880370858697,dining ,2024-03-17
2930,53,33.52247935357232,  Electronics,2024-08-17
2931,110,41.755398235160555,electronics,2024-08-04
2932,261,195.25508588021984,dining ,2024-05-01
2933,285,55.36494020119225,Travel,2024-09-09
2934,115,120.5112719201489,  Electronics,2025-01-30
2935,39,121.36874411635647,groceries,2024-02-22
2936,120,131.45114050283095,Travel,2024-07-08
2937,18,25.851823270279418,dining ,2024-08-20
2938,65,61.84771874504976,dining ,2024-06-17
2939,60,23.827105084987295,Travel,2024-09-20
2940,108,53.808228298441364,groceries,2024-09-20
2941,76,69.31800643399396,electronics,2024-06-26
2942,215,67.58979309119502,  Electronics,2024-10-06
2943,177,98.38455693401413,Dining,2024-12-13
2944,252,12.726604827231476,electronics,2024-10-23
2945,37,170.16953690012645,dining ,2025-01-06
2946,108,7.645866402326137,electronics,2025-01-14
2947,228,38.515542393833876,  Electronics,2025-01-26
2948,190,20.134853097567035,Dining,2024-06-29
2949,175,21.875834916048326,  Electronics,2024-09-11
2950,62,12.872673165499034,Dining,2025-01-05
2951,180,52.513148149379944,Groceries,2024-07-02
2952,110,72.17922864651223,Dining,2024-11-11
2953,247,110.98108095368298,  Electronics,2024-03-21
2954,224,88.39487337797685,dining ,2024-06-07
2955,102,59.16774503041668,  Electronics,2024-10-11
2956,115,,groceries,2024-08-09
2957,284,5.916161838107446,Dining,2024-06-06
2958,108,128.90877211503837,Groceries,2024-08-17
2959,138,62.14179983080263,electronics,2024-04-03
2960,84,103.08150786141479,electronics,2024-12-07
2961,197,75.1359256717362,Travel,2024-08-30
2962,181,139.55838943549938,Groceries,2024-08-27
2963,236,47.37321008231675,electronics,2024-05-23
2964,6,194.31193727287106,Travel,2024-11-17
2965,112,95.13262719570122,Travel,2024-11-14
2966,130,,dining ,2024-01-07
2967,247,73.11299711802559,Dining,2024-09-23
2968,72,32.885706433564366,Travel,2024-10-23
2969,13,153.70193698100974,groceries,2024-03-12
2970,154,133.07490806661417,electronics,2024-11-25
2971,160,37.11182426601907,dining ,2024-01-22
2972,265,76.19575487014227,dining ,2024-09-02
2973,157,33.57737811334531,Travel,2025-01-05
2974,227,70.6072689852343,groceries,2024-02-23
2975,27,232.65777470863483,Groceries,2024-03-19
2976,103,197.09823256813638,Groceries,2024-10-08
2977,171,51.97209416474412,electronics,2024-05-15
2978,177,135.15009220868313,electronics,2024-12-31
2979,294,133.36609640706084,Dining,2024-05-11
2980,225,1.9663053979616198,Travel,2024-02-21
2981,207,-36.97657502669978,electronics,2024-01-09
2982,231,64.85220622078607,electronics,2024-08-25
2983,96,50.778879374307365,electronics,2024-11-26
2984,148,207.56369577069793,Groceries,2024-09-23
2985,181,135.22783608436265,electronics,2024-05-16
2986,174,27.221672084604016,dining ,2024-10-20
2987,234,167.26462903004304,electronics,2025-02-03
2988,163,80.98601852624371,dining ,2024-05-06
2989,226,75.77217554987946,dining ,2024-04-25
2990,154,89.22270541892347,Dining,2024-01-29
2991,224,52.985668260577924,groceries,2024-03-14
2992,221,46.84539865490716,electronics,2024-01-10
2993,241,40.99500467731319,  Electronics,2025-01-17
2994,270,157.5719136983923,Groceries,2024-12-07
2995,121,76.33508885509872,Dining,2024-11-10
2996,12,112.4562964300432,  Electronics,2024-03-24
2997,224,19.37815583039239,Groceries,2024-09-18
2998,265,58.480788403623826,groceries,2024-01-09
2999,147,25.788958887644352,  Electronics,2024-01-25
2899,289,73.34940585229192,Travel,2024-05-26
2670,39,133.16815901325256,Groceries,2024-11-09
2774,191,45.543876228105844,Dining,2024-07-05
1699,96,39.00119704866835,groceries,2024-05-16
1933,131,126.29599480081521,groceries,2025-01-11
1368,170,69.34552493094779,Dining,2024-07-28
1317,88,,dining ,2024-10-09
2427,149,117.16936016637918,Travel,2024-08-17
1559,249,88.90792094362132,dining ,2025-01-16
1266,106,20.034337689665357,groceries,2024-10-03
2257,130,16.071061985133205,Dining,2024-05-20
602,235,32.14876812185954,Travel,2024-08-11
2261,117,26.478850035170204,electronics,2024-09-26
1832,205,72.47628802136434,Travel,2025-01-04
347,297,40.914645575554715,groceries,2025-01-15
1406,226,104.69933442526816,  Electronics,2024-10-17
2431,139,123.58983209406688,Groceries,2025-01-11
194,4,81.73450145633508,Dining,2024-02-07
791,72,18.361842278398207,electronics,2024-03-10
1858,286,50.51304527946777,Groceries,2024-01-15
795,175,56.15542523913519,Groceries,2024-08-09
2771,168,185.6284737352413,dining ,2024-01-19
47,20,62.54127426090223,  Electronics,2025-01-10
170,181,152.37799105642114,  Electronics,2024-02-02
2533,276,77.46087996847776,electronics,2024-04-05
1474,280,57.603065571706544,  Electronics,2024-11-30
1316,220,137.82807445134287,electronics,2024-12-27
2523,193,47.823473840533204,electronics,2024-08-13
1270,266,90.22047430977736,Travel,2024-05-14
2769,140,110.49977235827458,Travel,2024-06-25
2989,226,75.77217554987946,dining ,2024-04-25
890,187,56.79712270692211,Groceries,2024-08-27
1388,224,10.430960175724099,dining ,2024-04-09
463,109,126.25248643690533,  Electronics,2025-01-29
1762,206,191.86266443032332,Groceries,2024-05-03
2404,276,245.03675423146575,  Electronics,2024-10-29
1352,186,38.320142870408475,dining ,2024-11-13
1059,31,46.906848662456724,Dining,2024-02-18
1831,235,35.44937427185365,dining ,2024-11-02
1128,290,7.806643812192146,dining ,2024-03-27
278,120,26.589693665418764,groceries,2024-08-17
1583,111,27.70690674568707,electronics,2024-01-17
0,201,192.5850059221596,Dining,2024-10-20
331,157,11.876738477368162,electronics,2024-02-11
2936,120,131.45114050283095,Travel,2024-07-08
413,65,93.53978273774703,Groceries,2024-01-29
1190,267,76.05580875658531,  Electronics,2024-06-05
2805,299,117.54487179907274,Dining,2024-02-01
2282,193,149.17138137146856,  Electronics,2025-01-16
720,239,35.37709736566149,dining ,2024-07-22
